ISO-10303-21;
HEADER;
FILE_DESCRIPTION (( 'STEP AP214' ),
    '1' );
FILE_NAME ('Coilcraft-XAL1580-741.STEP',
    '2019-01-10T08:39:57',
    ( '' ),
    ( '' ),
    'SwSTEP 2.0',
    'SolidWorks 2018',
    '' );
FILE_SCHEMA (( 'AUTOMOTIVE_DESIGN' ));
ENDSEC;

DATA;
#1 = EDGE_CURVE ( 'NONE', #2419, #2859, #1303, .T. ) ;
#2 = ORIENTED_EDGE ( 'NONE', *, *, #1703, .F. ) ;
#3 = FILL_AREA_STYLE_COLOUR ( '', #1412 ) ;
#4 = CARTESIAN_POINT ( 'NONE',  ( -6.388449604905978241, 8.099000000000000199, 6.795352941474994246 ) ) ;
#5 = CARTESIAN_POINT ( 'NONE',  ( 2.775134707501263787, 8.099999999999997868, 1.013340985774573655 ) ) ;
#6 = ORIENTED_EDGE ( 'NONE', *, *, #2272, .F. ) ;
#7 = FACE_OUTER_BOUND ( 'NONE', #2311, .T. ) ;
#8 = ORIENTED_EDGE ( 'NONE', *, *, #1955, .T. ) ;
#9 = CARTESIAN_POINT ( 'NONE',  ( 5.454741460268525799, 8.099000000000000199, -0.6221381465137671984 ) ) ;
#10 = CARTESIAN_POINT ( 'NONE',  ( 2.880063151444995029, 8.099999999999999645, 8.200000000000001066 ) ) ;
#11 = FACE_OUTER_BOUND ( 'NONE', #287, .T. ) ;
#12 = VERTEX_POINT ( 'NONE', #1545 ) ;
#13 = EDGE_CURVE ( 'NONE', #212, #1827, #479, .T. ) ;
#14 = B_SPLINE_CURVE_WITH_KNOTS ( 'NONE', 3,
 ( #2232, #208, #729, #2718 ),
 .UNSPECIFIED., .F., .F.,
 ( 4, 4 ),
 ( 0.0000000000000000000, 0.001219876493884871314 ),
 .UNSPECIFIED. ) ;
#15 = EDGE_LOOP ( 'NONE', ( #411, #3218, #684, #1579 ) ) ;
#16 = CARTESIAN_POINT ( 'NONE',  ( 7.700000000000003730, 8.099999999999999645, -3.225079322984354846 ) ) ;
#17 = MECHANICAL_DESIGN_GEOMETRIC_PRESENTATION_REPRESENTATION (  '', ( #2049 ), #700 ) ;
#18 = DIRECTION ( 'NONE',  ( -1.000000000000000000, -0.0000000000000000000, 0.0000000000000000000 ) ) ;
#19 = CARTESIAN_POINT ( 'NONE',  ( 2.528827004642662857, 8.099999999999992539, 2.925820368108616343 ) ) ;
#20 = CARTESIAN_POINT ( 'NONE',  ( 2.700145872033230532, 8.099499999999999034, 1.010214794662704030 ) ) ;
#21 = EDGE_CURVE ( 'NONE', #3098, #2192, #1556, .T. ) ;
#22 =( LENGTH_UNIT ( ) NAMED_UNIT ( * ) SI_UNIT ( .MILLI., .METRE. ) );
#23 = CARTESIAN_POINT ( 'NONE',  ( 0.7283644151762116437, 8.099000000000000199, 1.164429399507319385 ) ) ;
#24 = CARTESIAN_POINT ( 'NONE',  ( 4.821012209764464984, 8.099999999999992539, 0.5790602083643165976 ) ) ;
#25 = EDGE_CURVE ( 'NONE', #1401, #2837, #638, .T. ) ;
#26 = CARTESIAN_POINT ( 'NONE',  ( 2.526999725465637336, 8.099999999999999645, -2.977833125840810613 ) ) ;
#27 = LINE ( 'NONE', #2000, #2677 ) ;
#28 = FACE_BOUND ( 'NONE', #561, .T. ) ;
#29 = CARTESIAN_POINT ( 'NONE',  ( 5.240421146275320297, 8.099000000000518895, -2.113014822078770116 ) ) ;
#30 = CARTESIAN_POINT ( 'NONE',  ( 5.513577931645527563, 8.099999999999987210, 2.567971086501501077 ) ) ;
#31 = LINE ( 'NONE', #297, #2322 ) ;
#32 = EDGE_LOOP ( 'NONE', ( #2304, #2953 ) ) ;
#33 =( GEOMETRIC_REPRESENTATION_CONTEXT ( 3 ) GLOBAL_UNCERTAINTY_ASSIGNED_CONTEXT ( ( #1149 ) ) GLOBAL_UNIT_ASSIGNED_CONTEXT ( ( #939, #1182, #2935 ) ) REPRESENTATION_CONTEXT ( 'NONE', 'WORKASPACE' ) );
#34 = B_SPLINE_CURVE_WITH_KNOTS ( 'NONE', 3,
 ( #2293, #1295, #2032, #768, #2307, #1541, #3042, #1778, #2556, #787, #1050 ),
 .UNSPECIFIED., .F., .F.,
 ( 4, 1, 1, 1, 1, 1, 1, 1, 4 ),
 ( 0.0000000000000000000, 2.428114629730797105E-05, 4.511729910590159503E-05, 6.402206834771361540E-05, 8.557125698325640918E-05, 0.0001103994325673218849, 0.0001411410247756480411, 0.0001794609725934195312, 0.0002279639584784324722 ),
 .UNSPECIFIED. ) ;
#35 = CARTESIAN_POINT ( 'NONE',  ( 5.462382441957311485, 8.099000000000271982, 2.172406969008346955 ) ) ;
#36 = LINE ( 'NONE', #989, #1753 ) ;
#37 = ORIENTED_EDGE ( 'NONE', *, *, #1765, .T. ) ;
#38 = CARTESIAN_POINT ( 'NONE',  ( -6.799999999999998934, -0.1000000000000000056, 6.250000000000000000 ) ) ;
#39 = VERTEX_POINT ( 'NONE', #2794 ) ;
#40 = CARTESIAN_POINT ( 'NONE',  ( 1.376573076593529121, 8.099499999999999034, -0.04860091545332358154 ) ) ;
#41 = ADVANCED_FACE ( 'NONE', ( #1589 ), #499, .F. ) ;
#42 = EDGE_LOOP ( 'NONE', ( #1713, #1321, #295, #1824 ) ) ;
#43 = B_SPLINE_SURFACE_WITH_KNOTS ( 'NONE', 3, 1, ( 
 ( #3095, #584 ),
 ( #1101, #102 ),
 ( #1614, #77 ),
 ( #110, #390 ),
 ( #2147, #380 ),
 ( #1649, #642 ),
 ( #3142, #2136 ),
 ( #1892, #1883 ),
 ( #125, #1403 ),
 ( #627, #2395 ),
 ( #893, #2642 ) ),
 .UNSPECIFIED., .F., .F., .F.,
 ( 4, 1, 1, 1, 1, 1, 1, 1, 4 ),
 ( 2, 2 ),
 ( 0.0000000000000000000, 0.1623825819192716291, 0.2805052106216313068, 0.3680410640314729642, 0.4475619555711822239, 0.5368224497536907558, 0.6567273215643305573, 0.8094112189904386634, 1.000000000000000000 ),
 ( 0.0000000000000000000, 1.000000000000000000 ),
 .UNSPECIFIED. ) ;
#44 = DIRECTION ( 'NONE',  ( 1.000000000000000000, 0.0000000000000000000, 0.0000000000000000000 ) ) ;
#45 = VERTEX_POINT ( 'NONE', #315 ) ;
#46 = CARTESIAN_POINT ( 'NONE',  ( 5.218298445562640886, 8.099500000000006139, -3.760695131807885616 ) ) ;
#47 = CARTESIAN_POINT ( 'NONE',  ( 5.218949112569363002, 8.098999999999998423, -3.766498627886657680 ) ) ;
#48 = B_SPLINE_SURFACE_WITH_KNOTS ( 'NONE', 3, 1, ( 
 ( #2170, #2942 ),
 ( #2959, #671 ),
 ( #427, #1923 ),
 ( #3226, #705 ) ),
 .UNSPECIFIED., .F., .F., .F.,
 ( 4, 4 ),
 ( 2, 2 ),
 ( 0.3636363636363636465, 0.4545454545454545858 ),
 ( 0.0000000000000000000, 1.000000000000000000 ),
 .UNSPECIFIED. ) ;
#49 = ORIENTED_EDGE ( 'NONE', *, *, #990, .F. ) ;
#50 = CARTESIAN_POINT ( 'NONE',  ( 0.7283644151762115326, 8.100000000000001421, 1.164429399507319385 ) ) ;
#51 = EDGE_CURVE ( 'NONE', #934, #2452, #2441, .T. ) ;
#52 = CARTESIAN_POINT ( 'NONE',  ( 5.527121974974407159, 8.099000000000000199, 2.407503397603881101 ) ) ;
#53 = CARTESIAN_POINT ( 'NONE',  ( 7.700000000000003730, 8.099999999999999645, -2.783902852396120231 ) ) ;
#54 = VERTEX_POINT ( 'NONE', #2326 ) ;
#55 = ORIENTED_EDGE ( 'NONE', *, *, #1926, .T. ) ;
#56 = CARTESIAN_POINT ( 'NONE',  ( 2.553648418840090528, 8.099000000000000199, -2.824966230416924517 ) ) ;
#57 = B_SPLINE_CURVE_WITH_KNOTS ( 'NONE', 3,
 ( #2990, #2503, #227, #1234 ),
 .UNSPECIFIED., .F., .F.,
 ( 4, 4 ),
 ( 0.0000000000000000000, 0.002385133450253323992 ),
 .UNSPECIFIED. ) ;
#58 =( GEOMETRIC_REPRESENTATION_CONTEXT ( 3 ) GLOBAL_UNCERTAINTY_ASSIGNED_CONTEXT ( ( #1538 ) ) GLOBAL_UNIT_ASSIGNED_CONTEXT ( ( #22, #1058, #2813 ) ) REPRESENTATION_CONTEXT ( 'NONE', 'WORKASPACE' ) );
#59 = CARTESIAN_POINT ( 'NONE',  ( 2.586704316400999293, 8.099000000000019739, 1.024173230315142069 ) ) ;
#60 = CARTESIAN_POINT ( 'NONE',  ( 4.517414010138523395, 8.100000000000001421, 0.6479542037590132475 ) ) ;
#61 = PLANE ( 'NONE',  #1445 ) ;
#62 = CARTESIAN_POINT ( 'NONE',  ( 5.471956043627779209, 8.099999999999992539, -1.062063311439249924 ) ) ;
#63 = EDGE_CURVE ( 'NONE', #504, #2230, #1346, .T. ) ;
#64 = PLANE ( 'NONE',  #3023 ) ;
#65 = CARTESIAN_POINT ( 'NONE',  ( 2.776035338426523502, 8.099000000000389221, 2.990794803959417436 ) ) ;
#66 = CARTESIAN_POINT ( 'NONE',  ( 2.538537175594853590, 8.099999999999997868, -2.865629907696759293 ) ) ;
#67 = PRODUCT_DEFINITION ( 'UNKNOWN', '', #296, #1121 ) ;
#68 = LINE ( 'NONE', #1643, #2168 ) ;
#69 = CARTESIAN_POINT ( 'NONE',  ( 5.227264275142110783, 8.099000000000524224, -2.126667136036297201 ) ) ;
#70 = CARTESIAN_POINT ( 'NONE',  ( -5.913434642006757613, 8.099999999999999645, -6.795352941474990693 ) ) ;
#71 = CARTESIAN_POINT ( 'NONE',  ( -3.305447789548204174, 8.099000000000000199, -0.8183461910438468712 ) ) ;
#72 = ORIENTED_EDGE ( 'NONE', *, *, #2551, .T. ) ;
#73 = LINE ( 'NONE', #2048, #3278 ) ;
#74 = B_SPLINE_SURFACE_WITH_KNOTS ( 'NONE', 3, 1, ( 
 ( #549, #822 ),
 ( #2074, #2310 ),
 ( #1593, #2315 ),
 ( #570, #803 ),
 ( #2573, #2583 ),
 ( #2833, #60 ),
 ( #1396, #1358 ),
 ( #1133, #2905 ),
 ( #901, #887 ),
 ( #1118, #2362 ),
 ( #135, #2649 ) ),
 .UNSPECIFIED., .F., .F., .F.,
 ( 4, 1, 1, 1, 1, 1, 1, 1, 4 ),
 ( 2, 2 ),
 ( 0.0000000000000000000, 0.1557774680500861042, 0.2979734387244435401, 0.4244095976968802475, 0.5407583853312325495, 0.6522571560098494592, 0.7629156828326633111, 0.8753480719542994226, 1.000000000000000000 ),
 ( 0.0000000000000000000, 1.000000000000000000 ),
 .UNSPECIFIED. ) ;
#75 = ORIENTED_EDGE ( 'NONE', *, *, #159, .T. ) ;
#76 = CARTESIAN_POINT ( 'NONE',  ( 5.218298445562641774, 8.099999999999999645, -3.225079322984354846 ) ) ;
#77 = CARTESIAN_POINT ( 'NONE',  ( 3.339293780857700789, 8.099999999999999645, -2.181316855179228131 ) ) ;
#78 = STYLED_ITEM ( 'NONE', ( #2184 ), #2751 ) ;
#79 = CARTESIAN_POINT ( 'NONE',  ( 2.552194280735548215, 8.099000000000241783, -3.204032622821542553 ) ) ;
#80 = LINE ( 'NONE', #2793, #163 ) ;
#81 = CARTESIAN_POINT ( 'NONE',  ( 2.880063151444995029, 8.100000000000003197, 2.905894941721526958 ) ) ;
#82 = ORIENTED_EDGE ( 'NONE', *, *, #3101, .F. ) ;
#83 = CARTESIAN_POINT ( 'NONE',  ( 2.700145872033230532, 8.099499999999999034, 1.010214794662704030 ) ) ;
#84 = ORIENTED_EDGE ( 'NONE', *, *, #781, .T. ) ;
#85 = CARTESIAN_POINT ( 'NONE',  ( 2.527363751985781004, 8.099999999999997868, -0.7652963318971148787 ) ) ;
#86 = DIRECTION ( 'NONE',  ( -0.0000000000000000000, -1.000000000000000000, 0.0000000000000000000 ) ) ;
#87 = CARTESIAN_POINT ( 'NONE',  ( -3.305447789548204174, 8.099999999999999645, -0.8183461910438468712 ) ) ;
#88 = ORIENTED_EDGE ( 'NONE', *, *, #2965, .F. ) ;
#89 = ORIENTED_EDGE ( 'NONE', *, *, #1, .F. ) ;
#90 = CARTESIAN_POINT ( 'NONE',  ( 4.821239622033232308, 8.099999999999999645, 8.200000000000001066 ) ) ;
#91 = CARTESIAN_POINT ( 'NONE',  ( 2.529272604377409195, 8.099999999999999645, -2.912432544213367613 ) ) ;
#92 = FACE_OUTER_BOUND ( 'NONE', #1687, .T. ) ;
#93 = EDGE_CURVE ( 'NONE', #3281, #1282, #2554, .T. ) ;
#94 = CARTESIAN_POINT ( 'NONE',  ( 2.880063151444995029, 8.100000000000003197, 2.905894941721526958 ) ) ;
#95 = EDGE_LOOP ( 'NONE', ( #2689, #1904, #645, #1320 ) ) ;
#96 = CARTESIAN_POINT ( 'NONE',  ( 5.338991136717207375, 8.099000000000001975, -3.842281173390869942 ) ) ;
#97 = B_SPLINE_SURFACE_WITH_KNOTS ( 'NONE', 3, 1, ( 
 ( #2214, #2468 ),
 ( #967, #247 ),
 ( #2796, #2504 ),
 ( #992, #3254 ),
 ( #2291, #261 ),
 ( #2039, #1293 ),
 ( #514, #753 ),
 ( #2750, #1795 ),
 ( #3027, #1777 ),
 ( #3264, #1540 ),
 ( #538, #1003 ) ),
 .UNSPECIFIED., .F., .F., .F.,
 ( 4, 1, 1, 1, 1, 1, 1, 1, 4 ),
 ( 2, 2 ),
 ( 0.0000000000000000000, 0.2326675725068284295, 0.4242342007696377482, 0.5785584716958024343, 0.7021780214743298387, 0.7938504602880400718, 0.8683584406299220682, 0.9302766673945954690, 1.000000000000000000 ),
 ( 0.0000000000000000000, 1.000000000000000000 ),
 .UNSPECIFIED. ) ;
#98 = CARTESIAN_POINT ( 'NONE',  ( 2.656062583936775745, 8.099000000000017963, 1.010375499619985629 ) ) ;
#99 = CARTESIAN_POINT ( 'NONE',  ( 5.454741460268525799, 8.099999999999999645, -0.6221381465137674205 ) ) ;
#100 = CARTESIAN_POINT ( 'NONE',  ( 2.601004823496270379, 8.099000000000007304, -1.062384042093740266 ) ) ;
#101 = CARTESIAN_POINT ( 'NONE',  ( 3.127884724692047591, 8.099999999999994316, -2.081004697233793888 ) ) ;
#102 = CARTESIAN_POINT ( 'NONE',  ( 3.327859088574583790, 8.100000000000001421, -2.203649352237666115 ) ) ;
#103 = CARTESIAN_POINT ( 'NONE',  ( 2.528188313681721588, 8.099000000000241783, -3.071375468959330224 ) ) ;
#104 = CARTESIAN_POINT ( 'NONE',  ( 5.454741460268525799, 8.099999999999997868, -1.063314617102002702 ) ) ;
#105 = FILL_AREA_STYLE_COLOUR ( '', #3069 ) ;
#106 = CARTESIAN_POINT ( 'NONE',  ( 2.702213886739112780, 8.099999999999994316, 2.995508912309762461 ) ) ;
#107 = FILL_AREA_STYLE_COLOUR ( '', #2448 ) ;
#108 = CARTESIAN_POINT ( 'NONE',  ( 3.059851504703098080, 8.099999999999999645, -2.099531447967012632 ) ) ;
#109 = CARTESIAN_POINT ( 'NONE',  ( 2.579956291228327814, 8.099000000000000199, -0.4297288963308293352 ) ) ;
#110 = CARTESIAN_POINT ( 'NONE',  ( 3.349417405419583993, 8.099000000000001975, -2.150026688683345455 ) ) ;
#111 =( LENGTH_UNIT ( ) NAMED_UNIT ( * ) SI_UNIT ( .MILLI., .METRE. ) );
#112 = VECTOR ( 'NONE', #675, 1000.000000000000000 ) ;
#113 = ORIENTED_EDGE ( 'NONE', *, *, #414, .T. ) ;
#114 = DIRECTION ( 'NONE',  ( 0.0000000000000000000, 1.000000000000000000, 0.0000000000000000000 ) ) ;
#115 = EDGE_CURVE ( 'NONE', #1001, #1366, #2368, .T. ) ;
#116 = CARTESIAN_POINT ( 'NONE',  ( 5.523295018003805623, 8.099999999999999645, -0.9437940167502082423 ) ) ;
#117 = FACE_OUTER_BOUND ( 'NONE', #3138, .T. ) ;
#118 = B_SPLINE_SURFACE_WITH_KNOTS ( 'NONE', 3, 1, ( 
 ( #2760, #2980 ),
 ( #980, #1516 ),
 ( #3263, #751 ),
 ( #270, #2318 ),
 ( #2290, #806 ),
 ( #783, #2312 ),
 ( #2548, #3081 ),
 ( #2057, #2566 ),
 ( #1034, #795 ),
 ( #1821, #1309 ),
 ( #524, #3051 ) ),
 .UNSPECIFIED., .F., .F., .F.,
 ( 4, 1, 1, 1, 1, 1, 1, 1, 4 ),
 ( 2, 2 ),
 ( 0.0000000000000000000, 0.09462838133684856046, 0.1897682711639994690, 0.2838823640116757141, 0.3905083415756192000, 0.5120257557912242241, 0.6531754061914267773, 0.8152527015221242568, 1.000000000000000000 ),
 ( 0.0000000000000000000, 1.000000000000000000 ),
 .UNSPECIFIED. ) ;
#119 = CARTESIAN_POINT ( 'NONE',  ( 4.639946866496829969, 8.099000000000001975, 0.6570547808856463945 ) ) ;
#120 = VERTEX_POINT ( 'NONE', #1107 ) ;
#121 = CARTESIAN_POINT ( 'NONE',  ( 5.460577331757827224, 8.099999999999990763, -0.6223969411508578631 ) ) ;
#122 = CARTESIAN_POINT ( 'NONE',  ( -1.363987553327731694, 8.099000000000000199, 1.106863651475818999 ) ) ;
#123 = EDGE_LOOP ( 'NONE', ( #1170, #1914, #1057, #113 ) ) ;
#124 = CARTESIAN_POINT ( 'NONE',  ( 4.821239622033232308, 8.099000000000000199, -1.063314617102002702 ) ) ;
#125 = CARTESIAN_POINT ( 'NONE',  ( 3.243434994722650178, 8.098999999999998423, -2.078652607809492459 ) ) ;
#126 = ORIENTED_EDGE ( 'NONE', *, *, #2153, .F. ) ;
#127 = VECTOR ( 'NONE', #246, 1000.000000000000000 ) ;
#128 = CARTESIAN_POINT ( 'NONE',  ( 5.338991136717207375, 8.100000000000001421, -3.842281173390869942 ) ) ;
#129 = VERTEX_POINT ( 'NONE', #2858 ) ;
#130 = CARTESIAN_POINT ( 'NONE',  ( -0.2872918840364085957, 8.099000000000000199, -1.873356820965123237 ) ) ;
#131 = B_SPLINE_SURFACE_WITH_KNOTS ( 'NONE', 3, 1, ( 
 ( #1985, #1450 ),
 ( #1732, #214 ),
 ( #1469, #186 ),
 ( #936, #982 ),
 ( #2724, #1712 ),
 ( #947, #2981 ),
 ( #2949, #1496 ),
 ( #1972, #2705 ),
 ( #1724, #3240 ),
 ( #1463, #1201 ),
 ( #1950, #464 ) ),
 .UNSPECIFIED., .F., .F., .F.,
 ( 4, 1, 1, 1, 1, 1, 1, 1, 4 ),
 ( 2, 2 ),
 ( 0.0000000000000000000, 0.1065130929440549906, 0.1979141764647419643, 0.2808429401517464341, 0.3753718682304433285, 0.4842845917582480619, 0.6191374536470918288, 0.7872339723842715076, 1.000000000000000000 ),
 ( 0.0000000000000000000, 1.000000000000000000 ),
 .UNSPECIFIED. ) ;
#132 = DIRECTION ( 'NONE',  ( 0.0000000000000000000, 0.0000000000000000000, -1.000000000000000000 ) ) ;
#133 = EDGE_CURVE ( 'NONE', #681, #3281, #68, .T. ) ;
#134 = VECTOR ( 'NONE', #1016, 1000.000000000000000 ) ;
#135 = CARTESIAN_POINT ( 'NONE',  ( 4.410394033797937041, 8.099000000000000199, 0.6028158976038798800 ) ) ;
#136 = CARTESIAN_POINT ( 'NONE',  ( 3.321239622033230532, 8.099500000000160682, -2.216577484749061799 ) ) ;
#137 = EDGE_LOOP ( 'NONE', ( #894, #2215 ) ) ;
#138 = PLANE ( 'NONE',  #1720 ) ;
#139 = ADVANCED_FACE ( 'NONE', ( #433 ), #835, .F. ) ;
#140 = ORIENTED_EDGE ( 'NONE', *, *, #373, .F. ) ;
#141 = AXIS2_PLACEMENT_3D ( 'NONE', #654, #907, #2384 ) ;
#142 = CARTESIAN_POINT ( 'NONE',  ( 5.306899464651201548, 8.099000000000001975, -3.837396805271579225 ) ) ;
#143 = CARTESIAN_POINT ( 'NONE',  ( 1.376573076593529121, 8.099499999999999034, -0.04860091545332358154 ) ) ;
#144 = DIRECTION ( 'NONE',  ( 0.0000000000000000000, 1.000000000000000000, 0.0000000000000000000 ) ) ;
#145 = DIRECTION ( 'NONE',  ( 0.0000000000000000000, 0.0000000000000000000, 1.000000000000000000 ) ) ;
#146 = DIRECTION ( 'NONE',  ( -1.000000000000000000, 0.0000000000000000000, 0.0000000000000000000 ) ) ;
#147 = CARTESIAN_POINT ( 'NONE',  ( 5.411878705693394132, 8.099999999999992539, -2.079405616702726611 ) ) ;
#148 = CARTESIAN_POINT ( 'NONE',  ( 2.617684166821778291, 8.099999999999997868, 1.015942972702067015 ) ) ;
#149 = SURFACE_STYLE_FILL_AREA ( #1882 ) ;
#150 = ADVANCED_FACE ( 'NONE', ( #316 ), #2694, .T. ) ;
#151 = PLANE ( 'NONE',  #2472 ) ;
#152 = CARTESIAN_POINT ( 'NONE',  ( 3.351185377075195593, 8.099999999999994316, -2.123797547469498781 ) ) ;
#153 = VECTOR ( 'NONE', #1586, 1000.000000000000000 ) ;
#154 = EDGE_CURVE ( 'NONE', #769, #1288, #2917, .T. ) ;
#155 = VECTOR ( 'NONE', #2759, 1000.000000000000000 ) ;
#156 = ORIENTED_EDGE ( 'NONE', *, *, #1675, .F. ) ;
#157 = CARTESIAN_POINT ( 'NONE',  ( 4.819692301689698866, 8.099000000000003752, -1.422945868387192947 ) ) ;
#158 = VERTEX_POINT ( 'NONE', #122 ) ;
#159 = EDGE_CURVE ( 'NONE', #129, #300, #1519, .T. ) ;
#160 = UNCERTAINTY_MEASURE_WITH_UNIT (LENGTH_MEASURE( 1.000000000000000082E-05 ), #2595, 'distance_accuracy_value', 'NONE');
#161 = CARTESIAN_POINT ( 'NONE',  ( 5.527121974974407159, 8.099500000000134037, 2.407503397603881101 ) ) ;
#162 = CARTESIAN_POINT ( 'NONE',  ( 2.527121974974407603, 8.099000000000000199, 2.905894941721526958 ) ) ;
#163 = VECTOR ( 'NONE', #2529, 1000.000000000000000 ) ;
#164 = ORIENTED_EDGE ( 'NONE', *, *, #2658, .F. ) ;
#165 = ADVANCED_FACE ( 'NONE', ( #1274 ), #1085, .F. ) ;
#166 = DIRECTION ( 'NONE',  ( -1.000000000000000000, 0.0000000000000000000, 0.0000000000000000000 ) ) ;
#167 = CARTESIAN_POINT ( 'NONE',  ( 3.195780063209701094, 8.099500000000261934, -2.078020499454944048 ) ) ;
#168 = EDGE_LOOP ( 'NONE', ( #2964, #1973, #891, #1476 ) ) ;
#169 = CARTESIAN_POINT ( 'NONE',  ( 1.418470714388810006, 8.100000000000001421, 1.256952234152984182 ) ) ;
#170 = VERTEX_POINT ( 'NONE', #3182 ) ;
#171 = CARTESIAN_POINT ( 'NONE',  ( 5.508328619008906912, 8.099999999999994316, -2.116899853374576868 ) ) ;
#172 = CARTESIAN_POINT ( 'NONE',  ( 2.528625001114389814, 8.099999999999999645, 1.102884072275896798 ) ) ;
#173 = B_SPLINE_SURFACE_WITH_KNOTS ( 'NONE', 3, 1, ( 
 ( #241, #774 ),
 ( #2324, #3064 ),
 ( #328, #1839 ),
 ( #1307, #579 ),
 ( #1328, #3058 ),
 ( #1847, #1577 ),
 ( #2339, #2053 ),
 ( #542, #2809 ),
 ( #2042, #3077 ),
 ( #1607, #834 ),
 ( #52, #306 ) ),
 .UNSPECIFIED., .F., .F., .F.,
 ( 4, 1, 1, 1, 1, 1, 1, 1, 4 ),
 ( 2, 2 ),
 ( 0.0000000000000000000, 0.09982008722873812745, 0.1921285706831040996, 0.2809850402416279036, 0.3786123504849238097, 0.4934739877305063804, 0.6318661226830585287, 0.7989042764175123823, 1.000000000000000000 ),
 ( 0.0000000000000000000, 1.000000000000000000 ),
 .UNSPECIFIED. ) ;
#174 = CARTESIAN_POINT ( 'NONE',  ( 5.499863649576707481, 8.099000000000003752, -0.6455746621846005784 ) ) ;
#175 = EDGE_CURVE ( 'NONE', #1979, #763, #1767, .T. ) ;
#176 = EDGE_LOOP ( 'NONE', ( #535, #480 ) ) ;
#177 = CARTESIAN_POINT ( 'NONE',  ( 2.872480430856760414, 8.099000000000000199, -0.6221381465137671984 ) ) ;
#178 = CARTESIAN_POINT ( 'NONE',  ( 5.519314015978189047, 8.099000000000001975, -2.131148989297656726 ) ) ;
#179 = EDGE_LOOP ( 'NONE', ( #1730, #88, #1442 ) ) ;
#180 = B_SPLINE_SURFACE_WITH_KNOTS ( 'NONE', 3, 1, ( 
 ( #935, #1187 ),
 ( #2169, #194 ),
 ( #683, #1957 ),
 ( #1710, #1212 ),
 ( #3193, #453 ),
 ( #2684, #1948 ),
 ( #157, #1702 ),
 ( #1221, #2947 ),
 ( #2941, #964 ) ),
 .UNSPECIFIED., .F., .F., .F.,
 ( 4, 1, 1, 1, 1, 1, 4 ),
 ( 2, 2 ),
 ( 0.0000000000000000000, 0.3261094352689621334, 0.5902673353079881391, 0.7007462775022461621, 0.8023028094672856048, 0.8977248987055664875, 1.000000000000000000 ),
 ( 0.0000000000000000000, 1.000000000000000000 ),
 .UNSPECIFIED. ) ;
#181 = CARTESIAN_POINT ( 'NONE',  ( 5.459862398869212541, 8.099000000000316390, 2.616456494423858636 ) ) ;
#182 = CARTESIAN_POINT ( 'NONE',  ( -2.327713537579698233, 8.099999999999999645, 1.565495541239610544 ) ) ;
#183 =( GEOMETRIC_REPRESENTATION_CONTEXT ( 3 ) GLOBAL_UNCERTAINTY_ASSIGNED_CONTEXT ( ( #861 ) ) GLOBAL_UNIT_ASSIGNED_CONTEXT ( ( #661, #2927, #923 ) ) REPRESENTATION_CONTEXT ( 'NONE', 'WORKASPACE' ) );
#184 = ADVANCED_FACE ( 'NONE', ( #2522 ), #2651, .T. ) ;
#185 = CARTESIAN_POINT ( 'NONE',  ( 5.492742851701676088, 8.100000000000001421, -3.817856300661557789 ) ) ;
#186 = CARTESIAN_POINT ( 'NONE',  ( 4.821012209764464984, 8.099999999999999645, 0.5790602083643165976 ) ) ;
#187 = CARTESIAN_POINT ( 'NONE',  ( 2.531605295587074700, 8.099999999999994316, -0.8810345202589418001 ) ) ;
#188 = CARTESIAN_POINT ( 'NONE',  ( 5.460634373125500041, 8.098999999999998423, -1.062886268934977396 ) ) ;
#189 = STYLED_ITEM ( 'NONE', ( #2703 ), #2476 ) ;
#190 = DIRECTION ( 'NONE',  ( 0.0000000000000000000, -0.0000000000000000000, -1.000000000000000000 ) ) ;
#191 =( NAMED_UNIT ( * ) PLANE_ANGLE_UNIT ( ) SI_UNIT ( $, .RADIAN. ) );
#192 = FACE_OUTER_BOUND ( 'NONE', #1051, .T. ) ;
#193 = VECTOR ( 'NONE', #334, 1000.000000000000000 ) ;
#194 = CARTESIAN_POINT ( 'NONE',  ( 4.688367714085698523, 8.099999999999997868, -1.490785961285773897 ) ) ;
#195 = EDGE_CURVE ( 'NONE', #1020, #3126, #1067, .T. ) ;
#196 = CARTESIAN_POINT ( 'NONE',  ( 5.499740248487296590, 8.099999999999992539, 2.209645495282464900 ) ) ;
#197 = LINE ( 'NONE', #2023, #1786 ) ;
#198 = CARTESIAN_POINT ( 'NONE',  ( 5.460577331757827224, 8.099000000000000199, -0.6223969411508578631 ) ) ;
#199 = EDGE_LOOP ( 'NONE', ( #327, #140, #2729 ) ) ;
#200 = ADVANCED_FACE ( 'NONE', ( #592 ), #522, .T. ) ;
#201 = CARTESIAN_POINT ( 'NONE',  ( 2.586438060217869594, 8.099999999999996092, -1.060381676289658293 ) ) ;
#202 = CARTESIAN_POINT ( 'NONE',  ( 5.279846964207174587, 8.099999999999994316, -2.091737445211156565 ) ) ;
#203 = FACE_OUTER_BOUND ( 'NONE', #1332, .T. ) ;
#204 = VERTEX_POINT ( 'NONE', #625 ) ;
#205 = EDGE_CURVE ( 'NONE', #39, #674, #519, .T. ) ;
#206 = VECTOR ( 'NONE', #2316, 1000.000000000000000 ) ;
#207 = CARTESIAN_POINT ( 'NONE',  ( 5.526018709164537412, 8.099999999999996092, -3.774597961316592087 ) ) ;
#208 = CARTESIAN_POINT ( 'NONE',  ( -3.198548576949789002, 8.100000000000003197, -1.189930049311564098 ) ) ;
#209 = ORIENTED_EDGE ( 'NONE', *, *, #1813, .T. ) ;
#210 = UNCERTAINTY_MEASURE_WITH_UNIT (LENGTH_MEASURE( 1.000000000000000082E-05 ), #111, 'distance_accuracy_value', 'NONE');
#211 = CARTESIAN_POINT ( 'NONE',  ( 5.526752093791147402, 8.099999999999999645, -3.763523275981501381 ) ) ;
#212 = VERTEX_POINT ( 'NONE', #219 ) ;
#213 = B_SPLINE_CURVE_WITH_KNOTS ( 'NONE', 3,
 ( #634, #1408, #1959, #2475, #721, #3228, #174, #2738, #1237, #198, #1937 ),
 .UNSPECIFIED., .F., .F.,
 ( 4, 1, 1, 1, 1, 1, 1, 1, 4 ),
 ( 0.0000000000000000000, 5.801794602625914431E-05, 0.0001057869676360837473, 0.0001442692413997524931, 0.0001750949911575128495, 0.0001979544147973640413, 0.0002165337120128108612, 0.0002319736304327662765, 0.0002493598287082159234 ),
 .UNSPECIFIED. ) ;
#214 = CARTESIAN_POINT ( 'NONE',  ( 4.821160054968930631, 8.099999999999999645, 0.5640298881224070637 ) ) ;
#215 = VECTOR ( 'NONE', #1866, 1000.000000000000000 ) ;
#216 = CARTESIAN_POINT ( 'NONE',  ( 5.257782445812909877, 8.099999999999994316, -3.821911677558024412 ) ) ;
#217 = CARTESIAN_POINT ( 'NONE',  ( -7.700000000000001954, 0.0000000000000000000, -8.199999999999997513 ) ) ;
#218 = ORIENTED_EDGE ( 'NONE', *, *, #1024, .T. ) ;
#219 = CARTESIAN_POINT ( 'NONE',  ( 2.872480430856760414, 8.099000000000000199, -0.6221381465137671984 ) ) ;
#220 = CARTESIAN_POINT ( 'NONE',  ( 7.700000000000003730, 8.099999999999999645, -6.795352941474990693 ) ) ;
#221 = FACE_OUTER_BOUND ( 'NONE', #572, .T. ) ;
#222 =( NAMED_UNIT ( * ) SI_UNIT ( $, .STERADIAN. ) SOLID_ANGLE_UNIT ( ) );
#223 = CARTESIAN_POINT ( 'NONE',  ( -1.356103301359216529, 8.099999999999999645, 1.830682155412830303 ) ) ;
#224 = ORIENTED_EDGE ( 'NONE', *, *, #475, .T. ) ;
#225 = ADVANCED_FACE ( 'NONE', ( #2248 ), #488, .T. ) ;
#226 = EDGE_LOOP ( 'NONE', ( #930, #1801, #262 ) ) ;
#227 = CARTESIAN_POINT ( 'NONE',  ( -2.132032828918280387, 8.099999999999999645, 0.7947731002947260315 ) ) ;
#228 = CARTESIAN_POINT ( 'NONE',  ( 2.527815571442511011, 8.099999999999992539, -0.8138289069925794816 ) ) ;
#229 = CARTESIAN_POINT ( 'NONE',  ( 5.240421146275321185, 8.099999999999994316, -2.113014822078770560 ) ) ;
#230 = CARTESIAN_POINT ( 'NONE',  ( 2.591919769092053905, 8.099000000000179611, -3.225079322984355290 ) ) ;
#231 = EDGE_CURVE ( 'NONE', #386, #2795, #3192, .T. ) ;
#232 = CARTESIAN_POINT ( 'NONE',  ( -1.469949758052150779, 8.099000000000000199, -1.527614301280077358 ) ) ;
#233 = CARTESIAN_POINT ( 'NONE',  ( -2.683080466713564594, 8.099000000000000199, -0.6490087894690590442 ) ) ;
#234 = B_SPLINE_CURVE_WITH_KNOTS ( 'NONE', 3,
 ( #994, #2494, #1379, #65, #1849, #1843, #1100, #603, #1347, #1364, #1872 ),
 .UNSPECIFIED., .F., .F.,
 ( 4, 1, 1, 1, 1, 1, 1, 1, 4 ),
 ( 0.0000000000000000000, 4.006984490802390105E-05, 7.552559559951532438E-05, 0.0001066800756042397895, 0.0001339942948454299365, 0.0001585125275896112163, 0.0001795117148521301910, 0.0002002021578055048748, 0.0002210989371504947420 ),
 .UNSPECIFIED. ) ;
#235 = PLANE ( 'NONE',  #1112 ) ;
#236 = CARTESIAN_POINT ( 'NONE',  ( 2.538506841512303325, 8.099999999999994316, -0.9369661171256454812 ) ) ;
#237 = CARTESIAN_POINT ( 'NONE',  ( 4.512704093138569128, 8.100000000000003197, -1.409445910089861087 ) ) ;
#238 = COLOUR_RGB ( '',0.8274509803921568096, 0.8392156862745098200, 0.8274509803921568096 ) ;
#239 = CARTESIAN_POINT ( 'NONE',  ( 5.435590273447201248, 8.099999999999990763, 2.609515177632068639 ) ) ;
#240 =( GEOMETRIC_REPRESENTATION_CONTEXT ( 3 ) GLOBAL_UNCERTAINTY_ASSIGNED_CONTEXT ( ( #1290 ) ) GLOBAL_UNIT_ASSIGNED_CONTEXT ( ( #2863, #2873, #1341 ) ) REPRESENTATION_CONTEXT ( 'NONE', 'WORKASPACE' ) );
#241 = CARTESIAN_POINT ( 'NONE',  ( 5.437508004386171656, 8.099000000000000199, 2.160720309368585834 ) ) ;
#242 = PLANE ( 'NONE',  #3014 ) ;
#243 = LINE ( 'NONE', #3215, #2808 ) ;
#244 = ORIENTED_EDGE ( 'NONE', *, *, #1831, .F. ) ;
#245 = EDGE_CURVE ( 'NONE', #3281, #1282, #2535, .T. ) ;
#246 = DIRECTION ( 'NONE',  ( -0.0000000000000000000, -1.000000000000000000, 0.0000000000000000000 ) ) ;
#247 = CARTESIAN_POINT ( 'NONE',  ( 5.526825941422427668, 8.099999999999994316, -0.8192857070953556420 ) ) ;
#248 = VECTOR ( 'NONE', #2059, 1000.000000000000000 ) ;
#249 = ORIENTED_EDGE ( 'NONE', *, *, #2987, .T. ) ;
#250 = CARTESIAN_POINT ( 'NONE',  ( 2.902479109934295920, 8.099999999999999645, 1.039972050497611766 ) ) ;
#251 = LINE ( 'NONE', #10, #2137 ) ;
#252 = CARTESIAN_POINT ( 'NONE',  ( 1.376573076593529121, 8.099000000000000199, -0.04860091545332359542 ) ) ;
#253 = ORIENTED_EDGE ( 'NONE', *, *, #25, .T. ) ;
#254 = STYLED_ITEM ( 'NONE', ( #3120 ), #1056 ) ;
#255 = CARTESIAN_POINT ( 'NONE',  ( -1.470371411595450262, 8.099000000000000199, -0.5909946162407191395 ) ) ;
#256 = DIRECTION ( 'NONE',  ( 0.0000000000000000000, 0.0000000000000000000, -1.000000000000000000 ) ) ;
#257 = ADVANCED_FACE ( 'NONE', ( #3114 ), #1726, .F. ) ;
#258 = ORIENTED_EDGE ( 'NONE', *, *, #2714, .F. ) ;
#259 = FACE_OUTER_BOUND ( 'NONE', #2822, .T. ) ;
#260 = CARTESIAN_POINT ( 'NONE',  ( 2.662607184688675854, 8.099999999999997868, 2.994764960851857616 ) ) ;
#261 = CARTESIAN_POINT ( 'NONE',  ( 5.517212275030979107, 8.099999999999996092, -0.6975711411058166389 ) ) ;
#262 = ORIENTED_EDGE ( 'NONE', *, *, #3134, .T. ) ;
#263 = VECTOR ( 'NONE', #956, 1000.000000000000000 ) ;
#264 = CARTESIAN_POINT ( 'NONE',  ( 2.713480168693667149, 8.100000000000001421, 1.010260229001081145 ) ) ;
#265 = ORIENTED_EDGE ( 'NONE', *, *, #1885, .T. ) ;
#266 = CARTESIAN_POINT ( 'NONE',  ( 5.513577931645527563, 8.099999999999990763, 2.567971086501501077 ) ) ;
#267 = CARTESIAN_POINT ( 'NONE',  ( 2.700145872033230532, 8.099499999999999034, 1.010214794662704030 ) ) ;
#268 = CARTESIAN_POINT ( 'NONE',  ( 5.239721047637053708, 8.099000000000010857, -3.810525333100452272 ) ) ;
#269 = ORIENTED_EDGE ( 'NONE', *, *, #1775, .F. ) ;
#270 = CARTESIAN_POINT ( 'NONE',  ( 4.521389176707057089, 8.099000000000000199, -1.439410400237137289 ) ) ;
#271 = CARTESIAN_POINT ( 'NONE',  ( -2.946573773800170493, 8.099000000000000199, -0.06833162411471437048 ) ) ;
#272 = CARTESIAN_POINT ( 'NONE',  ( 4.805763364158661233, 8.099999999999994316, 0.6179701113202938911 ) ) ;
#273 = PRESENTATION_LAYER_ASSIGNMENT (  '', '', ( #1349 ) ) ;
#274 = CARTESIAN_POINT ( 'NONE',  ( 2.527490718941495462, 8.099999999999996092, -2.942425467432927988 ) ) ;
#275 = CARTESIAN_POINT ( 'NONE',  ( 2.596376824436136932, 8.099999999999992539, 2.983367566017468331 ) ) ;
#276 = CARTESIAN_POINT ( 'NONE',  ( 4.821239622033232308, 8.099000000000000199, -1.063314617102002702 ) ) ;
#277 = CARTESIAN_POINT ( 'NONE',  ( 6.799999999999998934, -0.1000000000000000056, -6.250000000000001776 ) ) ;
#278 = PRODUCT_CONTEXT ( 'NONE', #2576, 'mechanical' ) ;
#279 = FACE_OUTER_BOUND ( 'NONE', #2135, .T. ) ;
#280 = PRESENTATION_LAYER_ASSIGNMENT (  '', '', ( #2755 ) ) ;
#281 = B_SPLINE_CURVE_WITH_KNOTS ( 'NONE', 3,
 ( #2979, #232, #489, #2244 ),
 .UNSPECIFIED., .F., .F.,
 ( 4, 4 ),
 ( 0.0000000000000000000, 0.001477988023428915016 ),
 .UNSPECIFIED. ) ;
#282 = DIRECTION ( 'NONE',  ( 0.0000000000000000000, -0.0000000000000000000, 1.000000000000000000 ) ) ;
#283 = LINE ( 'NONE', #1197, #2872 ) ;
#284 = CARTESIAN_POINT ( 'NONE',  ( 2.713480168693667149, 8.099000000000001975, 1.010260229001081145 ) ) ;
#285 = ORIENTED_EDGE ( 'NONE', *, *, #1184, .F. ) ;
#286 = PLANE ( 'NONE',  #2176 ) ;
#287 = EDGE_LOOP ( 'NONE', ( #1837, #435, #3045, #1865 ) ) ;
#288 = ORIENTED_EDGE ( 'NONE', *, *, #1568, .T. ) ;
#289 = CARTESIAN_POINT ( 'NONE',  ( 2.880063151444995029, 8.099999999999999645, 1.445187221133291899 ) ) ;
#290 =( NAMED_UNIT ( * ) PLANE_ANGLE_UNIT ( ) SI_UNIT ( $, .RADIAN. ) );
#291 = ORIENTED_EDGE ( 'NONE', *, *, #1148, .F. ) ;
#292 = CARTESIAN_POINT ( 'NONE',  ( -7.700000000000000178, 8.099999999999999645, 8.200000000000001066 ) ) ;
#293 = LINE ( 'NONE', #1002, #127 ) ;
#294 = EDGE_CURVE ( 'NONE', #2419, #2859, #2263, .T. ) ;
#295 = ORIENTED_EDGE ( 'NONE', *, *, #3096, .T. ) ;
#296 = PRODUCT_DEFINITION_FORMATION_WITH_SPECIFIED_SOURCE ( 'ANY', '', #574, .NOT_KNOWN. ) ;
#297 = CARTESIAN_POINT ( 'NONE',  ( 5.409934474974407159, 8.099999999999999645, 2.597760750545056840 ) ) ;
#298 = DIRECTION ( 'NONE',  ( 0.0000000000000000000, 0.0000000000000000000, -1.000000000000000000 ) ) ;
#299 = FACE_OUTER_BOUND ( 'NONE', #2496, .T. ) ;
#300 = VERTEX_POINT ( 'NONE', #1253 ) ;
#301 =( LENGTH_UNIT ( ) NAMED_UNIT ( * ) SI_UNIT ( .MILLI., .METRE. ) );
#302 = B_SPLINE_CURVE_WITH_KNOTS ( 'NONE', 3,
 ( #2910, #896, #2415, #2626, #2160, #2644, #359, #2668, #3150 ),
 .UNSPECIFIED., .F., .F.,
 ( 4, 1, 1, 1, 1, 1, 4 ),
 ( 0.0000000000000000000, 6.442212858517198416E-05, 0.0001166058815301540346, 0.0001384307288061067064, 0.0001584929755654496716, 0.0001773433780314324372, 0.0001975475764202871368 ),
 .UNSPECIFIED. ) ;
#303 = CARTESIAN_POINT ( 'NONE',  ( 5.527065906628455316, 8.099000000000273758, 2.354138460900759178 ) ) ;
#304 = ORIENTED_EDGE ( 'NONE', *, *, #1260, .T. ) ;
#305 = AXIS2_PLACEMENT_3D ( 'NONE', #3252, #505, #719 ) ;
#306 = CARTESIAN_POINT ( 'NONE',  ( 5.527121974974407159, 8.099999999999999645, 2.407503397603881101 ) ) ;
#307 = EDGE_CURVE ( 'NONE', #763, #1719, #234, .T. ) ;
#308 = UNCERTAINTY_MEASURE_WITH_UNIT (LENGTH_MEASURE( 1.000000000000000082E-05 ), #1359, 'distance_accuracy_value', 'NONE');
#309 = CARTESIAN_POINT ( 'NONE',  ( 4.410394033797937041, 8.099000000000000199, 0.6028158976038798800 ) ) ;
#310 = CARTESIAN_POINT ( 'NONE',  ( -1.363987553327731694, 8.099000000000000199, 1.106863651475818999 ) ) ;
#311 = CARTESIAN_POINT ( 'NONE',  ( 2.591919769092053905, 8.099999999999997868, -3.225079322984355290 ) ) ;
#312 = DIRECTION ( 'NONE',  ( -1.000000000000000000, 0.0000000000000000000, -0.0000000000000000000 ) ) ;
#313 = DIRECTION ( 'NONE',  ( 0.0000000000000000000, -0.0000000000000000000, 1.000000000000000000 ) ) ;
#314 = CARTESIAN_POINT ( 'NONE',  ( 5.435590273447201248, 8.099999999999987210, 2.609515177632068639 ) ) ;
#315 = CARTESIAN_POINT ( 'NONE',  ( 2.872480430856759970, 8.099999999999999645, -0.6221381465137675315 ) ) ;
#316 = FACE_OUTER_BOUND ( 'NONE', #2844, .T. ) ;
#317 = CARTESIAN_POINT ( 'NONE',  ( 3.029311322738440282, 8.099999999999992539, -2.126320281378254240 ) ) ;
#318 = CARTESIAN_POINT ( 'NONE',  ( 2.527121974974407603, 8.099999999999999645, -3.017588514160825852 ) ) ;
#319 = PRESENTATION_LAYER_ASSIGNMENT (  '', '', ( #2534 ) ) ;
#320 = B_SPLINE_CURVE_WITH_KNOTS ( 'NONE', 3,
 ( #1262, #3007, #1756, #1970 ),
 .UNSPECIFIED., .F., .F.,
 ( 4, 4 ),
 ( 0.0000000000000000000, 0.001478073169920070739 ),
 .UNSPECIFIED. ) ;
#321 = SURFACE_STYLE_USAGE ( .BOTH. , #828 ) ;
#322 = LINE ( 'NONE', #1944, #2920 ) ;
#323 = EDGE_LOOP ( 'NONE', ( #1794, #920, #2106, #727 ) ) ;
#324 = CARTESIAN_POINT ( 'NONE',  ( 2.552194280735548215, 8.099999999999994316, -3.204032622821542553 ) ) ;
#325 = FACE_OUTER_BOUND ( 'NONE', #832, .T. ) ;
#326 = CARTESIAN_POINT ( 'NONE',  ( 2.561954441981542985, 8.099000000000016186, 1.035401307824654005 ) ) ;
#327 = ORIENTED_EDGE ( 'NONE', *, *, #2958, .T. ) ;
#328 = CARTESIAN_POINT ( 'NONE',  ( 5.462382441957311485, 8.099000000000001975, 2.172406969008346511 ) ) ;
#329 = CARTESIAN_POINT ( 'NONE',  ( 2.841121146727295876, 8.099999999999994316, 1.023092373749116657 ) ) ;
#330 = CARTESIAN_POINT ( 'NONE',  ( 5.527121974974407159, 8.099000000000001975, -3.757937778866708989 ) ) ;
#331 = LINE ( 'NONE', #53, #2847 ) ;
#332 = EDGE_LOOP ( 'NONE', ( #1409, #244, #2957 ) ) ;
#333 = DIRECTION ( 'NONE',  ( 0.0000000000000000000, 1.000000000000000000, -0.0000000000000000000 ) ) ;
#334 = DIRECTION ( 'NONE',  ( 0.0000000000000000000, -0.0000000000000000000, 1.000000000000000000 ) ) ;
#335 = CARTESIAN_POINT ( 'NONE',  ( 2.556074180856759970, 8.099000000000000199, -2.821127117102002035 ) ) ;
#336 = ORIENTED_EDGE ( 'NONE', *, *, #3238, .T. ) ;
#337 = EDGE_CURVE ( 'NONE', #3159, #718, #2565, .T. ) ;
#338 = CARTESIAN_POINT ( 'NONE',  ( -2.410638734430110119, 8.099500000000000810, -1.557792647736772507 ) ) ;
#339 = VECTOR ( 'NONE', #1844, 1000.000000000000000 ) ;
#340 = EDGE_LOOP ( 'NONE', ( #599, #1527, #692, #2382, #651, #1352, #336, #486, #2786, #2155, #1698 ) ) ;
#341 = FILL_AREA_STYLE_COLOUR ( '', #2389 ) ;
#342 = EDGE_CURVE ( 'NONE', #1535, #2354, #2284, .T. ) ;
#343 = CARTESIAN_POINT ( 'NONE',  ( 2.715552373431200373, 8.099000000000000199, 2.995277059181580270 ) ) ;
#344 = PLANE ( 'NONE',  #2511 ) ;
#345 = DIRECTION ( 'NONE',  ( -1.000000000000000000, 0.0000000000000000000, -2.891205793294678819E-16 ) ) ;
#346 = ORIENTED_EDGE ( 'NONE', *, *, #507, .T. ) ;
#347 = CARTESIAN_POINT ( 'NONE',  ( 5.279846964207174587, 8.099999999999988987, -2.091737445211156565 ) ) ;
#348 = CARTESIAN_POINT ( 'NONE',  ( 2.527078872098694973, 8.099999999999999645, -3.003571512547285494 ) ) ;
#349 = B_SPLINE_CURVE_WITH_KNOTS ( 'NONE', 3,
 ( #857, #1380, #103, #2102, #2358, #2861, #79, #1350, #2349, #619, #2383 ),
 .UNSPECIFIED., .F., .F.,
 ( 4, 1, 1, 1, 1, 1, 1, 1, 4 ),
 ( 0.0000000000000000000, 5.731421959743205615E-05, 0.0001043379668412135631, 0.0001413400399667479816, 0.0001699784352557447403, 0.0001915892570417182441, 0.0002077052287099328057, 0.0002222186358568933081, 0.0002361797442228706027 ),
 .UNSPECIFIED. ) ;
#350 = CARTESIAN_POINT ( 'NONE',  ( 4.614900037615651485, 8.099999999999997868, 0.6566361856578132317 ) ) ;
#351 = PLANE ( 'NONE',  #141 ) ;
#352 = PLANE ( 'NONE',  #942 ) ;
#353 = CARTESIAN_POINT ( 'NONE',  ( 5.499863649576707481, 8.099999999999994316, -0.6455746621846005784 ) ) ;
#354 = CARTESIAN_POINT ( 'NONE',  ( 2.586438060217869150, 8.099000000000009081, -1.060381676289658293 ) ) ;
#355 = CARTESIAN_POINT ( 'NONE',  ( 5.487137242974327478, 8.099999999999996092, -1.052247742206563474 ) ) ;
#356 = EDGE_CURVE ( 'NONE', #2296, #2547, #3060, .T. ) ;
#357 = UNCERTAINTY_MEASURE_WITH_UNIT (LENGTH_MEASURE( 1.000000000000000082E-05 ), #1464, 'distance_accuracy_value', 'NONE');
#358 = CARTESIAN_POINT ( 'NONE',  ( 3.015862783797936597, 8.099999999999999645, -2.144196970043178663 ) ) ;
#359 = CARTESIAN_POINT ( 'NONE',  ( 4.819692301689698866, 8.099999999999997868, -1.422945868387192947 ) ) ;
#360 = VECTOR ( 'NONE', #402, 1000.000000000000000 ) ;
#361 = VECTOR ( 'NONE', #737, 1000.000000000000000 ) ;
#362 = CARTESIAN_POINT ( 'NONE',  ( 2.542678347864039345, 8.099000000000016186, 1.052126367889370417 ) ) ;
#363 = CARTESIAN_POINT ( 'NONE',  ( 2.715552373431200373, 8.099999999999994316, 2.995277059181580270 ) ) ;
#364 = FILL_AREA_STYLE_COLOUR ( '', #2776 ) ;
#365 = CARTESIAN_POINT ( 'NONE',  ( 3.127884724692047591, 8.099999999999999645, -2.081004697233793888 ) ) ;
#366 = VERTEX_POINT ( 'NONE', #2345 ) ;
#367 = LINE ( 'NONE', #1961, #1122 ) ;
#368 = ORIENTED_EDGE ( 'NONE', *, *, #2825, .T. ) ;
#369 = DIRECTION ( 'NONE',  ( 0.0000000000000000000, 0.0000000000000000000, -1.000000000000000000 ) ) ;
#370 = CARTESIAN_POINT ( 'NONE',  ( 2.607774548503819290, 8.099000000000000199, -1.063314617102002702 ) ) ;
#371 = ORIENTED_EDGE ( 'NONE', *, *, #2944, .T. ) ;
#372 = CARTESIAN_POINT ( 'NONE',  ( 5.526322527666451379, 8.098999999999998423, -0.8947074071700915621 ) ) ;
#373 = EDGE_CURVE ( 'NONE', #531, #885, #2007, .T. ) ;
#374 = EDGE_LOOP ( 'NONE', ( #3122, #1211, #738 ) ) ;
#375 = CARTESIAN_POINT ( 'NONE',  ( 2.538506841512303325, 8.099999999999997868, -0.9369661171256454812 ) ) ;
#376 = CARTESIAN_POINT ( 'NONE',  ( 2.555959187813206857, 8.099000000000012633, -1.016801978345965862 ) ) ;
#377 = CARTESIAN_POINT ( 'NONE',  ( 5.526837112709920952, 8.099999999999994316, -0.8585862059565777527 ) ) ;
#378 = EDGE_LOOP ( 'NONE', ( #1951, #2 ) ) ;
#379 = CARTESIAN_POINT ( 'NONE',  ( 5.492905058138709329, 8.099000000000522448, -2.103501049775991838 ) ) ;
#380 = CARTESIAN_POINT ( 'NONE',  ( 3.351185377075195593, 8.100000000000001421, -2.123797547469498781 ) ) ;
#381 = LINE ( 'NONE', #2456, #263 ) ;
#382 = EDGE_CURVE ( 'NONE', #2292, #2150, #2832, .T. ) ;
#383 = VERTEX_POINT ( 'NONE', #616 ) ;
#384 = CARTESIAN_POINT ( 'NONE',  ( 5.527121974974408047, 8.099000000000000199, -0.8385903523961202310 ) ) ;
#385 = CARTESIAN_POINT ( 'NONE',  ( 2.538537175594853146, 8.099000000000296851, -2.865629907696758849 ) ) ;
#386 = VERTEX_POINT ( 'NONE', #76 ) ;
#387 = CARTESIAN_POINT ( 'NONE',  ( 2.806611260199760149, 8.099999999999990763, 2.984060582536020245 ) ) ;
#388 = PLANE ( 'NONE',  #1550 ) ;
#389 = STYLED_ITEM ( 'NONE', ( #876 ), #2423 ) ;
#390 = CARTESIAN_POINT ( 'NONE',  ( 3.349417405419583993, 8.100000000000003197, -2.150026688683345455 ) ) ;
#391 = CARTESIAN_POINT ( 'NONE',  ( 5.454741460268525799, 8.099999999999999645, -0.6221381465137674205 ) ) ;
#392 = CARTESIAN_POINT ( 'NONE',  ( 3.195780063209701094, 8.099500000000261934, -2.078020499454944048 ) ) ;
#393 = PLANE ( 'NONE',  #3063 ) ;
#394 = CARTESIAN_POINT ( 'NONE',  ( 1.358709690766759293, 8.099000000000000199, -0.6051099705714247934 ) ) ;
#395 = CARTESIAN_POINT ( 'NONE',  ( 2.527121974974407159, 8.099500000000121602, 2.905894941721526958 ) ) ;
#396 = CARTESIAN_POINT ( 'NONE',  ( 5.525889235651956888, 8.099000000000522448, -2.146651453493212180 ) ) ;
#397 = DIRECTION ( 'NONE',  ( -0.8744172144337778452, 0.0000000000000000000, -0.4851747469746055530 ) ) ;
#398 = EDGE_CURVE ( 'NONE', #300, #366, #1323, .T. ) ;
#399 = COLOUR_RGB ( '',0.8274509803921568096, 0.8392156862745098200, 0.8274509803921568096 ) ;
#400 = CARTESIAN_POINT ( 'NONE',  ( 4.410394033797937041, 8.099500000000000810, 0.6028158976038798800 ) ) ;
#401 = ORIENTED_EDGE ( 'NONE', *, *, #2502, .F. ) ;
#402 = DIRECTION ( 'NONE',  ( -0.6128916609699394114, 0.0000000000000000000, 0.7901669519244074458 ) ) ;
#403 = CARTESIAN_POINT ( 'NONE',  ( 2.527697151480758464, 8.099000000000387445, 2.912616606071583014 ) ) ;
#404 = LINE ( 'NONE', #1784, #2329 ) ;
#405 = ORIENTED_EDGE ( 'NONE', *, *, #245, .F. ) ;
#406 = CARTESIAN_POINT ( 'NONE',  ( 5.387876345298272973, 8.099000000000522448, -2.078509507468385031 ) ) ;
#407 = ORIENTED_EDGE ( 'NONE', *, *, #1188, .F. ) ;
#408 = FACE_OUTER_BOUND ( 'NONE', #649, .T. ) ;
#409 = DIRECTION ( 'NONE',  ( 2.599409719710072500E-49, 1.058744655060910223E-81, -1.000000000000000000 ) ) ;
#410 = UNCERTAINTY_MEASURE_WITH_UNIT (LENGTH_MEASURE( 1.000000000000000082E-05 ), #3234, 'distance_accuracy_value', 'NONE');
#411 = ORIENTED_EDGE ( 'NONE', *, *, #3005, .T. ) ;
#412 = CARTESIAN_POINT ( 'NONE',  ( 2.656062583936775745, 8.099000000000000199, 1.010375499619985629 ) ) ;
#413 = CARTESIAN_POINT ( 'NONE',  ( 4.463732825957348993, 8.099000000000003752, 0.6296449889787475440 ) ) ;
#414 = EDGE_CURVE ( 'NONE', #415, #1086, #1815, .T. ) ;
#415 = VERTEX_POINT ( 'NONE', #3094 ) ;
#416 = DIRECTION ( 'NONE',  ( 0.0000000000000000000, 0.0000000000000000000, 1.000000000000000000 ) ) ;
#417 = ORIENTED_EDGE ( 'NONE', *, *, #846, .F. ) ;
#418 = PRESENTATION_LAYER_ASSIGNMENT (  '', '', ( #254 ) ) ;
#419 = ADVANCED_FACE ( 'NONE', ( #633 ), #473, .T. ) ;
#420 = CARTESIAN_POINT ( 'NONE',  ( 5.492905058138709329, 8.099999999999996092, -2.103501049775991838 ) ) ;
#421 = CARTESIAN_POINT ( 'NONE',  ( 2.656062583936775745, 8.099999999999999645, 1.010375499619985629 ) ) ;
#422 = CARTESIAN_POINT ( 'NONE',  ( 2.527490718941495462, 8.099000000000296851, -2.942425467432927988 ) ) ;
#423 = DIRECTION ( 'NONE',  ( 0.0000000000000000000, -0.0000000000000000000, 1.000000000000000000 ) ) ;
#424 = CARTESIAN_POINT ( 'NONE',  ( 3.020585177047682812, 8.099999999999997868, -2.137919652168535301 ) ) ;
#425 = PLANE ( 'NONE',  #1876 ) ;
#426 = DIRECTION ( 'NONE',  ( -0.0000000000000000000, 1.000000000000000000, 0.0000000000000000000 ) ) ;
#427 = CARTESIAN_POINT ( 'NONE',  ( -1.978484010020657102, 8.099000000000000199, -1.642210364272211232 ) ) ;
#428 = CARTESIAN_POINT ( 'NONE',  ( 5.492742851701675200, 8.099000000000017963, -3.817856300661557345 ) ) ;
#429 = ADVANCED_FACE ( 'NONE', ( #3070 ), #2916, .F. ) ;
#430 = VECTOR ( 'NONE', #2995, 1000.000000000000000 ) ;
#431 = CARTESIAN_POINT ( 'NONE',  ( 4.512416092621466923, 8.099000000000000199, -1.476716314191481416 ) ) ;
#432 = CARTESIAN_POINT ( 'NONE',  ( 5.471956043627778321, 8.098999999999996646, -1.062063311439249924 ) ) ;
#433 = FACE_OUTER_BOUND ( 'NONE', #1652, .T. ) ;
#434 =( GEOMETRIC_REPRESENTATION_CONTEXT ( 3 ) GLOBAL_UNCERTAINTY_ASSIGNED_CONTEXT ( ( #1457 ) ) GLOBAL_UNIT_ASSIGNED_CONTEXT ( ( #626, #2896, #1443 ) ) REPRESENTATION_CONTEXT ( 'NONE', 'WORKASPACE' ) );
#435 = ORIENTED_EDGE ( 'NONE', *, *, #3179, .F. ) ;
#436 = CARTESIAN_POINT ( 'NONE',  ( 5.435590273447201248, 8.099000000000312838, 2.609515177632068639 ) ) ;
#437 = CARTESIAN_POINT ( 'NONE',  ( 2.964162416150876833, 8.099999999999999645, 1.063983177015644710 ) ) ;
#438 = PRESENTATION_STYLE_ASSIGNMENT (( #2865 ) ) ;
#439 = CARTESIAN_POINT ( 'NONE',  ( 5.525889235651956888, 8.099999999999996092, -2.146651453493212180 ) ) ;
#440 = ORIENTED_EDGE ( 'NONE', *, *, #914, .F. ) ;
#441 = CARTESIAN_POINT ( 'NONE',  ( -3.799999999999998046, 0.0000000000000000000, 6.250000000000000000 ) ) ;
#442 = CARTESIAN_POINT ( 'NONE',  ( 5.527121974974408047, 8.099000000000023292, -3.757937778866709433 ) ) ;
#443 = FACE_OUTER_BOUND ( 'NONE', #123, .T. ) ;
#444 = ORIENTED_EDGE ( 'NONE', *, *, #2702, .T. ) ;
#445 = CARTESIAN_POINT ( 'NONE',  ( 5.409934474974407159, 8.099000000000309285, 2.597760750545056840 ) ) ;
#446 = CARTESIAN_POINT ( 'NONE',  ( 5.487137242974326590, 8.099000000000000199, -1.052247742206563252 ) ) ;
#447 = VERTEX_POINT ( 'NONE', #2394 ) ;
#448 = CARTESIAN_POINT ( 'NONE',  ( 5.526752093791147402, 8.099999999999994316, -3.763523275981501381 ) ) ;
#449 = DIRECTION ( 'NONE',  ( 0.0000000000000000000, -0.0000000000000000000, 1.000000000000000000 ) ) ;
#450 = LINE ( 'NONE', #809, #2343 ) ;
#451 = ADVANCED_FACE ( 'NONE', ( #829 ), #138, .T. ) ;
#452 = ORIENTED_EDGE ( 'NONE', *, *, #886, .F. ) ;
#453 = CARTESIAN_POINT ( 'NONE',  ( 4.797950715771255759, 8.099999999999997868, -1.456651981697282050 ) ) ;
#454 = CARTESIAN_POINT ( 'NONE',  ( 2.527121974974408047, 8.100000000000001421, 1.132227662309762684 ) ) ;
#455 = CARTESIAN_POINT ( 'NONE',  ( 5.411983598371551629, 8.099000000000016186, -3.841696851527942602 ) ) ;
#456 = ORIENTED_EDGE ( 'NONE', *, *, #2055, .F. ) ;
#457 = CARTESIAN_POINT ( 'NONE',  ( 2.592810610388104120, 8.099999999999996092, -0.4194481196816134960 ) ) ;
#458 = CARTESIAN_POINT ( 'NONE',  ( 5.527121974974407159, 8.099500000000134037, 2.407503397603881101 ) ) ;
#459 = CARTESIAN_POINT ( 'NONE',  ( -3.799999999999998046, -0.1000000000000000056, -6.250000000000000000 ) ) ;
#460 = EDGE_CURVE ( 'NONE', #2770, #504, #2560, .T. ) ;
#461 = B_SPLINE_SURFACE_WITH_KNOTS ( 'NONE', 3, 1, ( 
 ( #780, #1038 ),
 ( #1079, #2862 ),
 ( #3106, #1340 ),
 ( #842, #2569 ),
 ( #2352, #2853 ),
 ( #3119, #1115 ),
 ( #2843, #1069 ),
 ( #830, #2590 ),
 ( #3099, #1603 ),
 ( #3085, #2599 ),
 ( #1370, #311 ) ),
 .UNSPECIFIED., .F., .F., .F.,
 ( 4, 1, 1, 1, 1, 1, 1, 1, 4 ),
 ( 2, 2 ),
 ( 0.0000000000000000000, 0.2426720368675968909, 0.4417735618459948110, 0.5984426836933682825, 0.7196994637073740320, 0.8112010522838291049, 0.8794370973402872993, 0.9408877826846873127, 1.000000000000000000 ),
 ( 0.0000000000000000000, 1.000000000000000000 ),
 .UNSPECIFIED. ) ;
#462 = CARTESIAN_POINT ( 'NONE',  ( 5.519095488488114931, 8.100000000000003197, -3.790348097010625139 ) ) ;
#463 = B_SPLINE_CURVE_WITH_KNOTS ( 'NONE', 3,
 ( #2062, #2824, #1052, #3056, #1326, #1788, #1063, #274, #26, #2034, #1807 ),
 .UNSPECIFIED., .F., .F.,
 ( 4, 1, 1, 1, 1, 1, 1, 1, 4 ),
 ( 0.0000000000000000000, 1.359966128353807159E-05, 2.845259631763994546E-05, 4.701876511026781508E-05, 6.893237762891781082E-05, 9.477826534848571695E-05, 0.0001238123179290568602, 0.0001589851175039198937, 0.0002010464596136306010 ),
 .UNSPECIFIED. ) ;
#464 = CARTESIAN_POINT ( 'NONE',  ( 4.653041092621466923, 8.099999999999999645, 0.6572736181921153831 ) ) ;
#465 = ADVANCED_FACE ( 'NONE', ( #916 ), #2431, .T. ) ;
#466 = CARTESIAN_POINT ( 'NONE',  ( 2.534544591625957466, 8.099999999999999645, -0.5585160275692003795 ) ) ;
#467 = CARTESIAN_POINT ( 'NONE',  ( 5.257588865087631014, 8.099000000000003752, -2.100772313249706702 ) ) ;
#468 = CARTESIAN_POINT ( 'NONE',  ( 2.607774548503819290, 8.099000000000000199, -1.063314617102002702 ) ) ;
#469 = CARTESIAN_POINT ( 'NONE',  ( 1.376573076593529121, 8.099499999999999034, -0.04860091545332358154 ) ) ;
#470 = CARTESIAN_POINT ( 'NONE',  ( 4.821239622033232308, 8.099999999999999645, -0.6221381465137675315 ) ) ;
#471 = VECTOR ( 'NONE', #1838, 1000.000000000000000 ) ;
#472 = SURFACE_STYLE_FILL_AREA ( #2978 ) ;
#473 = B_SPLINE_SURFACE_WITH_KNOTS ( 'NONE', 3, 1, ( 
 ( #1598, #2099 ),
 ( #573, #853 ),
 ( #109, #877 ),
 ( #3140, #1138 ),
 ( #2331, #1110 ),
 ( #825, #2587 ),
 ( #1430, #1157 ),
 ( #2939, #1693 ),
 ( #3173, #1890 ),
 ( #2422, #2673 ),
 ( #2666, #1169 ) ),
 .UNSPECIFIED., .F., .F., .F.,
 ( 4, 1, 1, 1, 1, 1, 1, 1, 4 ),
 ( 2, 2 ),
 ( 0.0000000000000000000, 0.06699601552466596943, 0.1434705998384834258, 0.2317147114624117932, 0.3373290316835637626, 0.4640080815276273474, 0.6135453153305130414, 0.7927755987772845403, 1.000000000000000000 ),
 ( 0.0000000000000000000, 1.000000000000000000 ),
 .UNSPECIFIED. ) ;
#474 = CARTESIAN_POINT ( 'NONE',  ( 0.7444809506092741058, 8.099000000000000199, 0.0002573522632255687004 ) ) ;
#475 = EDGE_CURVE ( 'NONE', #2452, #2296, #2045, .T. ) ;
#476 = CARTESIAN_POINT ( 'NONE',  ( -1.363987553327731694, 8.099999999999999645, 1.106863651475818999 ) ) ;
#477 = LINE ( 'NONE', #2011, #1395 ) ;
#478 = DIRECTION ( 'NONE',  ( 1.700834368639116712E-24, 1.000000000000000000, -3.930173276491439033E-13 ) ) ;
#479 = LINE ( 'NONE', #560, #3074 ) ;
#480 = ORIENTED_EDGE ( 'NONE', *, *, #3067, .F. ) ;
#481 = CARTESIAN_POINT ( 'NONE',  ( 2.738802887597120872, 8.099000000000005528, 1.010346511840633399 ) ) ;
#482 = AXIS2_PLACEMENT_3D ( 'NONE', #1422, #146, #416 ) ;
#483 = VECTOR ( 'NONE', #2797, 1000.000000000000000 ) ;
#484 = DIRECTION ( 'NONE',  ( -0.9100094859874042763, 0.0000000000000000000, -0.4145874279484849656 ) ) ;
#485 = FILL_AREA_STYLE ('',( #680 ) ) ;
#486 = ORIENTED_EDGE ( 'NONE', *, *, #2025, .T. ) ;
#487 = ADVANCED_FACE ( 'NONE', ( #1924 ), #2403, .F. ) ;
#488 = B_SPLINE_SURFACE_WITH_KNOTS ( 'NONE', 3, 1, ( 
 ( #708, #1472 ),
 ( #2437, #2187 ),
 ( #1465, #3199 ),
 ( #178, #676 ),
 ( #2741, #940 ),
 ( #1716, #1499 ),
 ( #2727, #725 ),
 ( #948, #2691 ),
 ( #1193, #1484 ),
 ( #2460, #2708 ),
 ( #1953, #2471 ) ),
 .UNSPECIFIED., .F., .F., .F.,
 ( 4, 1, 1, 1, 1, 1, 1, 1, 4 ),
 ( 2, 2 ),
 ( 0.0000000000000000000, 0.08289997808735301288, 0.1678546959326888965, 0.2572064919748064948, 0.3611007707029783576, 0.4826192133202594214, 0.6261616987074113405, 0.7959959365914829332, 1.000000000000000000 ),
 ( 0.0000000000000000000, 1.000000000000000000 ),
 .UNSPECIFIED. ) ;
#489 = CARTESIAN_POINT ( 'NONE',  ( -1.978484010020657102, 8.099000000000000199, -1.642210364272211232 ) ) ;
#490 = ORIENTED_EDGE ( 'NONE', *, *, #382, .T. ) ;
#491 = CARTESIAN_POINT ( 'NONE',  ( 2.551513171125505242, 8.099999999999994316, 2.960192448515412522 ) ) ;
#492 = B_SPLINE_CURVE_WITH_KNOTS ( 'NONE', 3,
 ( #1143, #2892, #3109, #2120 ),
 .UNSPECIFIED., .F., .F.,
 ( 4, 4 ),
 ( 0.0000000000000000000, 0.001221314712041217908 ),
 .UNSPECIFIED. ) ;
#493 = CARTESIAN_POINT ( 'NONE',  ( -1.363987553327731694, 8.099000000000000199, 1.106863651475818999 ) ) ;
#494 = LINE ( 'NONE', #2118, #1363 ) ;
#495 = PLANE ( 'NONE',  #784 ) ;
#496 = ORIENTED_EDGE ( 'NONE', *, *, #115, .T. ) ;
#497 = CARTESIAN_POINT ( 'NONE',  ( 4.631711638362186356, 8.100000000000003197, -1.490977387280535416 ) ) ;
#498 = AXIS2_PLACEMENT_3D ( 'NONE', #1740, #1993, #1233 ) ;
#499 = B_SPLINE_SURFACE_WITH_KNOTS ( 'NONE', 3, 1, ( 
 ( #1074, #2544 ),
 ( #1044, #2081 ),
 ( #581, #3104 ),
 ( #71, #87 ) ),
 .UNSPECIFIED., .F., .F., .F.,
 ( 4, 4 ),
 ( 2, 2 ),
 ( 0.2727272727272727071, 0.3636363636363636465 ),
 ( 0.0000000000000000000, 1.000000000000000000 ),
 .UNSPECIFIED. ) ;
#500 = CARTESIAN_POINT ( 'NONE',  ( 1.418470714388810006, 8.099000000000000199, 1.256952234152984182 ) ) ;
#501 = CARTESIAN_POINT ( 'NONE',  ( 2.561954441981543429, 8.099999999999992539, 1.035401307824654005 ) ) ;
#502 = CARTESIAN_POINT ( 'NONE',  ( 5.218949112569363002, 8.099000000000010857, -3.766498627886658124 ) ) ;
#503 = VERTEX_POINT ( 'NONE', #950 ) ;
#504 = VERTEX_POINT ( 'NONE', #2463 ) ;
#505 = DIRECTION ( 'NONE',  ( 1.000000000000000000, 0.0000000000000000000, 0.0000000000000000000 ) ) ;
#506 = CARTESIAN_POINT ( 'NONE',  ( 4.512416092621466923, 8.099999999999999645, -1.063314617102002479 ) ) ;
#507 = EDGE_CURVE ( 'NONE', #718, #2541, #1429, .T. ) ;
#508 = FILL_AREA_STYLE_COLOUR ( '', #1390 ) ;
#509 = DIRECTION ( 'NONE',  ( 0.0000000000000000000, 0.0000000000000000000, 1.000000000000000000 ) ) ;
#510 = CARTESIAN_POINT ( 'NONE',  ( 4.410394033797937041, 8.099500000000000810, 0.6028158976038798800 ) ) ;
#511 = EDGE_CURVE ( 'NONE', #2904, #681, #283, .T. ) ;
#512 = CARTESIAN_POINT ( 'NONE',  ( 2.527697151480758464, 8.098999999999998423, 2.912616606071583014 ) ) ;
#513 = B_SPLINE_CURVE_WITH_KNOTS ( 'NONE', 3,
 ( #1225, #3265, #2249, #3256, #1498, #216, #1251, #958, #2469, #2493, #1508 ),
 .UNSPECIFIED., .F., .F.,
 ( 4, 1, 1, 1, 1, 1, 1, 1, 4 ),
 ( 0.0000000000000000000, 1.746958511493048729E-05, 3.540977040674819499E-05, 5.502345813992195301E-05, 7.492630674329838511E-05, 9.875903702921107175E-05, 0.0001258720151925450475, 0.0001586600619003234109, 0.0001959459937986879775 ),
 .UNSPECIFIED. ) ;
#514 = CARTESIAN_POINT ( 'NONE',  ( 5.499863649576707481, 8.099000000000001975, -0.6455746621846005784 ) ) ;
#515 = CARTESIAN_POINT ( 'NONE',  ( -6.388449604905978241, 8.099000000000000199, -6.795352941474990693 ) ) ;
#516 = B_SPLINE_SURFACE_WITH_KNOTS ( 'NONE', 3, 1, ( 
 ( #1583, #554 ),
 ( #47, #2313 ),
 ( #2334, #1618 ),
 ( #820, #2359 ),
 ( #859, #2611 ),
 ( #2580, #2831 ),
 ( #3130, #2870 ),
 ( #142, #2125 ),
 ( #96, #128 ),
 ( #2900, #2396 ),
 ( #1388, #2373 ) ),
 .UNSPECIFIED., .F., .F., .F.,
 ( 4, 1, 1, 1, 1, 1, 1, 1, 4 ),
 ( 2, 2 ),
 ( 0.0000000000000000000, 0.08915510226189406195, 0.1807118875986189754, 0.2808093039985917749, 0.3823824375826563871, 0.5040115141658606523, 0.6423811620352090079, 0.8097132216100749735, 1.000000000000000000 ),
 ( 0.0000000000000000000, 1.000000000000000000 ),
 .UNSPECIFIED. ) ;
#517 = CARTESIAN_POINT ( 'NONE',  ( 0.3799915805305330574, 8.099000000000000199, 2.304560501869515221 ) ) ;
#518 = LINE ( 'NONE', #177, #630 ) ;
#519 = LINE ( 'NONE', #1421, #1037 ) ;
#520 = CARTESIAN_POINT ( 'NONE',  ( 2.684496750294941503, 8.099999999999994316, 1.010271843298344407 ) ) ;
#521 = CARTESIAN_POINT ( 'NONE',  ( 2.527121974974407603, 8.099500000000006139, 1.132227662309762461 ) ) ;
#522 = B_SPLINE_SURFACE_WITH_KNOTS ( 'NONE', 3, 1, ( 
 ( #1440, #2893 ),
 ( #3189, #1700 ),
 ( #2392, #889 ),
 ( #2639, #1398 ),
 ( #1455, #202 ),
 ( #467, #2447 ),
 ( #971, #229 ),
 ( #3213, #1745 ),
 ( #1975, #1962 ),
 ( #2974, #2946 ),
 ( #1226, #1736 ) ),
 .UNSPECIFIED., .F., .F., .F.,
 ( 4, 1, 1, 1, 1, 1, 1, 1, 4 ),
 ( 2, 2 ),
 ( 0.0000000000000000000, 0.1912378873997443163, 0.3592625263999662533, 0.4991465684731429264, 0.6226533821321456053, 0.7266499617672289579, 0.8217937162749375801, 0.9104758890158745066, 0.9999999999999998890 ),
 ( 0.0000000000000000000, 1.000000000000000000 ),
 .UNSPECIFIED. ) ;
#523 = ORIENTED_EDGE ( 'NONE', *, *, #2836, .T. ) ;
#524 = CARTESIAN_POINT ( 'NONE',  ( 4.666827857327349172, 8.099000000000000199, -1.491393661219649669 ) ) ;
#525 = CARTESIAN_POINT ( 'NONE',  ( 2.527182145340774788, 8.099000000000007304, -0.7156565531749391473 ) ) ;
#526 = FACE_OUTER_BOUND ( 'NONE', #527, .T. ) ;
#527 = EDGE_LOOP ( 'NONE', ( #536, #1597, #754, #3041 ) ) ;
#528 = CARTESIAN_POINT ( 'NONE',  ( 2.872478899915450690, 8.099999999999999645, 1.029461057620707720 ) ) ;
#529 = FACE_OUTER_BOUND ( 'NONE', #226, .T. ) ;
#530 = CARTESIAN_POINT ( 'NONE',  ( 3.351185377075195149, 8.099000000000522448, -2.123797547469498781 ) ) ;
#531 = VERTEX_POINT ( 'NONE', #470 ) ;
#532 = PLANE ( 'NONE',  #827 ) ;
#533 =( NAMED_UNIT ( * ) PLANE_ANGLE_UNIT ( ) SI_UNIT ( $, .RADIAN. ) );
#534 = DIRECTION ( 'NONE',  ( 1.000000000000000000, 0.0000000000000000000, -0.0000000000000000000 ) ) ;
#535 = ORIENTED_EDGE ( 'NONE', *, *, #195, .F. ) ;
#536 = ORIENTED_EDGE ( 'NONE', *, *, #929, .T. ) ;
#537 = B_SPLINE_CURVE_WITH_KNOTS ( 'NONE', 3,
 ( #1250, #1757, #1547, #2005, #2761, #3021, #2773, #1531, #2030, #525, #2993 ),
 .UNSPECIFIED., .F., .F.,
 ( 4, 1, 1, 1, 1, 1, 1, 1, 4 ),
 ( 0.0000000000000000000, 2.296954290759404025E-05, 4.918880732175795863E-05, 7.944324696887525988E-05, 0.0001156530519994890233, 0.0001590848866854663530, 0.0002103536357479193254, 0.0002718026287026594563, 0.0003428493877988509166 ),
 .UNSPECIFIED. ) ;
#538 = CARTESIAN_POINT ( 'NONE',  ( 5.454741460268525799, 8.099000000000000199, -0.6221381465137671984 ) ) ;
#539 = CARTESIAN_POINT ( 'NONE',  ( 4.789882400882086166, 8.099999999999992539, 0.6331478698513847148 ) ) ;
#540 = ORIENTED_EDGE ( 'NONE', *, *, #3238, .F. ) ;
#541 = PLANE ( 'NONE',  #3147 ) ;
#542 = CARTESIAN_POINT ( 'NONE',  ( 5.524111430100934861, 8.099000000000000199, 2.306799863864647193 ) ) ;
#543 = CARTESIAN_POINT ( 'NONE',  ( 7.700000000000003730, 8.099999999999999645, -0.6221381465137676425 ) ) ;
#544 = EDGE_CURVE ( 'NONE', #3118, #2940, #2243, .T. ) ;
#545 = ORIENTED_EDGE ( 'NONE', *, *, #1831, .T. ) ;
#546 =( NAMED_UNIT ( * ) SI_UNIT ( $, .STERADIAN. ) SOLID_ANGLE_UNIT ( ) );
#547 = EDGE_CURVE ( 'NONE', #2904, #3003, #2207, .T. ) ;
#548 = CARTESIAN_POINT ( 'NONE',  ( 7.700000000000003730, 8.099999999999999645, 8.200000000000001066 ) ) ;
#549 = CARTESIAN_POINT ( 'NONE',  ( 4.653041092621466923, 8.099000000000000199, 0.6572736181921153831 ) ) ;
#550 = CARTESIAN_POINT ( 'NONE',  ( 2.902479109934295920, 8.099999999999992539, 1.039972050497611766 ) ) ;
#551 = UNCERTAINTY_MEASURE_WITH_UNIT (LENGTH_MEASURE( 1.000000000000000082E-05 ), #1243, 'distance_accuracy_value', 'NONE');
#552 =( NAMED_UNIT ( * ) PLANE_ANGLE_UNIT ( ) SI_UNIT ( $, .RADIAN. ) );
#553 = AXIS2_PLACEMENT_3D ( 'NONE', #1620, #1335, #2078 ) ;
#554 = CARTESIAN_POINT ( 'NONE',  ( 5.218298445562641774, 8.099999999999999645, -3.760695131807885616 ) ) ;
#555 = VECTOR ( 'NONE', #2110, 1000.000000000000000 ) ;
#556 = ORIENTED_EDGE ( 'NONE', *, *, #2524, .F. ) ;
#557 = CARTESIAN_POINT ( 'NONE',  ( 3.321239622033230532, 8.099500000000160682, -2.216577484749061799 ) ) ;
#558 = CARTESIAN_POINT ( 'NONE',  ( 5.218298445562641774, 8.099500000000164235, -2.160741087690237983 ) ) ;
#559 = CARTESIAN_POINT ( 'NONE',  ( 1.418470714388810006, 8.098999999999998423, 1.256952234152984405 ) ) ;
#560 = CARTESIAN_POINT ( 'NONE',  ( 4.569492849179864535, 8.099000000000000199, -0.6221381465137671984 ) ) ;
#561 = EDGE_LOOP ( 'NONE', ( #1613, #1130, #209, #792, #3012, #288, #2271, #2878, #265, #3172 ) ) ;
#562 = LINE ( 'NONE', #2093, #2774 ) ;
#563 = ORIENTED_EDGE ( 'NONE', *, *, #3096, .F. ) ;
#564 = CARTESIAN_POINT ( 'NONE',  ( 0.0000000000000000000, 0.0000000000000000000, 0.0000000000000000000 ) ) ;
#565 = VERTEX_POINT ( 'NONE', #714 ) ;
#566 = CARTESIAN_POINT ( 'NONE',  ( 0.7444809506092741058, 8.099999999999999645, 0.0002573522632255687004 ) ) ;
#567 = FACE_OUTER_BOUND ( 'NONE', #730, .T. ) ;
#568 = EDGE_CURVE ( 'NONE', #3126, #2812, #14, .T. ) ;
#569 = ORIENTED_EDGE ( 'NONE', *, *, #133, .T. ) ;
#570 = CARTESIAN_POINT ( 'NONE',  ( 4.579175297725285532, 8.099000000000003752, 0.6558689013132087409 ) ) ;
#571 = VECTOR ( 'NONE', #1304, 1000.000000000000000 ) ;
#572 = EDGE_LOOP ( 'NONE', ( #640, #1875, #1203, #1460 ) ) ;
#573 = CARTESIAN_POINT ( 'NONE',  ( 2.592810610388104120, 8.098999999999998423, -0.4194481196816134960 ) ) ;
#574 = PRODUCT ( 'Coilcraft-XAL1580-741', 'Coilcraft-XAL1580-741', '', ( #278 ) ) ;
#575 = CARTESIAN_POINT ( 'NONE',  ( -6.799999999999998934, 0.0000000000000000000, 8.200000000000001066 ) ) ;
#576 = VERTEX_POINT ( 'NONE', #437 ) ;
#577 = DIRECTION ( 'NONE',  ( -1.000000000000000000, 0.0000000000000000000, -0.0000000000000000000 ) ) ;
#578 = ORIENTED_EDGE ( 'NONE', *, *, #990, .T. ) ;
#579 = CARTESIAN_POINT ( 'NONE',  ( 5.482539587048249174, 8.099999999999996092, 2.189669165598443712 ) ) ;
#580 = CARTESIAN_POINT ( 'NONE',  ( 2.933211125878412595, 8.099999999999992539, 1.050799536479193330 ) ) ;
#581 = CARTESIAN_POINT ( 'NONE',  ( -3.198548576949789002, 8.099000000000000199, -1.189930049311564098 ) ) ;
#582 = EDGE_CURVE ( 'NONE', #3212, #2532, #1552, .T. ) ;
#583 = CARTESIAN_POINT ( 'NONE',  ( 5.218298445562641774, 8.099500000000164235, -2.160741087690237983 ) ) ;
#584 = CARTESIAN_POINT ( 'NONE',  ( 3.321239622033230532, 8.100000000000001421, -2.216577484749061799 ) ) ;
#585 = DIRECTION ( 'NONE',  ( 1.000000000000000000, 0.0000000000000000000, -0.0000000000000000000 ) ) ;
#586 = PRESENTATION_LAYER_ASSIGNMENT (  '', '', ( #1683 ) ) ;
#587 = SURFACE_SIDE_STYLE ('',( #831 ) ) ;
#588 = VECTOR ( 'NONE', #2711, 1000.000000000000000 ) ;
#589 = CARTESIAN_POINT ( 'NONE',  ( 2.702213886739112780, 8.099000000000000199, 2.995508912309762461 ) ) ;
#590 =( NAMED_UNIT ( * ) SI_UNIT ( $, .STERADIAN. ) SOLID_ANGLE_UNIT ( ) );
#591 = CARTESIAN_POINT ( 'NONE',  ( 5.454741460268524911, 8.099499999999999034, -1.063314617102002702 ) ) ;
#592 = FACE_OUTER_BOUND ( 'NONE', #653, .T. ) ;
#593 = CARTESIAN_POINT ( 'NONE',  ( 3.101053752090919158, 8.099999999999992539, -2.084872723598186095 ) ) ;
#594 = CARTESIAN_POINT ( 'NONE',  ( 2.832732911089556715, 8.099999999999992539, 2.974689084046545418 ) ) ;
#595 = PRESENTATION_LAYER_ASSIGNMENT (  '', '', ( #2049 ) ) ;
#596 = B_SPLINE_CURVE_WITH_KNOTS ( 'NONE', 3,
 ( #392, #1908, #1407, #631, #2669, #882, #898, #646, #2919, #2645, #1150 ),
 .UNSPECIFIED., .F., .F.,
 ( 4, 1, 1, 1, 1, 1, 1, 1, 4 ),
 ( 0.0000000000000000000, 3.794288712162541006E-05, 6.979142594403770048E-05, 9.632689504916696992E-05, 0.0001192554693423596775, 0.0001390070946418197641, 0.0001583325946999275557, 0.0001783355382746837023, 0.0002019288465783883736 ),
 .UNSPECIFIED. ) ;
#597 = CARTESIAN_POINT ( 'NONE',  ( 2.872480430856760414, 8.099999999999999645, -0.6180021171020024795 ) ) ;
#598 = FACE_OUTER_BOUND ( 'NONE', #179, .T. ) ;
#599 = ORIENTED_EDGE ( 'NONE', *, *, #1634, .T. ) ;
#600 = ORIENTED_EDGE ( 'NONE', *, *, #1097, .F. ) ;
#601 = CARTESIAN_POINT ( 'NONE',  ( 2.806611260199760149, 8.098999999999996646, 2.984060582536020245 ) ) ;
#602 = ORIENTED_EDGE ( 'NONE', *, *, #1318, .T. ) ;
#603 = CARTESIAN_POINT ( 'NONE',  ( 2.869166698700244655, 8.099000000000389221, 2.945973522601802674 ) ) ;
#604 = CARTESIAN_POINT ( 'NONE',  ( 2.548573349249458886, 8.099000000000000199, -2.832998249677535441 ) ) ;
#605 = ORIENTED_EDGE ( 'NONE', *, *, #294, .F. ) ;
#606 = EDGE_CURVE ( 'NONE', #120, #2969, #1889, .T. ) ;
#607 = FILL_AREA_STYLE_COLOUR ( '', #772 ) ;
#608 = EDGE_LOOP ( 'NONE', ( #371, #2268 ) ) ;
#609 = CARTESIAN_POINT ( 'NONE',  ( 5.487137242974327478, 8.099999999999999645, -1.052247742206563474 ) ) ;
#610 = CARTESIAN_POINT ( 'NONE',  ( -2.476744639941904413, 8.099000000000000199, -1.103725324902122384 ) ) ;
#611 = CARTESIAN_POINT ( 'NONE',  ( 2.527121974974408936, 8.099000000000001975, -0.7393256465137674205 ) ) ;
#612 = SURFACE_SIDE_STYLE ('',( #2688 ) ) ;
#613 = EDGE_CURVE ( 'NONE', #1195, #1719, #2127, .T. ) ;
#614 = CARTESIAN_POINT ( 'NONE',  ( 5.509050972342427244, 8.099999999999999645, -1.013493521568059386 ) ) ;
#615 = ORIENTED_EDGE ( 'NONE', *, *, #1546, .T. ) ;
#616 = CARTESIAN_POINT ( 'NONE',  ( -1.470371411595450262, 8.099999999999999645, -0.5909946162407191395 ) ) ;
#617 = ORIENTED_EDGE ( 'NONE', *, *, #2805, .F. ) ;
#618 = CARTESIAN_POINT ( 'NONE',  ( 2.853508301425415006, 8.099999999999981881, 2.961792809696846884 ) ) ;
#619 = CARTESIAN_POINT ( 'NONE',  ( 2.587273341204832988, 8.099000000000241783, -3.224649074246466629 ) ) ;
#620 = DIRECTION ( 'NONE',  ( 0.0000000000000000000, -0.0000000000000000000, 1.000000000000000000 ) ) ;
#621 =( NAMED_UNIT ( * ) PLANE_ANGLE_UNIT ( ) SI_UNIT ( $, .RADIAN. ) );
#622 = ADVANCED_FACE ( 'NONE', ( #995, #1392, #709, #28, #2479, #2675 ), #1707, .T. ) ;
#623 = CARTESIAN_POINT ( 'NONE',  ( 2.878671003381027216, 8.099000000000001975, 2.926803455488357297 ) ) ;
#624 = CARTESIAN_POINT ( 'NONE',  ( -5.913434642006757613, 8.099999999999999645, 6.795352941474994246 ) ) ;
#625 = CARTESIAN_POINT ( 'NONE',  ( 5.527121974974408047, 8.099999999999999645, -3.757937778866708989 ) ) ;
#626 =( LENGTH_UNIT ( ) NAMED_UNIT ( * ) SI_UNIT ( .MILLI., .METRE. ) );
#627 = CARTESIAN_POINT ( 'NONE',  ( 3.212792895182222885, 8.099000000000000199, -2.078246162421669929 ) ) ;
#628 = DIRECTION ( 'NONE',  ( 0.0000000000000000000, -1.000000000000000000, -0.0000000000000000000 ) ) ;
#629 = EDGE_CURVE ( 'NONE', #1640, #1020, #2515, .T. ) ;
#630 = VECTOR ( 'NONE', #144, 1000.000000000000000 ) ;
#631 = CARTESIAN_POINT ( 'NONE',  ( 3.127884724692047591, 8.099000000000524224, -2.081004697233793888 ) ) ;
#632 = PRODUCT_RELATED_PRODUCT_CATEGORY ( 'part', '', ( #574 ) ) ;
#633 = FACE_OUTER_BOUND ( 'NONE', #2101, .T. ) ;
#634 = CARTESIAN_POINT ( 'NONE',  ( 5.527121974974408047, 8.099499999999999034, -0.8385903523961205641 ) ) ;
#635 = CARTESIAN_POINT ( 'NONE',  ( -7.700000000000000178, 8.099999999999999645, 8.200000000000001066 ) ) ;
#636 = CARTESIAN_POINT ( 'NONE',  ( 2.968298445562642218, 8.099000000000000199, -2.783902852396120231 ) ) ;
#637 = CARTESIAN_POINT ( 'NONE',  ( 3.029311322738440282, 8.099999999999997868, -2.126320281378254240 ) ) ;
#638 = LINE ( 'NONE', #2800, #153 ) ;
#639 = FACE_OUTER_BOUND ( 'NONE', #843, .T. ) ;
#640 = ORIENTED_EDGE ( 'NONE', *, *, #2163, .F. ) ;
#641 = ADVANCED_FACE ( 'NONE', ( #2926 ), #1558, .F. ) ;
#642 = CARTESIAN_POINT ( 'NONE',  ( 3.339240339280852954, 8.100000000000001421, -2.102773672220589862 ) ) ;
#643 = AXIS2_PLACEMENT_3D ( 'NONE', #1742, #478, #3219 ) ;
#644 = CARTESIAN_POINT ( 'NONE',  ( 4.512416092621466923, 8.099000000000000199, 0.2919243534862329681 ) ) ;
#645 = ORIENTED_EDGE ( 'NONE', *, *, #1885, .F. ) ;
#646 = CARTESIAN_POINT ( 'NONE',  ( 3.043428004029257838, 8.099000000000524224, -2.110662383807165643 ) ) ;
#647 = CARTESIAN_POINT ( 'NONE',  ( -6.799999999999998934, -0.1000000000000000056, -6.250000000000000000 ) ) ;
#648 = EDGE_CURVE ( 'NONE', #383, #1288, #1026, .T. ) ;
#649 = EDGE_LOOP ( 'NONE', ( #2338, #1378, #249, #1861 ) ) ;
#650 = CARTESIAN_POINT ( 'NONE',  ( 2.571172828762822160, 8.099000000000389221, 2.973435681558886046 ) ) ;
#651 = ORIENTED_EDGE ( 'NONE', *, *, #195, .T. ) ;
#652 = CARTESIAN_POINT ( 'NONE',  ( -6.799999999999998934, -0.1000000000000000056, -6.250000000000000000 ) ) ;
#653 = EDGE_LOOP ( 'NONE', ( #2685, #2848 ) ) ;
#654 = CARTESIAN_POINT ( 'NONE',  ( 2.964162416150877277, 8.099000000000000199, 1.063983177015644932 ) ) ;
#655 = DIRECTION ( 'NONE',  ( 0.0000000000000000000, -0.0000000000000000000, 1.000000000000000000 ) ) ;
#656 = FILL_AREA_STYLE ('',( #341 ) ) ;
#657 = ADVANCED_FACE ( 'NONE', ( #1793 ), #425, .F. ) ;
#658 = ORIENTED_EDGE ( 'NONE', *, *, #1424, .T. ) ;
#659 = CARTESIAN_POINT ( 'NONE',  ( 2.586438060217869594, 8.099999999999999645, -1.060381676289658293 ) ) ;
#660 = ORIENTED_EDGE ( 'NONE', *, *, #1916, .T. ) ;
#661 =( LENGTH_UNIT ( ) NAMED_UNIT ( * ) SI_UNIT ( .MILLI., .METRE. ) );
#662 = CARTESIAN_POINT ( 'NONE',  ( 2.563949946930746737, 8.099999999999994316, -3.217334126268090788 ) ) ;
#663 = CARTESIAN_POINT ( 'NONE',  ( 2.617684166821778291, 8.098999999999998423, 1.015942972702067015 ) ) ;
#664 =( LENGTH_UNIT ( ) NAMED_UNIT ( * ) SI_UNIT ( .MILLI., .METRE. ) );
#665 = CARTESIAN_POINT ( 'NONE',  ( 1.358709690766759293, 8.099999999999999645, -0.6051099705714247934 ) ) ;
#666 = CARTESIAN_POINT ( 'NONE',  ( 2.551513171125505686, 8.099000000000389221, 2.960192448515412522 ) ) ;
#667 = EDGE_CURVE ( 'NONE', #1640, #2811, #2814, .T. ) ;
#668 = COLOUR_RGB ( '',0.1882352941176470562, 0.2039215686274509776, 0.2039215686274509776 ) ;
#669 = VECTOR ( 'NONE', #1385, 1000.000000000000000 ) ;
#670 = EDGE_CURVE ( 'NONE', #503, #1277, #764, .T. ) ;
#671 = CARTESIAN_POINT ( 'NONE',  ( -1.469949758052150779, 8.099999999999999645, -1.527614301280077358 ) ) ;
#672 = LINE ( 'NONE', #1172, #2134 ) ;
#673 = CARTESIAN_POINT ( 'NONE',  ( 2.533510029306844213, 8.099000000000298627, -2.887154339343328324 ) ) ;
#674 = VERTEX_POINT ( 'NONE', #230 ) ;
#675 = DIRECTION ( 'NONE',  ( 1.000000000000000000, 0.0000000000000000000, -0.0000000000000000000 ) ) ;
#676 = CARTESIAN_POINT ( 'NONE',  ( 5.519314015978189047, 8.100000000000001421, -2.131148989297656726 ) ) ;
#677 = FACE_OUTER_BOUND ( 'NONE', #1852, .T. ) ;
#678 = ORIENTED_EDGE ( 'NONE', *, *, #3274, .F. ) ;
#679 = VECTOR ( 'NONE', #1064, 1000.000000000000000 ) ;
#680 = FILL_AREA_STYLE_COLOUR ( '', #2260 ) ;
#681 = VERTEX_POINT ( 'NONE', #276 ) ;
#682 = ADVANCED_FACE ( 'NONE', ( #1128 ), #998, .T. ) ;
#683 = CARTESIAN_POINT ( 'NONE',  ( 4.727355466283608365, 8.099000000000001975, -1.489686007154302994 ) ) ;
#684 = ORIENTED_EDGE ( 'NONE', *, *, #1610, .T. ) ;
#685 = CARTESIAN_POINT ( 'NONE',  ( 2.586704316400999293, 8.099000000000001975, 1.024173230315142069 ) ) ;
#686 = CARTESIAN_POINT ( 'NONE',  ( 5.444880182809848534, 8.099000000000019739, -3.836226627686126101 ) ) ;
#687 = STYLED_ITEM ( 'NONE', ( #1514 ), #429 ) ;
#688 = DIRECTION ( 'NONE',  ( 0.0000000000000000000, -1.000000000000000000, 8.359070939180713236E-32 ) ) ;
#689 = EDGE_LOOP ( 'NONE', ( #1246, #952, #2530, #452 ) ) ;
#690 = VECTOR ( 'NONE', #1036, 1000.000000000000000 ) ;
#691 = CARTESIAN_POINT ( 'NONE',  ( -2.476744639941904413, 8.100000000000003197, -1.103725324902122384 ) ) ;
#692 = ORIENTED_EDGE ( 'NONE', *, *, #3034, .T. ) ;
#693 = UNCERTAINTY_MEASURE_WITH_UNIT (LENGTH_MEASURE( 1.000000000000000082E-05 ), #2058, 'distance_accuracy_value', 'NONE');
#694 = ORIENTED_EDGE ( 'NONE', *, *, #231, .F. ) ;
#695 = CARTESIAN_POINT ( 'NONE',  ( 5.527102167317566206, 8.099999999999994316, 2.388650793060316246 ) ) ;
#696 = DIRECTION ( 'NONE',  ( 0.0000000000000000000, 1.000000000000000000, 0.0000000000000000000 ) ) ;
#697 = ADVANCED_FACE ( 'NONE', ( #443 ), #1031, .F. ) ;
#698 = CARTESIAN_POINT ( 'NONE',  ( 2.530218113158774429, 8.099999999999996092, -3.118422509258792719 ) ) ;
#699 = DIRECTION ( 'NONE',  ( -0.0000000000000000000, 0.0000000000000000000, -1.000000000000000000 ) ) ;
#700 =( GEOMETRIC_REPRESENTATION_CONTEXT ( 3 ) GLOBAL_UNCERTAINTY_ASSIGNED_CONTEXT ( ( #3235 ) ) GLOBAL_UNIT_ASSIGNED_CONTEXT ( ( #301, #552, #3068 ) ) REPRESENTATION_CONTEXT ( 'NONE', 'WORKASPACE' ) );
#701 = FILL_AREA_STYLE ('',( #1718 ) ) ;
#702 = CARTESIAN_POINT ( 'NONE',  ( -3.643312750178127057, 8.099999999999999645, 0.3559790058065490093 ) ) ;
#703 = DIRECTION ( 'NONE',  ( -1.000000000000000000, 0.0000000000000000000, -0.0000000000000000000 ) ) ;
#704 = EDGE_CURVE ( 'NONE', #2680, #3183, #80, .T. ) ;
#705 = CARTESIAN_POINT ( 'NONE',  ( -2.410638734430110119, 8.099999999999999645, -1.557792647736772729 ) ) ;
#706 = VECTOR ( 'NONE', #1584, 1000.000000000000000 ) ;
#707 = DIRECTION ( 'NONE',  ( 1.000000000000000000, 0.0000000000000000000, -0.0000000000000000000 ) ) ;
#708 = CARTESIAN_POINT ( 'NONE',  ( 5.527121974974407159, 8.099000000000000199, -2.162809102396120231 ) ) ;
#709 = FACE_OUTER_BOUND ( 'NONE', #15, .T. ) ;
#710 = EDGE_CURVE ( 'NONE', #415, #1014, #1405, .T. ) ;
#711 = LINE ( 'NONE', #1257, #3154 ) ;
#712 = VERTEX_POINT ( 'NONE', #1258 ) ;
#713 = CARTESIAN_POINT ( 'NONE',  ( 5.508784936989387759, 8.099999999999994316, -3.805184280439803945 ) ) ;
#714 = CARTESIAN_POINT ( 'NONE',  ( 5.409934474974407159, 8.099999999999999645, 2.597760750545056840 ) ) ;
#715 = ADVANCED_FACE ( 'NONE', ( #890, #1562 ), #741, .T. ) ;
#716 = VECTOR ( 'NONE', #3162, 1000.000000000000000 ) ;
#717 = PLANE ( 'NONE',  #498 ) ;
#718 = VERTEX_POINT ( 'NONE', #1513 ) ;
#719 = DIRECTION ( 'NONE',  ( 0.0000000000000000000, 0.0000000000000000000, -1.000000000000000000 ) ) ;
#720 = EDGE_CURVE ( 'NONE', #3249, #1195, #251, .T. ) ;
#721 = CARTESIAN_POINT ( 'NONE',  ( 5.517212275030979107, 8.099000000000003752, -0.6975711411058166389 ) ) ;
#722 = FACE_OUTER_BOUND ( 'NONE', #3089, .T. ) ;
#723 = VERTEX_POINT ( 'NONE', #510 ) ;
#724 = CARTESIAN_POINT ( 'NONE',  ( 2.564929640599984406, 8.099999999999997868, -0.4519849819648516509 ) ) ;
#725 = CARTESIAN_POINT ( 'NONE',  ( 5.471557347561827100, 8.099999999999999645, -2.092830034149005147 ) ) ;
#726 = CARTESIAN_POINT ( 'NONE',  ( 5.527013122137207191, 8.099000000000001975, 2.472903392915413168 ) ) ;
#727 = ORIENTED_EDGE ( 'NONE', *, *, #2887, .F. ) ;
#728 = DIRECTION ( 'NONE',  ( 0.0000000000000000000, 0.0000000000000000000, -1.000000000000000000 ) ) ;
#729 = CARTESIAN_POINT ( 'NONE',  ( -2.842766687186006003, 8.100000000000003197, -1.473381624114729727 ) ) ;
#730 = EDGE_LOOP ( 'NONE', ( #2550, #605 ) ) ;
#731 = CARTESIAN_POINT ( 'NONE',  ( 2.964162416150877277, 8.099000000000007304, 1.063983177015644932 ) ) ;
#732 = LINE ( 'NONE', #1102, #3174 ) ;
#733 = CARTESIAN_POINT ( 'NONE',  ( 2.528827004642662857, 8.099999999999996092, 2.925820368108616343 ) ) ;
#734 = CARTESIAN_POINT ( 'NONE',  ( 5.508784936989387759, 8.099000000000016186, -3.805184280439803945 ) ) ;
#735 = ORIENTED_EDGE ( 'NONE', *, *, #2025, .F. ) ;
#736 = ADVANCED_FACE ( 'NONE', ( #1046 ), #242, .T. ) ;
#737 = DIRECTION ( 'NONE',  ( -1.000000000000000000, 0.0000000000000000000, -0.0000000000000000000 ) ) ;
#738 = ORIENTED_EDGE ( 'NONE', *, *, #3034, .F. ) ;
#739 = CARTESIAN_POINT ( 'NONE',  ( 5.435590273447201248, 8.098999999999998423, 2.609515177632068639 ) ) ;
#740 = CARTESIAN_POINT ( 'NONE',  ( 2.527697151480758464, 8.099999999999988987, 2.912616606071583014 ) ) ;
#741 = PLANE ( 'NONE',  #3185 ) ;
#742 = EDGE_CURVE ( 'NONE', #2795, #1680, #1804, .T. ) ;
#743 = VERTEX_POINT ( 'NONE', #3103 ) ;
#744 = CARTESIAN_POINT ( 'NONE',  ( 5.526018709164537412, 8.100000000000001421, -3.774597961316592087 ) ) ;
#745 = CARTESIAN_POINT ( 'NONE',  ( -3.799999999999998046, 0.0000000000000000000, -6.250000000000000000 ) ) ;
#746 = DIRECTION ( 'NONE',  ( -0.8718943254163864509, 0.0000000000000000000, -0.4896940731790660473 ) ) ;
#747 = DIRECTION ( 'NONE',  ( -0.0000000000000000000, 1.000000000000000000, 0.0000000000000000000 ) ) ;
#748 = CARTESIAN_POINT ( 'NONE',  ( 2.841121146727295876, 8.099000000000005528, 1.023092373749116657 ) ) ;
#749 = CARTESIAN_POINT ( 'NONE',  ( 2.617684166821778291, 8.099999999999992539, 1.015942972702067015 ) ) ;
#750 = EDGE_CURVE ( 'NONE', #1020, #1640, #1581, .T. ) ;
#751 = CARTESIAN_POINT ( 'NONE',  ( 4.513281650943667067, 8.100000000000001421, -1.422054983032026154 ) ) ;
#752 = VECTOR ( 'NONE', #1192, 1000.000000000000000 ) ;
#753 = CARTESIAN_POINT ( 'NONE',  ( 5.499863649576707481, 8.099999999999996092, -0.6455746621846005784 ) ) ;
#754 = ORIENTED_EDGE ( 'NONE', *, *, #1188, .T. ) ;
#755 = UNCERTAINTY_MEASURE_WITH_UNIT (LENGTH_MEASURE( 1.000000000000000082E-05 ), #2589, 'distance_accuracy_value', 'NONE');
#756 = CARTESIAN_POINT ( 'NONE',  ( 2.953637319889458546, 8.099000000000001975, 1.059500033195125646 ) ) ;
#757 = LINE ( 'NONE', #1978, #999 ) ;
#758 = ORIENTED_EDGE ( 'NONE', *, *, #2930, .F. ) ;
#759 = CARTESIAN_POINT ( 'NONE',  ( 5.527013122137207191, 8.099999999999994316, 2.472903392915413168 ) ) ;
#760 = PRESENTATION_LAYER_ASSIGNMENT (  '', '', ( #1779 ) ) ;
#761 = FACE_OUTER_BOUND ( 'NONE', #1533, .T. ) ;
#762 = CARTESIAN_POINT ( 'NONE',  ( 2.571172828762822160, 8.099999999999990763, 2.973435681558886046 ) ) ;
#763 = VERTEX_POINT ( 'NONE', #1073 ) ;
#764 = LINE ( 'NONE', #2270, #1602 ) ;
#765 = ORIENTED_EDGE ( 'NONE', *, *, #742, .F. ) ;
#766 = CARTESIAN_POINT ( 'NONE',  ( 0.7283644151762115326, 8.099000000000000199, 1.164429399507319385 ) ) ;
#767 = CARTESIAN_POINT ( 'NONE',  ( -2.132032828918280387, 8.099000000000000199, 0.7947731002947260315 ) ) ;
#768 = CARTESIAN_POINT ( 'NONE',  ( 4.815217329502886834, 8.099000000000000199, 0.5997018838477250480 ) ) ;
#769 = VERTEX_POINT ( 'NONE', #2340 ) ;
#770 = AXIS2_PLACEMENT_3D ( 'NONE', #1419, #1152, #132 ) ;
#771 = CARTESIAN_POINT ( 'NONE',  ( 5.483168446898242010, 8.098999999999996646, 2.613418528388452344 ) ) ;
#772 = COLOUR_RGB ( '',0.1882352941176470562, 0.2039215686274509776, 0.2039215686274509776 ) ;
#773 = ORIENTED_EDGE ( 'NONE', *, *, #547, .F. ) ;
#774 = CARTESIAN_POINT ( 'NONE',  ( 5.437508004386171656, 8.099999999999999645, 2.160720309368585834 ) ) ;
#775 = CARTESIAN_POINT ( 'NONE',  ( 5.257782445812909877, 8.099000000000014410, -3.821911677558024856 ) ) ;
#776 = ORIENTED_EDGE ( 'NONE', *, *, #511, .F. ) ;
#777 = COLOUR_RGB ( '',0.1882352941176470562, 0.2039215686274509776, 0.2039215686274509776 ) ;
#778 = VERTEX_POINT ( 'NONE', #521 ) ;
#779 = CARTESIAN_POINT ( 'NONE',  ( 4.410394033797937041, 8.099999999999999645, 0.6028158976038797690 ) ) ;
#780 = CARTESIAN_POINT ( 'NONE',  ( 2.527121974974408047, 8.099000000000001975, -3.017588514160826296 ) ) ;
#781 = EDGE_CURVE ( 'NONE', #712, #129, #2961, .T. ) ;
#782 = DIRECTION ( 'NONE',  ( 0.0000000000000000000, 0.0000000000000000000, -1.000000000000000000 ) ) ;
#783 = CARTESIAN_POINT ( 'NONE',  ( 4.550798108717565071, 8.098999999999996646, -1.467670585541525741 ) ) ;
#784 = AXIS2_PLACEMENT_3D ( 'NONE', #1007, #983, #2762 ) ;
#785 = B_SPLINE_CURVE_WITH_KNOTS ( 'NONE', 3,
 ( #557, #2041, #3044, #2309, #530, #813, #2582, #1563, #3030, #2558, #2073 ),
 .UNSPECIFIED., .F., .F.,
 ( 4, 1, 1, 1, 1, 1, 1, 1, 4 ),
 ( 0.0000000000000000000, 4.361078963405307465E-05, 7.533476550925496463E-05, 9.884410772670894601E-05, 0.0001202008864616025086, 0.0001441734122609536907, 0.0001763760418707697162, 0.0002173820737521182499, 0.0002685681500971215342 ),
 .UNSPECIFIED. ) ;
#786 = FILL_AREA_STYLE ('',( #2279 ) ) ;
#787 = CARTESIAN_POINT ( 'NONE',  ( 4.669147252189567610, 8.099000000000000199, 0.6570869944871466917 ) ) ;
#788 = CARTESIAN_POINT ( 'NONE',  ( -1.363987553327731694, 8.099999999999999645, 1.106863651475818999 ) ) ;
#789 = CARTESIAN_POINT ( 'NONE',  ( 5.218937769171328789, 8.099000000000522448, -2.154943649074056111 ) ) ;
#790 = CARTESIAN_POINT ( 'NONE',  ( 5.527082551406266475, 8.099999999999990763, 2.431189515834651704 ) ) ;
#791 = LINE ( 'NONE', #2186, #112 ) ;
#792 = ORIENTED_EDGE ( 'NONE', *, *, #1775, .T. ) ;
#793 = UNCERTAINTY_MEASURE_WITH_UNIT (LENGTH_MEASURE( 1.000000000000000082E-05 ), #1608, 'distance_accuracy_value', 'NONE');
#794 = PRODUCT_DEFINITION_SHAPE ( 'NONE', 'NONE',  #67 ) ;
#795 = CARTESIAN_POINT ( 'NONE',  ( 4.631711638362186356, 8.099999999999999645, -1.490977387280535416 ) ) ;
#796 = CARTESIAN_POINT ( 'NONE',  ( 5.527102167317566206, 8.099000000000271982, 2.388650793060316246 ) ) ;
#797 = LINE ( 'NONE', #2453, #2412 ) ;
#798 = ORIENTED_EDGE ( 'NONE', *, *, #2768, .F. ) ;
#799 = FACE_OUTER_BOUND ( 'NONE', #1859, .T. ) ;
#800 =( NAMED_UNIT ( * ) SI_UNIT ( $, .STERADIAN. ) SOLID_ANGLE_UNIT ( ) );
#801 = ORIENTED_EDGE ( 'NONE', *, *, #414, .F. ) ;
#802 = EDGE_CURVE ( 'NONE', #1529, #45, #928, .T. ) ;
#803 = CARTESIAN_POINT ( 'NONE',  ( 4.579175297725285532, 8.100000000000003197, 0.6558689013132087409 ) ) ;
#804 = CARTESIAN_POINT ( 'NONE',  ( 2.738802887597120872, 8.099999999999994316, 1.010346511840633399 ) ) ;
#805 = ORIENTED_EDGE ( 'NONE', *, *, #839, .T. ) ;
#806 = CARTESIAN_POINT ( 'NONE',  ( 4.533850305697678884, 8.100000000000001421, -1.454596921072827120 ) ) ;
#807 = ORIENTED_EDGE ( 'NONE', *, *, #1164, .T. ) ;
#808 = B_SPLINE_CURVE_WITH_KNOTS ( 'NONE', 3,
 ( #1336, #1565, #1816, #1585 ),
 .UNSPECIFIED., .F., .F.,
 ( 4, 4 ),
 ( 0.0000000000000000000, 0.001441038493178792030 ),
 .UNSPECIFIED. ) ;
#809 = CARTESIAN_POINT ( 'NONE',  ( -3.799999999999998046, -0.1000000000000000056, 6.250000000000000000 ) ) ;
#810 = VECTOR ( 'NONE', #696, 1000.000000000000000 ) ;
#811 = PRESENTATION_LAYER_ASSIGNMENT (  '', '', ( #189 ) ) ;
#812 = ORIENTED_EDGE ( 'NONE', *, *, #2328, .F. ) ;
#813 = CARTESIAN_POINT ( 'NONE',  ( 3.339240339280852954, 8.099000000000522448, -2.102773672220589862 ) ) ;
#814 = CARTESIAN_POINT ( 'NONE',  ( 5.374778224974407159, 8.099500000000258382, -2.078020499454944048 ) ) ;
#815 = DIRECTION ( 'NONE',  ( -1.000000000000000000, -0.0000000000000000000, 0.0000000000000000000 ) ) ;
#816 = CARTESIAN_POINT ( 'NONE',  ( 0.7444809506092741058, 8.099000000000000199, 0.0002573522632255687004 ) ) ;
#817 = EDGE_CURVE ( 'NONE', #1766, #576, #1822, .T. ) ;
#818 = ORIENTED_EDGE ( 'NONE', *, *, #2259, .F. ) ;
#819 = CARTESIAN_POINT ( 'NONE',  ( 6.799999999999998934, -0.1000000000000000056, -6.250000000000001776 ) ) ;
#820 = CARTESIAN_POINT ( 'NONE',  ( 5.227458881647438993, 8.099000000000003752, -3.795410855370171532 ) ) ;
#821 = CARTESIAN_POINT ( 'NONE',  ( 5.437508004386171656, 8.099500000000073641, 2.160720309368585834 ) ) ;
#822 = CARTESIAN_POINT ( 'NONE',  ( 4.653041092621466923, 8.099999999999999645, 0.6572736181921153831 ) ) ;
#823 = CARTESIAN_POINT ( 'NONE',  ( -1.356103301359216307, 8.099500000000000810, 1.830682155412830525 ) ) ;
#824 = FILL_AREA_STYLE ('',( #1858 ) ) ;
#825 = CARTESIAN_POINT ( 'NONE',  ( 2.541342778683351344, 8.098999999999998423, -0.5152997252933445571 ) ) ;
#826 = CARTESIAN_POINT ( 'NONE',  ( 2.776035338426523502, 8.099999999999988987, 2.990794803959417436 ) ) ;
#827 = AXIS2_PLACEMENT_3D ( 'NONE', #2285, #1011, #782 ) ;
#828 = SURFACE_SIDE_STYLE ('',( #2622 ) ) ;
#829 = FACE_OUTER_BOUND ( 'NONE', #1651, .T. ) ;
#830 = CARTESIAN_POINT ( 'NONE',  ( 2.563949946930746737, 8.099000000000000199, -3.217334126268090788 ) ) ;
#831 = SURFACE_STYLE_FILL_AREA ( #884 ) ;
#832 = EDGE_LOOP ( 'NONE', ( #3168, #2464, #2682 ) ) ;
#833 = DIRECTION ( 'NONE',  ( 1.000000000000000000, 0.0000000000000000000, -0.0000000000000000000 ) ) ;
#834 = CARTESIAN_POINT ( 'NONE',  ( 5.527102167317566206, 8.100000000000001421, 2.388650793060316246 ) ) ;
#835 = PLANE ( 'NONE',  #1701 ) ;
#836 = ORIENTED_EDGE ( 'NONE', *, *, #3179, .T. ) ;
#837 = ORIENTED_EDGE ( 'NONE', *, *, #2461, .F. ) ;
#838 = CARTESIAN_POINT ( 'NONE',  ( 5.218298445562641774, 8.099000000000000199, -2.783902852396120231 ) ) ;
#839 = EDGE_CURVE ( 'NONE', #1783, #1947, #2095, .T. ) ;
#840 = CARTESIAN_POINT ( 'NONE',  ( 4.547048285317801586, 8.099999999999994316, 0.6519260398889608066 ) ) ;
#841 = PRESENTATION_STYLE_ASSIGNMENT (( #1534 ) ) ;
#842 = CARTESIAN_POINT ( 'NONE',  ( 2.530218113158774429, 8.099000000000001975, -3.118422509258792719 ) ) ;
#843 = EDGE_LOOP ( 'NONE', ( #904, #2088, #2976, #496 ) ) ;
#844 = DIRECTION ( 'NONE',  ( 0.0000000000000000000, 0.0000000000000000000, -1.000000000000000000 ) ) ;
#845 = SURFACE_STYLE_FILL_AREA ( #1322 ) ;
#846 = EDGE_CURVE ( 'NONE', #1719, #2922, #2652, .T. ) ;
#847 = ORIENTED_EDGE ( 'NONE', *, *, #1955, .F. ) ;
#848 = CARTESIAN_POINT ( 'NONE',  ( 5.218298445562641774, 8.099000000000000199, -3.225079322984355290 ) ) ;
#849 = CARTESIAN_POINT ( 'NONE',  ( 2.538506841512303325, 8.099000000000007304, -0.9369661171256454812 ) ) ;
#850 = DIRECTION ( 'NONE',  ( 0.0000000000000000000, 0.0000000000000000000, 1.000000000000000000 ) ) ;
#851 = LINE ( 'NONE', #597, #2662 ) ;
#852 = ORIENTED_EDGE ( 'NONE', *, *, #1268, .F. ) ;
#853 = CARTESIAN_POINT ( 'NONE',  ( 2.592810610388104120, 8.099999999999996092, -0.4194481196816134960 ) ) ;
#854 = CARTESIAN_POINT ( 'NONE',  ( 2.715552373431200373, 8.099999999999987210, 2.995277059181580270 ) ) ;
#855 = FACE_OUTER_BOUND ( 'NONE', #2445, .T. ) ;
#856 = B_SPLINE_CURVE_WITH_KNOTS ( 'NONE', 3,
 ( #2374, #872, #1884, #1672 ),
 .UNSPECIFIED., .F., .F.,
 ( 4, 4 ),
 ( 0.0000000000000000000, 0.003605206563940658183 ),
 .UNSPECIFIED. ) ;
#857 = CARTESIAN_POINT ( 'NONE',  ( 2.527121974974408047, 8.099500000000119826, -3.017588514160825852 ) ) ;
#858 = ORIENTED_EDGE ( 'NONE', *, *, #704, .F. ) ;
#859 = CARTESIAN_POINT ( 'NONE',  ( 5.239721047637053708, 8.098999999999998423, -3.810525333100451828 ) ) ;
#860 = PLANE ( 'NONE',  #1845 ) ;
#861 = UNCERTAINTY_MEASURE_WITH_UNIT (LENGTH_MEASURE( 1.000000000000000082E-05 ), #661, 'distance_accuracy_value', 'NONE');
#862 = ORIENTED_EDGE ( 'NONE', *, *, #1315, .F. ) ;
#863 = CARTESIAN_POINT ( 'NONE',  ( 5.526286168922237785, 8.099999999999994316, -0.7840866001374200422 ) ) ;
#864 = FILL_AREA_STYLE ('',( #107 ) ) ;
#865 = SURFACE_SIDE_STYLE ('',( #1159 ) ) ;
#866 = AXIS2_PLACEMENT_3D ( 'NONE', #3156, #2924, #3170 ) ;
#867 = CARTESIAN_POINT ( 'NONE',  ( 5.220210403807397093, 8.099999999999990763, -2.143403294419240712 ) ) ;
#868 = CARTESIAN_POINT ( 'NONE',  ( 2.542963538740989016, 8.099999999999999645, -2.847728262263957255 ) ) ;
#869 = DIRECTION ( 'NONE',  ( -0.8744172144337778452, -0.0000000000000000000, -0.4851747469746054975 ) ) ;
#870 = CARTESIAN_POINT ( 'NONE',  ( 5.527121974974408047, 8.099499999999999034, -0.8385903523961205641 ) ) ;
#871 = AXIS2_PLACEMENT_3D ( 'NONE', #2967, #944, #2474 ) ;
#872 = CARTESIAN_POINT ( 'NONE',  ( -3.643312750178127057, 8.098999999999998423, 0.3559790058065490093 ) ) ;
#873 =( NAMED_UNIT ( * ) SI_UNIT ( $, .STERADIAN. ) SOLID_ANGLE_UNIT ( ) );
#874 = CARTESIAN_POINT ( 'NONE',  ( 2.527815571442511011, 8.099999999999996092, -0.8138289069925794816 ) ) ;
#875 = CARTESIAN_POINT ( 'NONE',  ( 3.159872469309626730, 8.099000000000001975, -2.078097744292115134 ) ) ;
#876 = PRESENTATION_STYLE_ASSIGNMENT (( #2591 ) ) ;
#877 = CARTESIAN_POINT ( 'NONE',  ( 2.579956291228327814, 8.099999999999997868, -0.4297288963308293352 ) ) ;
#878 = CARTESIAN_POINT ( 'NONE',  ( 2.553648418840090528, 8.099999999999999645, -2.824966230416924517 ) ) ;
#879 = LINE ( 'NONE', #431, #1475 ) ;
#880 = ORIENTED_EDGE ( 'NONE', *, *, #750, .F. ) ;
#881 = CARTESIAN_POINT ( 'NONE',  ( -0.2872918840364085957, 8.099000000000000199, -1.873356820965121905 ) ) ;
#882 = CARTESIAN_POINT ( 'NONE',  ( 3.078693250408104376, 8.099000000000526001, -2.090882916220118126 ) ) ;
#883 = VECTOR ( 'NONE', #978, 1000.000000000000000 ) ;
#884 = FILL_AREA_STYLE ('',( #2600 ) ) ;
#885 = VERTEX_POINT ( 'NONE', #1594 ) ;
#886 = EDGE_CURVE ( 'NONE', #937, #1555, #1938, .T. ) ;
#887 = CARTESIAN_POINT ( 'NONE',  ( 4.437813479715853049, 8.099999999999999645, 0.6159613282912047572 ) ) ;
#888 =( NAMED_UNIT ( * ) PLANE_ANGLE_UNIT ( ) SI_UNIT ( $, .RADIAN. ) );
#889 = CARTESIAN_POINT ( 'NONE',  ( 5.339030201005694920, 8.099999999999997868, -2.079387093828840793 ) ) ;
#890 = FACE_OUTER_BOUND ( 'NONE', #2612, .T. ) ;
#891 = ORIENTED_EDGE ( 'NONE', *, *, #2399, .T. ) ;
#892 = CARTESIAN_POINT ( 'NONE',  ( 5.519314015978189047, 8.099000000000524224, -2.131148989297656726 ) ) ;
#893 = CARTESIAN_POINT ( 'NONE',  ( 3.195780063209701094, 8.099000000000000199, -2.078020499454944048 ) ) ;
#894 = ORIENTED_EDGE ( 'NONE', *, *, #742, .T. ) ;
#895 = EDGE_CURVE ( 'NONE', #3080, #565, #2489, .T. ) ;
#896 = CARTESIAN_POINT ( 'NONE',  ( 4.688367714085698523, 8.099999999999994316, -1.490785961285773897 ) ) ;
#897 = VERTEX_POINT ( 'NONE', #2574 ) ;
#898 = CARTESIAN_POINT ( 'NONE',  ( 3.059851504703098080, 8.099000000000524224, -2.099531447967012632 ) ) ;
#899 = CARTESIAN_POINT ( 'NONE',  ( 4.517414010138524283, 8.099000000000003752, 0.6479542037590132475 ) ) ;
#900 = VECTOR ( 'NONE', #1674, 1000.000000000000000 ) ;
#901 = CARTESIAN_POINT ( 'NONE',  ( 4.437813479715853049, 8.099000000000000199, 0.6159613282912047572 ) ) ;
#902 = EDGE_CURVE ( 'NONE', #503, #712, #331, .T. ) ;
#903 = CARTESIAN_POINT ( 'NONE',  ( 3.316377512042953057, 8.099999999999996092, -2.089359366741358137 ) ) ;
#904 = ORIENTED_EDGE ( 'NONE', *, *, #3206, .T. ) ;
#905 = FILL_AREA_STYLE_COLOUR ( '', #1968 ) ;
#906 = EDGE_LOOP ( 'NONE', ( #2806, #812 ) ) ;
#907 = DIRECTION ( 'NONE',  ( -0.4053582122534953869, 0.0000000000000000000, 0.9141579293309500809 ) ) ;
#908 = CARTESIAN_POINT ( 'NONE',  ( 1.358709690766759293, 8.100000000000001421, -0.6051099705714247934 ) ) ;
#909 = DIRECTION ( 'NONE',  ( 2.416779432592047598E-47, 8.359070939180713236E-32, 1.000000000000000000 ) ) ;
#910 = CARTESIAN_POINT ( 'NONE',  ( 2.662607184688675854, 8.099000000000392774, 2.994764960851857616 ) ) ;
#911 = DIRECTION ( 'NONE',  ( 0.0000000000000000000, 0.0000000000000000000, -1.000000000000000000 ) ) ;
#912 = ADVANCED_FACE ( 'NONE', ( #3043 ), #61, .T. ) ;
#913 = CARTESIAN_POINT ( 'NONE',  ( -6.388449604905978241, 8.099000000000000199, 6.795352941474994246 ) ) ;
#914 = EDGE_CURVE ( 'NONE', #2837, #2181, #2305, .T. ) ;
#915 = CARTESIAN_POINT ( 'NONE',  ( 1.082071501790373480, 8.100000000000001421, -1.235140679232828775 ) ) ;
#916 = FACE_OUTER_BOUND ( 'NONE', #1749, .T. ) ;
#917 = CARTESIAN_POINT ( 'NONE',  ( 4.547048285317801586, 8.098999999999998423, 0.6519260398889608066 ) ) ;
#918 = DIRECTION ( 'NONE',  ( 0.0000000000000000000, 0.0000000000000000000, 1.000000000000000000 ) ) ;
#919 = CARTESIAN_POINT ( 'NONE',  ( -6.388449604905978241, 8.099000000000000199, 6.795352941474994246 ) ) ;
#920 = ORIENTED_EDGE ( 'NONE', *, *, #3111, .F. ) ;
#921 = LINE ( 'NONE', #2202, #2052 ) ;
#922 = ORIENTED_EDGE ( 'NONE', *, *, #1771, .T. ) ;
#923 =( NAMED_UNIT ( * ) SI_UNIT ( $, .STERADIAN. ) SOLID_ANGLE_UNIT ( ) );
#924 = VECTOR ( 'NONE', #585, 1000.000000000000000 ) ;
#925 = CARTESIAN_POINT ( 'NONE',  ( 5.218298445562641774, 8.099000000000000199, -2.783902852396120231 ) ) ;
#926 = ORIENTED_EDGE ( 'NONE', *, *, #1097, .T. ) ;
#927 = CARTESIAN_POINT ( 'NONE',  ( 2.872480430856760414, 8.099999999999999645, -0.6180021171020017023 ) ) ;
#928 = LINE ( 'NONE', #543, #206 ) ;
#929 = EDGE_CURVE ( 'NONE', #12, #2538, #2295, .T. ) ;
#930 = ORIENTED_EDGE ( 'NONE', *, *, #2546, .T. ) ;
#931 = ORIENTED_EDGE ( 'NONE', *, *, #2004, .T. ) ;
#932 = DIRECTION ( 'NONE',  ( 0.0000000000000000000, 0.0000000000000000000, 1.000000000000000000 ) ) ;
#933 = FACE_OUTER_BOUND ( 'NONE', #1575, .T. ) ;
#934 = VERTEX_POINT ( 'NONE', #1869 ) ;
#935 = CARTESIAN_POINT ( 'NONE',  ( 4.666827857327349172, 8.099000000000000199, -1.491393661219649669 ) ) ;
#936 = CARTESIAN_POINT ( 'NONE',  ( 4.815217329502886834, 8.099000000000000199, 0.5997018838477250480 ) ) ;
#937 = VERTEX_POINT ( 'NONE', #624 ) ;
#938 = ADVANCED_FACE ( 'NONE', ( #529 ), #344, .T. ) ;
#939 =( LENGTH_UNIT ( ) NAMED_UNIT ( * ) SI_UNIT ( .MILLI., .METRE. ) );
#940 = CARTESIAN_POINT ( 'NONE',  ( 5.508328619008906912, 8.099999999999997868, -2.116899853374576868 ) ) ;
#941 = EDGE_LOOP ( 'NONE', ( #224, #3197 ) ) ;
#942 = AXIS2_PLACEMENT_3D ( 'NONE', #1590, #2336, #2119 ) ;
#943 = CARTESIAN_POINT ( 'NONE',  ( 5.527013122137207191, 8.099000000000316390, 2.472903392915413168 ) ) ;
#944 = DIRECTION ( 'NONE',  ( 0.0000000000000000000, 1.000000000000000000, 0.0000000000000000000 ) ) ;
#945 = CARTESIAN_POINT ( 'NONE',  ( 5.387900587810134923, 8.099999999999999645, -3.842363265713347076 ) ) ;
#946 = CARTESIAN_POINT ( 'NONE',  ( 7.700000000000003730, 8.099999999999999645, 8.200000000000001066 ) ) ;
#947 = CARTESIAN_POINT ( 'NONE',  ( 4.789882400882086166, 8.099000000000000199, 0.6331478698513847148 ) ) ;
#948 = CARTESIAN_POINT ( 'NONE',  ( 5.445087565124887341, 8.099000000000003752, -2.083438889695074181 ) ) ;
#949 = CARTESIAN_POINT ( 'NONE',  ( -6.388449604905978241, 8.099999999999999645, 6.795352941474994246 ) ) ;
#950 = CARTESIAN_POINT ( 'NONE',  ( 5.218298445562641774, 8.099999999999999645, -2.783902852396120231 ) ) ;
#951 = ADVANCED_FACE ( 'NONE', ( #722 ), #2111, .T. ) ;
#952 = ORIENTED_EDGE ( 'NONE', *, *, #1994, .F. ) ;
#953 = DIRECTION ( 'NONE',  ( -1.000000000000000000, 0.0000000000000000000, -0.0000000000000000000 ) ) ;
#954 = DIRECTION ( 'NONE',  ( -0.0000000000000000000, -1.000000000000000000, 0.0000000000000000000 ) ) ;
#955 = FACE_OUTER_BOUND ( 'NONE', #2261, .T. ) ;
#956 = DIRECTION ( 'NONE',  ( -0.0000000000000000000, -1.000000000000000000, -0.0000000000000000000 ) ) ;
#957 = ORIENTED_EDGE ( 'NONE', *, *, #902, .F. ) ;
#958 = CARTESIAN_POINT ( 'NONE',  ( 5.306899464651201548, 8.099999999999994316, -3.837396805271579225 ) ) ;
#959 = CARTESIAN_POINT ( 'NONE',  ( 5.517262668975861928, 8.098999999999994870, -0.9830835617457653886 ) ) ;
#960 =( GEOMETRIC_REPRESENTATION_CONTEXT ( 3 ) GLOBAL_UNCERTAINTY_ASSIGNED_CONTEXT ( ( #551 ) ) GLOBAL_UNIT_ASSIGNED_CONTEXT ( ( #1243, #1826, #800 ) ) REPRESENTATION_CONTEXT ( 'NONE', 'WORKASPACE' ) );
#961 = EDGE_LOOP ( 'NONE', ( #3052, #82, #2091, #1691 ) ) ;
#962 = CARTESIAN_POINT ( 'NONE',  ( 5.527082551406266475, 8.099000000000316390, 2.431189515834651260 ) ) ;
#963 = ORIENTED_EDGE ( 'NONE', *, *, #3143, .F. ) ;
#964 = CARTESIAN_POINT ( 'NONE',  ( 4.821239622033232308, 8.099999999999997868, -1.403158367102002479 ) ) ;
#965 = ORIENTED_EDGE ( 'NONE', *, *, #720, .F. ) ;
#966 = CARTESIAN_POINT ( 'NONE',  ( 2.532650878307209030, 8.100000000000003197, 1.075761104681659974 ) ) ;
#967 = CARTESIAN_POINT ( 'NONE',  ( 5.526825941422427668, 8.099000000000000199, -0.8192857070953556420 ) ) ;
#968 = ADVANCED_FACE ( 'NONE', ( #799 ), #1154, .F. ) ;
#969 = CARTESIAN_POINT ( 'NONE',  ( 2.546520304723548289, 8.099999999999992539, -0.9816470518819286895 ) ) ;
#970 = EDGE_LOOP ( 'NONE', ( #2706, #1871, #1005, #2653 ) ) ;
#971 = CARTESIAN_POINT ( 'NONE',  ( 5.240421146275321185, 8.098999999999996646, -2.113014822078770560 ) ) ;
#972 = VECTOR ( 'NONE', #2536, 1000.000000000000114 ) ;
#973 = DIRECTION ( 'NONE',  ( 0.0000000000000000000, 0.0000000000000000000, -1.000000000000000000 ) ) ;
#974 = DIRECTION ( 'NONE',  ( 0.0000000000000000000, 0.0000000000000000000, 1.000000000000000000 ) ) ;
#975 = ORIENTED_EDGE ( 'NONE', *, *, #2435, .T. ) ;
#976 = EDGE_CURVE ( 'NONE', #2812, #3126, #492, .T. ) ;
#977 = EDGE_CURVE ( 'NONE', #3249, #2922, #2254, .T. ) ;
#978 = DIRECTION ( 'NONE',  ( -0.0000000000000000000, 1.000000000000000000, 0.0000000000000000000 ) ) ;
#979 = ORIENTED_EDGE ( 'NONE', *, *, #2801, .F. ) ;
#980 = CARTESIAN_POINT ( 'NONE',  ( 4.512704093138569128, 8.099000000000000199, -1.409445910089861087 ) ) ;
#981 = B_SPLINE_CURVE_WITH_KNOTS ( 'NONE', 3,
 ( #788, #2790, #50, #566 ),
 .UNSPECIFIED., .F., .F.,
 ( 4, 4 ),
 ( 0.0000000000000000000, 0.002878276036512211582 ),
 .UNSPECIFIED. ) ;
#982 = CARTESIAN_POINT ( 'NONE',  ( 4.815217329502886834, 8.099999999999999645, 0.5997018838477250480 ) ) ;
#983 = DIRECTION ( 'NONE',  ( -0.4851747469746055530, 0.0000000000000000000, 0.8744172144337779562 ) ) ;
#984 = CARTESIAN_POINT ( 'NONE',  ( 5.218298445562641774, 8.099999999999999645, 8.200000000000001066 ) ) ;
#985 = CARTESIAN_POINT ( 'NONE',  ( 1.376573076593529121, 8.099999999999999645, -0.04860091545332359542 ) ) ;
#986 =( GEOMETRIC_REPRESENTATION_CONTEXT ( 3 ) GLOBAL_UNCERTAINTY_ASSIGNED_CONTEXT ( ( #693 ) ) GLOBAL_UNIT_ASSIGNED_CONTEXT ( ( #2058, #290, #2567 ) ) REPRESENTATION_CONTEXT ( 'NONE', 'WORKASPACE' ) );
#987 = CARTESIAN_POINT ( 'NONE',  ( 5.471530677601940340, 8.099999999999997868, -3.827978345752456324 ) ) ;
#988 = FILL_AREA_STYLE_COLOUR ( '', #1156 ) ;
#989 = CARTESIAN_POINT ( 'NONE',  ( 4.512416092621466923, 8.099000000000000199, 0.2919243534862330791 ) ) ;
#990 = EDGE_CURVE ( 'NONE', #1694, #2667, #562, .T. ) ;
#991 = CARTESIAN_POINT ( 'NONE',  ( 4.821239622033232308, 8.099000000000000199, -0.6221381465137671984 ) ) ;
#992 = CARTESIAN_POINT ( 'NONE',  ( 5.523325773407519179, 8.098999999999998423, -0.7361262470247282863 ) ) ;
#993 = CARTESIAN_POINT ( 'NONE',  ( 2.541342778683351344, 8.099999999999996092, -0.5152997252933445571 ) ) ;
#994 = CARTESIAN_POINT ( 'NONE',  ( 2.702213886739112780, 8.099500000000192657, 2.995508912309762906 ) ) ;
#995 = FACE_BOUND ( 'NONE', #2745, .T. ) ;
#996 = CARTESIAN_POINT ( 'NONE',  ( 5.419012773983033604, 8.098999999999998423, 2.601920052150273222 ) ) ;
#997 = MECHANICAL_DESIGN_GEOMETRIC_PRESENTATION_REPRESENTATION (  '', ( #1683 ), #183 ) ;
#998 = PLANE ( 'NONE',  #2001 ) ;
#999 = VECTOR ( 'NONE', #2695, 1000.000000000000000 ) ;
#1000 = CARTESIAN_POINT ( 'NONE',  ( -0.2872918840364085957, 8.099000000000000199, -1.873356820965121905 ) ) ;
#1001 = VERTEX_POINT ( 'NONE', #2857 ) ;
#1002 = CARTESIAN_POINT ( 'NONE',  ( 4.821239622033232308, 8.099000000000000199, -0.6221381465137671984 ) ) ;
#1003 = CARTESIAN_POINT ( 'NONE',  ( 5.454741460268525799, 8.099999999999994316, -0.6221381465137671984 ) ) ;
#1004 = LINE ( 'NONE', #1811, #248 ) ;
#1005 = ORIENTED_EDGE ( 'NONE', *, *, #802, .F. ) ;
#1006 = ADVANCED_FACE ( 'NONE', ( #526 ), #388, .F. ) ;
#1007 = CARTESIAN_POINT ( 'NONE',  ( 2.872480430856760414, 8.099000000000000199, -0.6180021171020024795 ) ) ;
#1008 = CARTESIAN_POINT ( 'NONE',  ( 4.513281650943667067, 8.100000000000004974, -1.422054983032026154 ) ) ;
#1009 = CARTESIAN_POINT ( 'NONE',  ( 0.7444809506092741058, 8.099999999999999645, 0.0002573522632255687004 ) ) ;
#1010 = ORIENTED_EDGE ( 'NONE', *, *, #1164, .F. ) ;
#1011 = DIRECTION ( 'NONE',  ( 1.000000000000000000, 0.0000000000000000000, 0.0000000000000000000 ) ) ;
#1012 = SURFACE_SIDE_STYLE ('',( #1528 ) ) ;
#1013 = FACE_OUTER_BOUND ( 'NONE', #1436, .T. ) ;
#1014 = VERTEX_POINT ( 'NONE', #70 ) ;
#1015 = CARTESIAN_POINT ( 'NONE',  ( -2.132032828918280387, 8.099000000000000199, 0.7947731002947260315 ) ) ;
#1016 = DIRECTION ( 'NONE',  ( 0.0000000000000000000, 1.000000000000000000, -0.0000000000000000000 ) ) ;
#1017 = ORIENTED_EDGE ( 'NONE', *, *, #802, .T. ) ;
#1018 = CARTESIAN_POINT ( 'NONE',  ( 2.953637319889458546, 8.100000000000001421, 1.059500033195125646 ) ) ;
#1019 = EDGE_CURVE ( 'NONE', #54, #937, #1042, .T. ) ;
#1020 = VERTEX_POINT ( 'NONE', #2507 ) ;
#1021 = CARTESIAN_POINT ( 'NONE',  ( 2.902479109934296364, 8.099000000000003752, 1.039972050497611766 ) ) ;
#1022 = CARTESIAN_POINT ( 'NONE',  ( 2.591919769092053905, 8.099000000000000199, -3.225079322984355290 ) ) ;
#1023 = CARTESIAN_POINT ( 'NONE',  ( 5.220267974417982515, 8.099000000000009081, -3.778261956114195019 ) ) ;
#1024 = EDGE_CURVE ( 'NONE', #504, #2292, #367, .T. ) ;
#1025 = CARTESIAN_POINT ( 'NONE',  ( 2.536581080824211742, 8.099999999999994316, 2.944831222994118480 ) ) ;
#1026 = B_SPLINE_CURVE_WITH_KNOTS ( 'NONE', 3,
 ( #1945, #1503, #691, #1931 ),
 .UNSPECIFIED., .F., .F.,
 ( 4, 4 ),
 ( 0.0000000000000000000, 0.001440909905563064405 ),
 .UNSPECIFIED. ) ;
#1027 = CARTESIAN_POINT ( 'NONE',  ( 5.454741460268525799, 8.099000000000000199, -0.6221381465137671984 ) ) ;
#1028 = CARTESIAN_POINT ( 'NONE',  ( 4.669147252189567610, 8.099999999999992539, 0.6570869944871466917 ) ) ;
#1029 = CARTESIAN_POINT ( 'NONE',  ( 5.459862398869212541, 8.099999999999994316, 2.616456494423858636 ) ) ;
#1030 = CARTESIAN_POINT ( 'NONE',  ( 2.626656811981014084, 8.099999999999988987, 2.991148086538859996 ) ) ;
#1031 = PLANE ( 'NONE',  #1272 ) ;
#1032 = CARTESIAN_POINT ( 'NONE',  ( 4.572551966817469449, 8.099000000000007304, -1.479028877387306595 ) ) ;
#1033 = SURFACE_SIDE_STYLE ('',( #3129 ) ) ;
#1034 = CARTESIAN_POINT ( 'NONE',  ( 4.631711638362186356, 8.099000000000000199, -1.490977387280535416 ) ) ;
#1035 = FACE_BOUND ( 'NONE', #2252, .T. ) ;
#1036 = DIRECTION ( 'NONE',  ( -1.000000000000000000, -0.0000000000000000000, 0.0000000000000000000 ) ) ;
#1037 = VECTOR ( 'NONE', #3244, 1000.000000000000000 ) ;
#1038 = CARTESIAN_POINT ( 'NONE',  ( 2.527121974974408047, 8.099999999999999645, -3.017588514160826296 ) ) ;
#1039 = EDGE_LOOP ( 'NONE', ( #3245, #1123, #2386 ) ) ;
#1040 = DIRECTION ( 'NONE',  ( 1.000000000000000000, -2.020203072138983510E-78, -2.416779432592047598E-47 ) ) ;
#1041 = PRESENTATION_LAYER_ASSIGNMENT (  '', '', ( #1171 ) ) ;
#1042 = LINE ( 'NONE', #3229, #1198 ) ;
#1043 = DIRECTION ( 'NONE',  ( 1.000000000000000000, 0.0000000000000000000, 0.0000000000000000000 ) ) ;
#1044 = CARTESIAN_POINT ( 'NONE',  ( -2.842766687186006003, 8.099000000000000199, -1.473381624114729727 ) ) ;
#1045 = EDGE_LOOP ( 'NONE', ( #563, #1500, #617, #1834 ) ) ;
#1046 = FACE_OUTER_BOUND ( 'NONE', #2219, .T. ) ;
#1047 = EDGE_LOOP ( 'NONE', ( #2526, #2659, #3259, #3093 ) ) ;
#1048 = SURFACE_SIDE_STYLE ('',( #845 ) ) ;
#1049 = FILL_AREA_STYLE_COLOUR ( '', #2457 ) ;
#1050 = CARTESIAN_POINT ( 'NONE',  ( 4.653041092621467811, 8.099500000000000810, 0.6572736181921154941 ) ) ;
#1051 = EDGE_LOOP ( 'NONE', ( #2113, #1417, #1799 ) ) ;
#1052 = CARTESIAN_POINT ( 'NONE',  ( 2.548573349249458886, 8.099999999999997868, -2.832998249677535441 ) ) ;
#1053 = ORIENTED_EDGE ( 'NONE', *, *, #2551, .F. ) ;
#1054 = CARTESIAN_POINT ( 'NONE',  ( 5.526825941422427668, 8.099999999999992539, -0.8192857070953556420 ) ) ;
#1055 = EDGE_CURVE ( 'NONE', #1787, #2747, #2089, .T. ) ;
#1056 = ADVANCED_FACE ( 'NONE', ( #761 ), #1670, .F. ) ;
#1057 = ORIENTED_EDGE ( 'NONE', *, *, #1394, .T. ) ;
#1058 =( NAMED_UNIT ( * ) PLANE_ANGLE_UNIT ( ) SI_UNIT ( $, .RADIAN. ) );
#1059 = DIRECTION ( 'NONE',  ( 1.000000000000000000, 0.0000000000000000000, 0.0000000000000000000 ) ) ;
#1060 = ORIENTED_EDGE ( 'NONE', *, *, #2151, .F. ) ;
#1061 = CARTESIAN_POINT ( 'NONE',  ( 4.653041092621467811, 8.099500000000000810, 0.6572736181921154941 ) ) ;
#1062 = EDGE_CURVE ( 'NONE', #3207, #1001, #2571, .T. ) ;
#1063 = CARTESIAN_POINT ( 'NONE',  ( 2.529272604377409195, 8.099999999999997868, -2.912432544213367613 ) ) ;
#1064 = DIRECTION ( 'NONE',  ( -0.0000000000000000000, -3.930173276491439033E-13, -1.000000000000000000 ) ) ;
#1065 = CARTESIAN_POINT ( 'NONE',  ( 4.512416092621466923, 8.099000000000000199, 0.2919243534862329681 ) ) ;
#1066 = AXIS2_PLACEMENT_3D ( 'NONE', #2757, #2542, #484 ) ;
#1067 = B_SPLINE_CURVE_WITH_KNOTS ( 'NONE', 3,
 ( #2679, #1144, #1183, #2936 ),
 .UNSPECIFIED., .F., .F.,
 ( 4, 4 ),
 ( 0.0000000000000000000, 0.003597250779246162142 ),
 .UNSPECIFIED. ) ;
#1068 = DIRECTION ( 'NONE',  ( 0.0000000000000000000, 0.0000000000000000000, -1.000000000000000000 ) ) ;
#1069 = CARTESIAN_POINT ( 'NONE',  ( 2.552194280735548215, 8.099999999999997868, -3.204032622821542553 ) ) ;
#1070 = CARTESIAN_POINT ( 'NONE',  ( 2.591919769092053905, 8.099000000000000199, -3.225079322984355290 ) ) ;
#1071 = SURFACE_STYLE_FILL_AREA ( #1846 ) ;
#1072 = DIRECTION ( 'NONE',  ( -0.9100094859874042763, 0.0000000000000000000, -0.4145874279484850211 ) ) ;
#1073 = CARTESIAN_POINT ( 'NONE',  ( 2.702213886739112780, 8.099500000000192657, 2.995508912309762906 ) ) ;
#1074 = CARTESIAN_POINT ( 'NONE',  ( -2.410638734430110119, 8.099000000000000199, -1.557792647736772729 ) ) ;
#1075 = PRESENTATION_STYLE_ASSIGNMENT (( #3125 ) ) ;
#1076 = APPLICATION_PROTOCOL_DEFINITION ( 'draft international standard', 'automotive_design', 1998, #1580 ) ;
#1077 = VECTOR ( 'NONE', #703, 1000.000000000000000 ) ;
#1078 = ORIENTED_EDGE ( 'NONE', *, *, #1404, .F. ) ;
#1079 = CARTESIAN_POINT ( 'NONE',  ( 2.527500048245067354, 8.099000000000000199, -3.036658824354054431 ) ) ;
#1080 = FACE_OUTER_BOUND ( 'NONE', #2028, .T. ) ;
#1081 = DIRECTION ( 'NONE',  ( 0.0000000000000000000, -0.0000000000000000000, 1.000000000000000000 ) ) ;
#1082 = ORIENTED_EDGE ( 'NONE', *, *, #1916, .F. ) ;
#1083 = EDGE_CURVE ( 'NONE', #885, #170, #1984, .T. ) ;
#1084 = CARTESIAN_POINT ( 'NONE',  ( 5.527013122137207191, 8.099999999999990763, 2.472903392915413168 ) ) ;
#1085 = PLANE ( 'NONE',  #2019 ) ;
#1086 = VERTEX_POINT ( 'NONE', #515 ) ;
#1087 = CARTESIAN_POINT ( 'NONE',  ( 6.799999999999998934, 0.0000000000000000000, 8.200000000000001066 ) ) ;
#1088 = CARTESIAN_POINT ( 'NONE',  ( 2.527121974974407603, 8.099000000000000199, -3.017588514160825852 ) ) ;
#1089 = ORIENTED_EDGE ( 'NONE', *, *, #1817, .F. ) ;
#1090 = CARTESIAN_POINT ( 'NONE',  ( 5.511006013408285220, 8.099000000000271982, 2.235837774732959193 ) ) ;
#1091 = VECTOR ( 'NONE', #1823, 1000.000000000000114 ) ;
#1092 = ORIENTED_EDGE ( 'NONE', *, *, #1360, .T. ) ;
#1093 = SURFACE_SIDE_STYLE ('',( #1071 ) ) ;
#1094 = LINE ( 'NONE', #3196, #972 ) ;
#1095 = CARTESIAN_POINT ( 'NONE',  ( 5.527121974974408047, 8.099499999999999034, -0.8385903523961205641 ) ) ;
#1096 = CARTESIAN_POINT ( 'NONE',  ( 4.512416092621466923, 8.099000000000000199, -0.6221381465137671984 ) ) ;
#1097 = EDGE_CURVE ( 'NONE', #39, #386, #1167, .T. ) ;
#1098 = EDGE_LOOP ( 'NONE', ( #2145, #2107, #2614, #1832 ) ) ;
#1099 =( NAMED_UNIT ( * ) PLANE_ANGLE_UNIT ( ) SI_UNIT ( $, .RADIAN. ) );
#1100 = CARTESIAN_POINT ( 'NONE',  ( 2.853508301425415006, 8.099000000000382116, 2.961792809696846884 ) ) ;
#1101 = CARTESIAN_POINT ( 'NONE',  ( 3.327859088574583790, 8.099000000000000199, -2.203649352237666115 ) ) ;
#1102 = CARTESIAN_POINT ( 'NONE',  ( -6.388449604905978241, 8.099999999999999645, 8.200000000000001066 ) ) ;
#1103 = PLANE ( 'NONE',  #1574 ) ;
#1104 = MECHANICAL_DESIGN_GEOMETRIC_PRESENTATION_REPRESENTATION (  '', ( #254 ), #1932 ) ;
#1105 = CARTESIAN_POINT ( 'NONE',  ( 2.853508301425415006, 8.098999999999994870, 2.961792809696846884 ) ) ;
#1106 = SURFACE_STYLE_USAGE ( .BOTH. , #612 ) ;
#1107 = CARTESIAN_POINT ( 'NONE',  ( -0.2872918840364085957, 8.099999999999999645, -1.873356820965121905 ) ) ;
#1108 = CARTESIAN_POINT ( 'NONE',  ( -7.700000000000001954, 8.099999999999999645, -8.199999999999997513 ) ) ;
#1109 = EDGE_CURVE ( 'NONE', #1529, #1180, #2491, .T. ) ;
#1110 = CARTESIAN_POINT ( 'NONE',  ( 2.552890989317559534, 8.099999999999999645, -0.4804457167132528128 ) ) ;
#1111 = CARTESIAN_POINT ( 'NONE',  ( 2.548573349249458886, 8.099999999999999645, -2.832998249677535441 ) ) ;
#1112 = AXIS2_PLACEMENT_3D ( 'NONE', #2490, #3272, #282 ) ;
#1113 = B_SPLINE_CURVE_WITH_KNOTS ( 'NONE', 3,
 ( #3084, #1324, #35, #2840, #2549, #1090, #1810, #2830, #303, #796, #2046 ),
 .UNSPECIFIED., .F., .F.,
 ( 4, 1, 1, 1, 1, 1, 1, 1, 4 ),
 ( 0.0000000000000000000, 2.808617580120849241E-05, 5.405882685992107801E-05, 7.906019175931917658E-05, 0.0001065293903406535947, 0.0001388477766099585186, 0.0001777868913682444964, 0.0002247860784210934434, 0.0002813679749332306953 ),
 .UNSPECIFIED. ) ;
#1114 = CARTESIAN_POINT ( 'NONE',  ( 2.556074180856759970, 8.099500000000100286, -2.821127117102002479 ) ) ;
#1115 = CARTESIAN_POINT ( 'NONE',  ( 2.542806658282763976, 8.099999999999997868, -3.183825961006220062 ) ) ;
#1116 = LINE ( 'NONE', #548, #706 ) ;
#1117 = SURFACE_STYLE_FILL_AREA ( #2663 ) ;
#1118 = CARTESIAN_POINT ( 'NONE',  ( 4.419842594302565431, 8.098999999999998423, 0.6073457264552881707 ) ) ;
#1119 = CARTESIAN_POINT ( 'NONE',  ( 5.500099621021131924, 8.099999999999992539, -1.037007634417109081 ) ) ;
#1120 = ORIENTED_EDGE ( 'NONE', *, *, #1817, .T. ) ;
#1121 = PRODUCT_DEFINITION_CONTEXT ( 'detailed design', #1580, 'design' ) ;
#1122 = VECTOR ( 'NONE', #707, 1000.000000000000000 ) ;
#1123 = ORIENTED_EDGE ( 'NONE', *, *, #2671, .F. ) ;
#1124 = CARTESIAN_POINT ( 'NONE',  ( 5.339030201005694920, 8.099999999999992539, -2.079387093828840793 ) ) ;
#1125 = CARTESIAN_POINT ( 'NONE',  ( 2.533510029306844658, 8.099999999999999645, -2.887154339343328324 ) ) ;
#1126 = SURFACE_SIDE_STYLE ('',( #2174 ) ) ;
#1127 = CARTESIAN_POINT ( 'NONE',  ( 4.437813479715853049, 8.099999999999997868, 0.6159613282912047572 ) ) ;
#1128 = FACE_OUTER_BOUND ( 'NONE', #2607, .T. ) ;
#1129 = CARTESIAN_POINT ( 'NONE',  ( -2.683080466713564594, 8.099999999999999645, -0.6490087894690590442 ) ) ;
#1130 = ORIENTED_EDGE ( 'NONE', *, *, #1703, .T. ) ;
#1131 = CARTESIAN_POINT ( 'NONE',  ( 2.617684166821778291, 8.099000000000016186, 1.015942972702067015 ) ) ;
#1132 = ORIENTED_EDGE ( 'NONE', *, *, #1591, .T. ) ;
#1133 = CARTESIAN_POINT ( 'NONE',  ( 4.463732825957348993, 8.099000000000001975, 0.6296449889787475440 ) ) ;
#1134 = CARTESIAN_POINT ( 'NONE',  ( 2.527363751985781004, 8.099000000000007304, -0.7652963318971148787 ) ) ;
#1135 = CARTESIAN_POINT ( 'NONE',  ( 3.078693250408104376, 8.099000000000001975, -2.090882916220118126 ) ) ;
#1136 = LINE ( 'NONE', #575, #1946 ) ;
#1137 = ORIENTED_EDGE ( 'NONE', *, *, #1437, .F. ) ;
#1138 = CARTESIAN_POINT ( 'NONE',  ( 2.564929640599984406, 8.099999999999997868, -0.4519849819648516509 ) ) ;
#1139 = CARTESIAN_POINT ( 'NONE',  ( -6.799999999999998934, 0.0000000000000000000, 6.250000000000000000 ) ) ;
#1140 = FILL_AREA_STYLE ('',( #2470 ) ) ;
#1141 = ORIENTED_EDGE ( 'NONE', *, *, #670, .T. ) ;
#1142 = CARTESIAN_POINT ( 'NONE',  ( 2.880063151444995029, 8.099000000000000199, 2.905894941721526958 ) ) ;
#1143 = CARTESIAN_POINT ( 'NONE',  ( -2.410638734430110119, 8.099500000000000810, -1.557792647736772507 ) ) ;
#1144 = CARTESIAN_POINT ( 'NONE',  ( -2.327713537579698233, 8.100000000000001421, 1.565495541239610544 ) ) ;
#1145 = SURFACE_SIDE_STYLE ('',( #149 ) ) ;
#1146 = CARTESIAN_POINT ( 'NONE',  ( 0.7444809506092741058, 8.099499999999999034, 0.0002573522632255687004 ) ) ;
#1147 = CARTESIAN_POINT ( 'NONE',  ( 4.512416092621466923, 8.099000000000000199, -0.6221381465137671984 ) ) ;
#1148 = EDGE_CURVE ( 'NONE', #885, #170, #34, .T. ) ;
#1149 = UNCERTAINTY_MEASURE_WITH_UNIT (LENGTH_MEASURE( 1.000000000000000082E-05 ), #939, 'distance_accuracy_value', 'NONE');
#1150 = CARTESIAN_POINT ( 'NONE',  ( 3.015862783797936597, 8.099000000000501132, -2.144196970043178663 ) ) ;
#1151 = EDGE_CURVE ( 'NONE', #12, #2222, #404, .T. ) ;
#1152 = DIRECTION ( 'NONE',  ( 1.000000000000000000, 0.0000000000000000000, 0.0000000000000000000 ) ) ;
#1153 = CARTESIAN_POINT ( 'NONE',  ( 2.880063151444995029, 8.099999999999994316, 2.905894941721526958 ) ) ;
#1154 = PLANE ( 'NONE',  #1381 ) ;
#1155 = CARTESIAN_POINT ( 'NONE',  ( 3.339240339280852954, 8.099999999999994316, -2.102773672220589862 ) ) ;
#1156 = COLOUR_RGB ( '',0.1882352941176470562, 0.2039215686274509776, 0.2039215686274509776 ) ;
#1157 = CARTESIAN_POINT ( 'NONE',  ( 2.534544591625957466, 8.099999999999999645, -0.5585160275692003795 ) ) ;
#1158 = PRESENTATION_STYLE_ASSIGNMENT (( #2950 ) ) ;
#1159 = SURFACE_STYLE_FILL_AREA ( #824 ) ;
#1160 = CARTESIAN_POINT ( 'NONE',  ( 5.526714428980626259, 8.099999999999994316, -2.157467352555448414 ) ) ;
#1161 = CARTESIAN_POINT ( 'NONE',  ( 5.526837112709920952, 8.099999999999997868, -0.8585862059565777527 ) ) ;
#1162 = FACE_OUTER_BOUND ( 'NONE', #1047, .T. ) ;
#1163 = ORIENTED_EDGE ( 'NONE', *, *, #667, .T. ) ;
#1164 = EDGE_CURVE ( 'NONE', #45, #3128, #73, .T. ) ;
#1165 = ADVANCED_FACE ( 'NONE', ( #325 ), #1567, .T. ) ;
#1166 = CARTESIAN_POINT ( 'NONE',  ( 0.5665766199005988213, 8.099999999999999645, -1.873356820965127012 ) ) ;
#1167 = LINE ( 'NONE', #16, #483 ) ;
#1168 = VERTEX_POINT ( 'NONE', #2537 ) ;
#1169 = CARTESIAN_POINT ( 'NONE',  ( 2.527121974974408491, 8.099999999999997868, -0.7393256465137673095 ) ) ;
#1170 = ORIENTED_EDGE ( 'NONE', *, *, #3111, .T. ) ;
#1171 = STYLED_ITEM ( 'NONE', ( #2406 ), #622 ) ;
#1172 = CARTESIAN_POINT ( 'NONE',  ( -1.363987553327731694, 8.099499999999999034, 1.106863651475818999 ) ) ;
#1173 = ORIENTED_EDGE ( 'NONE', *, *, #21, .F. ) ;
#1174 = CARTESIAN_POINT ( 'NONE',  ( 2.556074180856759970, 8.099500000000100286, -2.821127117102002479 ) ) ;
#1175 = FILL_AREA_STYLE_COLOUR ( '', #2129 ) ;
#1176 = ORIENTED_EDGE ( 'NONE', *, *, #2485, .F. ) ;
#1177 = PRESENTATION_LAYER_ASSIGNMENT (  '', '', ( #389 ) ) ;
#1178 = CARTESIAN_POINT ( 'NONE',  ( 5.374778224974407159, 8.099500000000258382, -2.078020499454944048 ) ) ;
#1179 = ADVANCED_FACE ( 'NONE', ( #1080 ), #461, .T. ) ;
#1180 = VERTEX_POINT ( 'NONE', #2040 ) ;
#1181 = DIRECTION ( 'NONE',  ( 0.0000000000000000000, 0.0000000000000000000, -1.000000000000000000 ) ) ;
#1182 =( NAMED_UNIT ( * ) PLANE_ANGLE_UNIT ( ) SI_UNIT ( $, .RADIAN. ) );
#1183 = CARTESIAN_POINT ( 'NONE',  ( -3.643312750178127057, 8.100000000000001421, 0.3559790058065490093 ) ) ;
#1184 = EDGE_CURVE ( 'NONE', #743, #3212, #1596, .T. ) ;
#1185 = CARTESIAN_POINT ( 'NONE',  ( 6.799999999999998934, -0.1000000000000000056, -6.250000000000001776 ) ) ;
#1186 = ADVANCED_FACE ( 'NONE', ( #1684 ), #1103, .T. ) ;
#1187 = CARTESIAN_POINT ( 'NONE',  ( 4.666827857327349172, 8.099999999999997868, -1.491393661219649669 ) ) ;
#1188 = EDGE_CURVE ( 'NONE', #3141, #2222, #1004, .T. ) ;
#1189 = CARTESIAN_POINT ( 'NONE',  ( 2.684496750294941503, 8.099000000000000199, 1.010271843298344407 ) ) ;
#1190 = CARTESIAN_POINT ( 'NONE',  ( -7.700000000000001954, 8.099999999999999645, -8.199999999999997513 ) ) ;
#1191 = LINE ( 'NONE', #1927, #360 ) ;
#1192 = DIRECTION ( 'NONE',  ( 1.000000000000000000, 0.0000000000000000000, -0.0000000000000000000 ) ) ;
#1193 = CARTESIAN_POINT ( 'NONE',  ( 5.411878705693394132, 8.098999999999996646, -2.079405616702726611 ) ) ;
#1194 = LINE ( 'NONE', #1621, #555 ) ;
#1195 = VERTEX_POINT ( 'NONE', #81 ) ;
#1196 = CARTESIAN_POINT ( 'NONE',  ( 5.513577931645527563, 8.099000000000312838, 2.567971086501501077 ) ) ;
#1197 = CARTESIAN_POINT ( 'NONE',  ( 4.821239622033232308, 8.099000000000000199, -1.403158367102002479 ) ) ;
#1198 = VECTOR ( 'NONE', #1715, 1000.000000000000000 ) ;
#1199 = ORIENTED_EDGE ( 'NONE', *, *, #2546, .F. ) ;
#1200 = DIRECTION ( 'NONE',  ( 0.0000000000000000000, 0.0000000000000000000, 1.000000000000000000 ) ) ;
#1201 = CARTESIAN_POINT ( 'NONE',  ( 4.669147252189567610, 8.099999999999999645, 0.6570869944871466917 ) ) ;
#1202 = AXIS2_PLACEMENT_3D ( 'NONE', #3230, #2229, #2478 ) ;
#1203 = ORIENTED_EDGE ( 'NONE', *, *, #154, .T. ) ;
#1204 = ADVANCED_FACE ( 'NONE', ( #1354 ), #516, .T. ) ;
#1205 =( NAMED_UNIT ( * ) PLANE_ANGLE_UNIT ( ) SI_UNIT ( $, .RADIAN. ) );
#1206 = CARTESIAN_POINT ( 'NONE',  ( -6.799999999999998934, -0.1000000000000000056, 6.250000000000000000 ) ) ;
#1207 = B_SPLINE_SURFACE_WITH_KNOTS ( 'NONE', 3, 1, ( 
 ( #2388, #2108 ),
 ( #610, #2360 ),
 ( #2613, #1898 ),
 ( #2635, #2676 ) ),
 .UNSPECIFIED., .F., .F., .F.,
 ( 4, 4 ),
 ( 2, 2 ),
 ( 0.5454545454545455252, 0.6363636363636364646 ),
 ( 0.0000000000000000000, 1.000000000000000000 ),
 .UNSPECIFIED. ) ;
#1208 = ORIENTED_EDGE ( 'NONE', *, *, #13, .T. ) ;
#1209 = CARTESIAN_POINT ( 'NONE',  ( 5.419012773983032716, 8.099000000000312838, 2.601920052150273222 ) ) ;
#1210 = LINE ( 'NONE', #2839, #339 ) ;
#1211 = ORIENTED_EDGE ( 'NONE', *, *, #667, .F. ) ;
#1212 = CARTESIAN_POINT ( 'NONE',  ( 4.771652534635807186, 8.099999999999997868, -1.474022037529632012 ) ) ;
#1213 = CARTESIAN_POINT ( 'NONE',  ( 2.527121974974408047, 8.099000000000001975, 1.132227662309762684 ) ) ;
#1214 = ORIENTED_EDGE ( 'NONE', *, *, #2361, .F. ) ;
#1215 = CARTESIAN_POINT ( 'NONE',  ( 2.527294357608363740, 8.099999999999999645, -0.6715158441237943920 ) ) ;
#1216 = CARTESIAN_POINT ( 'NONE',  ( 5.526837112709920063, 8.098999999999998423, -0.8585862059565776416 ) ) ;
#1217 = B_SPLINE_SURFACE_WITH_KNOTS ( 'NONE', 3, 1, ( 
 ( #1213, #454 ),
 ( #2704, #3194 ),
 ( #2455, #172 ),
 ( #2467, #966 ),
 ( #2932, #3187 ),
 ( #2722, #2196 ),
 ( #685, #1480 ),
 ( #663, #148 ),
 ( #412, #421 ),
 ( #1189, #2443 ),
 ( #2948, #1711 ) ),
 .UNSPECIFIED., .F., .F., .F.,
 ( 4, 1, 1, 1, 1, 1, 1, 1, 4 ),
 ( 2, 2 ),
 ( 0.0000000000000000000, 0.1224384694315795025, 0.2324423270664223717, 0.3305582081818816409, 0.4248689136603102656, 0.5328931057005736882, 0.6568331760968300070, 0.8111335730347339901, 1.000000000000000000 ),
 ( 0.0000000000000000000, 1.000000000000000000 ),
 .UNSPECIFIED. ) ;
#1218 =( GEOMETRIC_REPRESENTATION_CONTEXT ( 3 ) GLOBAL_UNCERTAINTY_ASSIGNED_CONTEXT ( ( #1389 ) ) GLOBAL_UNIT_ASSIGNED_CONTEXT ( ( #664, #2418, #2434 ) ) REPRESENTATION_CONTEXT ( 'NONE', 'WORKASPACE' ) );
#1219 = CARTESIAN_POINT ( 'NONE',  ( 2.702213886739112780, 8.099500000000192657, 2.995508912309762906 ) ) ;
#1220 = ADVANCED_FACE ( 'NONE', ( #677 ), #351, .T. ) ;
#1221 = CARTESIAN_POINT ( 'NONE',  ( 4.820712065491571607, 8.098999999999998423, -1.409904885875385760 ) ) ;
#1222 = EDGE_CURVE ( 'NONE', #3255, #1820, #1281, .T. ) ;
#1223 = DIRECTION ( 'NONE',  ( -0.0000000000000000000, -1.000000000000000000, -0.0000000000000000000 ) ) ;
#1224 = CARTESIAN_POINT ( 'NONE',  ( 5.471530677601939452, 8.099000000000019739, -3.827978345752456324 ) ) ;
#1225 = CARTESIAN_POINT ( 'NONE',  ( 5.218298445562640886, 8.099500000000006139, -3.760695131807885616 ) ) ;
#1226 = CARTESIAN_POINT ( 'NONE',  ( 5.218298445562641774, 8.099000000000000199, -2.160741087690237983 ) ) ;
#1227 = CARTESIAN_POINT ( 'NONE',  ( 0.3799915805305330574, 8.099999999999999645, 2.304560501869515221 ) ) ;
#1228 = MECHANICAL_DESIGN_GEOMETRIC_PRESENTATION_REPRESENTATION (  '', ( #1349 ), #3029 ) ;
#1229 = CARTESIAN_POINT ( 'NONE',  ( 2.964162416150876833, 8.099999999999999645, 1.063983177015644488 ) ) ;
#1230 = DIRECTION ( 'NONE',  ( -0.0000000000000000000, -1.000000000000000000, 0.0000000000000000000 ) ) ;
#1231 = FACE_OUTER_BOUND ( 'NONE', #2492, .T. ) ;
#1232 = VECTOR ( 'NONE', #2209, 1000.000000000000000 ) ;
#1233 = DIRECTION ( 'NONE',  ( -1.000000000000000000, 0.0000000000000000000, 6.094814838508611172E-15 ) ) ;
#1234 = CARTESIAN_POINT ( 'NONE',  ( -1.363987553327731694, 8.099999999999999645, 1.106863651475818999 ) ) ;
#1235 = LINE ( 'NONE', #2410, #752 ) ;
#1236 = B_SPLINE_CURVE_WITH_KNOTS ( 'NONE', 3,
 ( #2855, #3087, #3133, #1878, #362, #326, #59, #1131, #98, #3107, #83 ),
 .UNSPECIFIED., .F., .F.,
 ( 4, 1, 1, 1, 1, 1, 1, 1, 4 ),
 ( 0.0000000000000000000, 3.049319635007624759E-05, 5.788956324111755171E-05, 8.232523972257127021E-05, 0.0001058132404581162123, 0.0001327165733218354355, 0.0001635837421110309341, 0.0002020121243226486417, 0.0002490491468215903607 ),
 .UNSPECIFIED. ) ;
#1237 = CARTESIAN_POINT ( 'NONE',  ( 5.471595784181534583, 8.099000000000005528, -0.6228855599289653266 ) ) ;
#1238 = EDGE_LOOP ( 'NONE', ( #2424, #2899, #3019, #1448, #1645, #1259, #2449, #979, #156, #1722 ) ) ;
#1239 = ADVANCED_FACE ( 'NONE', ( #2728 ), #1864, .F. ) ;
#1240 = CARTESIAN_POINT ( 'NONE',  ( 2.527363751985781004, 8.099999999999994316, -0.7652963318971148787 ) ) ;
#1241 = CARTESIAN_POINT ( 'NONE',  ( 5.509050972342427244, 8.099000000000003752, -1.013493521568059386 ) ) ;
#1242 = ORIENTED_EDGE ( 'NONE', *, *, #670, .F. ) ;
#1243 =( LENGTH_UNIT ( ) NAMED_UNIT ( * ) SI_UNIT ( .MILLI., .METRE. ) );
#1244 = PLANE ( 'NONE',  #1860 ) ;
#1245 = CARTESIAN_POINT ( 'NONE',  ( 1.376573076593529121, 8.099499999999999034, -0.04860091545332358154 ) ) ;
#1246 = ORIENTED_EDGE ( 'NONE', *, *, #1019, .F. ) ;
#1247 = CARTESIAN_POINT ( 'NONE',  ( 5.527121974974408047, 8.099000000000001975, -3.757937778866709433 ) ) ;
#1248 = ORIENTED_EDGE ( 'NONE', *, *, #1546, .F. ) ;
#1249 = CARTESIAN_POINT ( 'NONE',  ( 2.527121974974407603, 8.099999999999994316, 2.905894941721526958 ) ) ;
#1250 = CARTESIAN_POINT ( 'NONE',  ( 2.598813151444995917, 8.099499999999999034, -0.4146473376902377050 ) ) ;
#1251 = CARTESIAN_POINT ( 'NONE',  ( 5.279854480030592434, 8.099999999999992539, -3.830439365127797480 ) ) ;
#1252 = ORIENTED_EDGE ( 'NONE', *, *, #1360, .F. ) ;
#1253 = CARTESIAN_POINT ( 'NONE',  ( 3.195780063209701094, 8.099500000000261934, -2.078020499454944048 ) ) ;
#1254 = B_SPLINE_SURFACE_WITH_KNOTS ( 'NONE', 3, 1, ( 
 ( #2984, #2495 ),
 ( #1747, #1501 ),
 ( #726, #759 ),
 ( #1762, #1485 ),
 ( #2275, #266 ),
 ( #2480, #2527 ),
 ( #771, #2999 ),
 ( #2518, #1029 ),
 ( #739, #239 ),
 ( #996, #1271 ),
 ( #3277, #2021 ) ),
 .UNSPECIFIED., .F., .F., .F.,
 ( 4, 1, 1, 1, 1, 1, 1, 1, 4 ),
 ( 2, 2 ),
 ( 0.0000000000000000000, 0.2440717461118155907, 0.4298373721266188219, 0.5660395832235284308, 0.6666949716584820163, 0.7422492222919163662, 0.8119692212643740969, 0.8970291245747319397, 1.000000000000000000 ),
 ( 0.0000000000000000000, 1.000000000000000000 ),
 .UNSPECIFIED. ) ;
#1255 = CARTESIAN_POINT ( 'NONE',  ( 7.700000000000003730, 0.0000000000000000000, 8.200000000000001066 ) ) ;
#1256 = LINE ( 'NONE', #1311, #1091 ) ;
#1257 = CARTESIAN_POINT ( 'NONE',  ( 2.964162416150877277, 8.099000000000000199, 1.063983177015644932 ) ) ;
#1258 = CARTESIAN_POINT ( 'NONE',  ( 2.968298445562641774, 8.099999999999999645, -2.783902852396120231 ) ) ;
#1259 = ORIENTED_EDGE ( 'NONE', *, *, #307, .T. ) ;
#1260 = EDGE_CURVE ( 'NONE', #1014, #937, #1929, .T. ) ;
#1261 = EDGE_LOOP ( 'NONE', ( #368, #1214, #2141, #218 ) ) ;
#1262 = CARTESIAN_POINT ( 'NONE',  ( -2.410638734430110119, 8.099500000000000810, -1.557792647736772507 ) ) ;
#1263 = CARTESIAN_POINT ( 'NONE',  ( 2.598813151444995917, 8.099499999999999034, -0.4146473376902377050 ) ) ;
#1264 = FILL_AREA_STYLE ('',( #508 ) ) ;
#1265 = CARTESIAN_POINT ( 'NONE',  ( 2.607774548503818846, 8.099999999999999645, -1.063314617102002479 ) ) ;
#1266 = CARTESIAN_POINT ( 'NONE',  ( 5.218298445562641774, 8.099000000000000199, -3.225079322984355290 ) ) ;
#1267 = B_SPLINE_SURFACE_WITH_KNOTS ( 'NONE', 3, 1, ( 
 ( #335, #1850 ),
 ( #56, #878 ),
 ( #604, #1111 ),
 ( #2597, #868 ),
 ( #1387, #66 ),
 ( #2620, #1125 ),
 ( #3116, #91 ),
 ( #2631, #1833 ),
 ( #2085, #1863 ),
 ( #2868, #348 ),
 ( #1088, #318 ) ),
 .UNSPECIFIED., .F., .F., .F.,
 ( 4, 1, 1, 1, 1, 1, 1, 1, 4 ),
 ( 2, 2 ),
 ( 0.0000000000000000000, 0.06764437090647498763, 0.1415224937177202991, 0.2338701472317795682, 0.3428679010880941735, 0.4714246922359627279, 0.6158393346841238847, 0.7907879492603657745, 1.000000000000000000 ),
 ( 0.0000000000000000000, 1.000000000000000000 ),
 .UNSPECIFIED. ) ;
#1268 = EDGE_CURVE ( 'NONE', #3098, #120, #1276, .T. ) ;
#1269 = CARTESIAN_POINT ( 'NONE',  ( -2.132032828918280387, 8.099999999999999645, 0.7947731002947260315 ) ) ;
#1270 = CARTESIAN_POINT ( 'NONE',  ( 4.512416092621466923, 8.099999999999999645, 0.2919243534862328571 ) ) ;
#1271 = CARTESIAN_POINT ( 'NONE',  ( 5.419012773983033604, 8.099999999999990763, 2.601920052150273222 ) ) ;
#1272 = AXIS2_PLACEMENT_3D ( 'NONE', #2543, #2799, #2003 ) ;
#1273 = VECTOR ( 'NONE', #2051, 1000.000000000000000 ) ;
#1274 = FACE_OUTER_BOUND ( 'NONE', #323, .T. ) ;
#1275 = DIRECTION ( 'NONE',  ( -0.5618721594045256174, 0.0000000000000000000, -0.8272240787634843606 ) ) ;
#1276 = LINE ( 'NONE', #881, #3275 ) ;
#1277 = VERTEX_POINT ( 'NONE', #1906 ) ;
#1278 = CARTESIAN_POINT ( 'NONE',  ( 2.688422928431703163, 8.099000000000001975, 2.995249870203059661 ) ) ;
#1279 = B_SPLINE_CURVE_WITH_KNOTS ( 'NONE', 3,
 ( #1174, #1925, #1697, #2933, #385, #673, #2162, #422, #2921, #3188, #3178 ),
 .UNSPECIFIED., .F., .F.,
 ( 4, 1, 1, 1, 1, 1, 1, 1, 4 ),
 ( 0.0000000000000000000, 1.359966128353792082E-05, 2.845259631763962698E-05, 4.701876511026728653E-05, 6.893237762891705187E-05, 9.477826534848465985E-05, 0.0001238123179290554778, 0.0001589851175039181047, 0.0002010464596136283513 ),
 .UNSPECIFIED. ) ;
#1280 = CARTESIAN_POINT ( 'NONE',  ( 7.700000000000003730, 0.0000000000000000000, 6.250000000000001776 ) ) ;
#1281 = LINE ( 'NONE', #644, #2528 ) ;
#1282 = VERTEX_POINT ( 'NONE', #870 ) ;
#1283 = CARTESIAN_POINT ( 'NONE',  ( 2.933211125878412595, 8.099999999999999645, 1.050799536479193330 ) ) ;
#1284 =( GEOMETRIC_REPRESENTATION_CONTEXT ( 3 ) GLOBAL_UNCERTAINTY_ASSIGNED_CONTEXT ( ( #160 ) ) GLOBAL_UNIT_ASSIGNED_CONTEXT ( ( #2595, #1099, #1612 ) ) REPRESENTATION_CONTEXT ( 'NONE', 'WORKASPACE' ) );
#1285 = B_SPLINE_SURFACE_WITH_KNOTS ( 'NONE', 3, 1, ( 
 ( #2425, #1433 ),
 ( #3186, #945 ),
 ( #2721, #2211 ),
 ( #1462, #2701 ),
 ( #1695, #2180 ),
 ( #3205, #185 ),
 ( #3004, #1504 ),
 ( #1728, #462 ),
 ( #2486, #744 ),
 ( #2746, #211 ),
 ( #1247, #3250 ) ),
 .UNSPECIFIED., .F., .F., .F.,
 ( 4, 1, 1, 1, 1, 1, 1, 1, 4 ),
 ( 2, 2 ),
 ( 0.0000000000000000000, 0.2036099920481659886, 0.3736782506543120941, 0.5158288830178217044, 0.6354753305081242143, 0.7368732927791938891, 0.8289311075428146269, 0.9137217197293231452, 1.000000000000000000 ),
 ( 0.0000000000000000000, 1.000000000000000000 ),
 .UNSPECIFIED. ) ;
#1286 = ORIENTED_EDGE ( 'NONE', *, *, #3005, .F. ) ;
#1287 = CARTESIAN_POINT ( 'NONE',  ( 5.278213359357649459, 8.099000000000000199, -3.829384870870724988 ) ) ;
#1288 = VERTEX_POINT ( 'NONE', #1129 ) ;
#1289 = LINE ( 'NONE', #2346, #1611 ) ;
#1290 = UNCERTAINTY_MEASURE_WITH_UNIT (LENGTH_MEASURE( 1.000000000000000082E-05 ), #2863, 'distance_accuracy_value', 'NONE');
#1291 = DIRECTION ( 'NONE',  ( -0.8718943254163862289, 0.0000000000000000000, -0.4896940731790662138 ) ) ;
#1292 = EDGE_LOOP ( 'NONE', ( #2972, #837, #862, #1907 ) ) ;
#1293 = CARTESIAN_POINT ( 'NONE',  ( 5.509294117060668405, 8.099999999999992539, -0.6679017776763627179 ) ) ;
#1294 = PRESENTATION_STYLE_ASSIGNMENT (( #321 ) ) ;
#1295 = CARTESIAN_POINT ( 'NONE',  ( 4.821160054968930631, 8.099000000000000199, 0.5640298881224070637 ) ) ;
#1296 = EDGE_CURVE ( 'NONE', #3003, #3281, #3158, .T. ) ;
#1297 = EDGE_LOOP ( 'NONE', ( #1537, #1982, #600, #2421 ) ) ;
#1298 = DIRECTION ( 'NONE',  ( -1.000000000000000000, 0.0000000000000000000, 0.0000000000000000000 ) ) ;
#1299 = CARTESIAN_POINT ( 'NONE',  ( 2.880063151444995029, 8.099000000000737387, 2.905894941721526958 ) ) ;
#1300 = CARTESIAN_POINT ( 'NONE',  ( 0.5665766199005988213, 8.099000000000000199, -1.873356820965127012 ) ) ;
#1301 = ORIENTED_EDGE ( 'NONE', *, *, #3057, .T. ) ;
#1302 = AXIS2_PLACEMENT_3D ( 'NONE', #1915, #1934, #3217 ) ;
#1303 = B_SPLINE_CURVE_WITH_KNOTS ( 'NONE', 3,
 ( #1790, #2300, #2821, #1319, #2828, #1830, #1032, #3066, #2043, #2287, #2037 ),
 .UNSPECIFIED., .F., .F.,
 ( 4, 1, 1, 1, 1, 1, 1, 1, 4 ),
 ( 0.0000000000000000000, 1.873021666982462813E-05, 3.756167849164772089E-05, 5.619009975192492328E-05, 7.729505403932151791E-05, 0.0001013475366588124314, 0.0001292859151612913999, 0.0001613665955651629412, 0.0001979344505867715678 ),
 .UNSPECIFIED. ) ;
#1304 = DIRECTION ( 'NONE',  ( -0.0000000000000000000, -1.000000000000000000, 0.0000000000000000000 ) ) ;
#1305 = CARTESIAN_POINT ( 'NONE',  ( 7.700000000000003730, 0.0000000000000000000, -6.250000000000000000 ) ) ;
#1306 = CARTESIAN_POINT ( 'NONE',  ( 4.821239622033232308, 8.099000000000000199, -0.6221381465137671984 ) ) ;
#1307 = CARTESIAN_POINT ( 'NONE',  ( 5.482539587048249174, 8.098999999999996646, 2.189669165598443712 ) ) ;
#1308 = CARTESIAN_POINT ( 'NONE',  ( 2.808945697372503325, 8.099999999999994316, 1.017504710999274753 ) ) ;
#1309 = CARTESIAN_POINT ( 'NONE',  ( 4.654623249294622234, 8.099999999999999645, -1.491248985613595535 ) ) ;
#1310 = LINE ( 'NONE', #2982, #430 ) ;
#1311 = CARTESIAN_POINT ( 'NONE',  ( 5.409934474974407159, 8.099000000000000199, 2.597760750545056840 ) ) ;
#1312 = CARTESIAN_POINT ( 'NONE',  ( 2.808945697372503325, 8.099000000000001975, 1.017504710999274753 ) ) ;
#1313 = ORIENTED_EDGE ( 'NONE', *, *, #2204, .F. ) ;
#1314 = CARTESIAN_POINT ( 'NONE',  ( -7.700000000000001954, 0.0000000000000000000, -8.199999999999997513 ) ) ;
#1315 = EDGE_CURVE ( 'NONE', #743, #2541, #1351, .T. ) ;
#1316 = VECTOR ( 'NONE', #2633, 1000.000000000000000 ) ;
#1317 = CARTESIAN_POINT ( 'NONE',  ( 5.527121974974408047, 8.099999999999999645, 8.200000000000001066 ) ) ;
#1318 = EDGE_CURVE ( 'NONE', #2859, #2904, #302, .T. ) ;
#1319 = CARTESIAN_POINT ( 'NONE',  ( 4.521389176707057089, 8.099000000000005528, -1.439410400237137511 ) ) ;
#1320 = ORIENTED_EDGE ( 'NONE', *, *, #1664, .T. ) ;
#1321 = ORIENTED_EDGE ( 'NONE', *, *, #507, .F. ) ;
#1322 = FILL_AREA_STYLE ('',( #3 ) ) ;
#1323 = B_SPLINE_CURVE_WITH_KNOTS ( 'NONE', 3,
 ( #2882, #2849, #2619, #101, #593, #2596, #2076, #1386, #317, #2867, #358 ),
 .UNSPECIFIED., .F., .F.,
 ( 4, 1, 1, 1, 1, 1, 1, 1, 4 ),
 ( 0.0000000000000000000, 3.794325479577254675E-05, 6.979210223688093345E-05, 9.632782847600057251E-05, 0.0001192566249516532239, 0.0001390084416483036028, 0.0001583341289743630826, 0.0001783372663816337484, 0.0002019308033092035663 ),
 .UNSPECIFIED. ) ;
#1324 = CARTESIAN_POINT ( 'NONE',  ( 5.446012816656509159, 8.099000000000271982, 2.164716092027760830 ) ) ;
#1325 = ORIENTED_EDGE ( 'NONE', *, *, #1109, .T. ) ;
#1326 = CARTESIAN_POINT ( 'NONE',  ( 2.538537175594853590, 8.099999999999996092, -2.865629907696759293 ) ) ;
#1327 = VERTEX_POINT ( 'NONE', #391 ) ;
#1328 = CARTESIAN_POINT ( 'NONE',  ( 5.499740248487296590, 8.099000000000000199, 2.209645495282464900 ) ) ;
#1329 = DIRECTION ( 'NONE',  ( 0.5282357734468460242, 0.0000000000000000000, 0.8490977373960034713 ) ) ;
#1330 = EDGE_CURVE ( 'NONE', #1529, #1827, #2997, .T. ) ;
#1331 = FACE_OUTER_BOUND ( 'NONE', #42, .T. ) ;
#1332 = EDGE_LOOP ( 'NONE', ( #852, #3049, #963, #2072 ) ) ;
#1333 = PLANE ( 'NONE',  #1943 ) ;
#1334 = ORIENTED_EDGE ( 'NONE', *, *, #2944, .F. ) ;
#1335 = DIRECTION ( 'NONE',  ( -1.000000000000000000, 0.0000000000000000000, 0.0000000000000000000 ) ) ;
#1336 = CARTESIAN_POINT ( 'NONE',  ( -2.683080466713564594, 8.099000000000000199, -0.6490087894690590442 ) ) ;
#1337 =( NAMED_UNIT ( * ) PLANE_ANGLE_UNIT ( ) SI_UNIT ( $, .RADIAN. ) );
#1338 =( GEOMETRIC_REPRESENTATION_CONTEXT ( 3 ) GLOBAL_UNCERTAINTY_ASSIGNED_CONTEXT ( ( #3139 ) ) GLOBAL_UNIT_ASSIGNED_CONTEXT ( ( #1639, #621, #873 ) ) REPRESENTATION_CONTEXT ( 'NONE', 'WORKASPACE' ) );
#1339 = DIRECTION ( 'NONE',  ( -0.0000000000000000000, 0.0000000000000000000, -1.000000000000000000 ) ) ;
#1340 = CARTESIAN_POINT ( 'NONE',  ( 2.528188313681721588, 8.099999999999997868, -3.071375468959329780 ) ) ;
#1341 =( NAMED_UNIT ( * ) SI_UNIT ( $, .STERADIAN. ) SOLID_ANGLE_UNIT ( ) );
#1342 = SURFACE_STYLE_FILL_AREA ( #2414 ) ;
#1343 = CARTESIAN_POINT ( 'NONE',  ( 2.872480430856760414, 8.099000000000000199, -0.6180021171020024795 ) ) ;
#1344 =( LENGTH_UNIT ( ) NAMED_UNIT ( * ) SI_UNIT ( .MILLI., .METRE. ) );
#1345 = LINE ( 'NONE', #1070, #2440 ) ;
#1346 = LINE ( 'NONE', #2877, #669 ) ;
#1347 = CARTESIAN_POINT ( 'NONE',  ( 2.878671003381027216, 8.099000000000389221, 2.926803455488357297 ) ) ;
#1348 = CARTESIAN_POINT ( 'NONE',  ( 4.821239622033232308, 8.099499999999999034, -1.403158367102002479 ) ) ;
#1349 = STYLED_ITEM ( 'NONE', ( #1075 ), #139 ) ;
#1350 = CARTESIAN_POINT ( 'NONE',  ( 2.563949946930747181, 8.099000000000241783, -3.217334126268090788 ) ) ;
#1351 = LINE ( 'NONE', #2138, #3076 ) ;
#1352 = ORIENTED_EDGE ( 'NONE', *, *, #568, .T. ) ;
#1353 = DIRECTION ( 'NONE',  ( 0.0000000000000000000, 0.0000000000000000000, 1.000000000000000000 ) ) ;
#1354 = FACE_OUTER_BOUND ( 'NONE', #137, .T. ) ;
#1355 = CARTESIAN_POINT ( 'NONE',  ( 5.527121974974406271, 8.099500000000166011, -2.162809102396119787 ) ) ;
#1356 = ORIENTED_EDGE ( 'NONE', *, *, #231, .T. ) ;
#1357 = EDGE_CURVE ( 'NONE', #158, #1168, #672, .T. ) ;
#1358 = CARTESIAN_POINT ( 'NONE',  ( 4.490427746770180306, 8.099999999999997868, 0.6386537984700954018 ) ) ;
#1359 =( LENGTH_UNIT ( ) NAMED_UNIT ( * ) SI_UNIT ( .MILLI., .METRE. ) );
#1360 = EDGE_CURVE ( 'NONE', #1939, #2795, #1557, .T. ) ;
#1361 = CARTESIAN_POINT ( 'NONE',  ( 3.183133787910861656, 8.099999999999997868, -2.078047704270698848 ) ) ;
#1362 = ORIENTED_EDGE ( 'NONE', *, *, #3057, .F. ) ;
#1363 = VECTOR ( 'NONE', #655, 1000.000000000000000 ) ;
#1364 = CARTESIAN_POINT ( 'NONE',  ( 2.879597569693776116, 8.099000000000387445, 2.912887461200528438 ) ) ;
#1365 = DIRECTION ( 'NONE',  ( 0.0000000000000000000, 0.0000000000000000000, 1.000000000000000000 ) ) ;
#1366 = VERTEX_POINT ( 'NONE', #1447 ) ;
#1367 = B_SPLINE_CURVE_WITH_KNOTS ( 'NONE', 3,
 ( #2126, #915, #908, #143 ),
 .UNSPECIFIED., .F., .F.,
 ( 4, 4 ),
 ( 1.084202172485504434E-18, 0.002030387842581472292 ),
 .UNSPECIFIED. ) ;
#1368 = CARTESIAN_POINT ( 'NONE',  ( 2.880063151444995029, 8.099000000000081911, 1.445187221133291899 ) ) ;
#1369 = LINE ( 'NONE', #2609, #2617 ) ;
#1370 = CARTESIAN_POINT ( 'NONE',  ( 2.591919769092053905, 8.099000000000000199, -3.225079322984355290 ) ) ;
#1371 = ORIENTED_EDGE ( 'NONE', *, *, #2958, .F. ) ;
#1372 = CARTESIAN_POINT ( 'NONE',  ( 7.700000000000003730, 0.0000000000000000000, 8.200000000000001066 ) ) ;
#1373 = LINE ( 'NONE', #1280, #690 ) ;
#1374 = CARTESIAN_POINT ( 'NONE',  ( 2.776035338426523502, 8.099999999999996092, 2.990794803959417436 ) ) ;
#1375 = CARTESIAN_POINT ( 'NONE',  ( 7.699999999999998401, 8.099999999999999645, -8.199999999999997513 ) ) ;
#1376 = DIRECTION ( 'NONE',  ( 1.000000000000000000, 0.0000000000000000000, -0.0000000000000000000 ) ) ;
#1377 = MECHANICAL_DESIGN_GEOMETRIC_PRESENTATION_REPRESENTATION (  '', ( #687 ), #434 ) ;
#1378 = ORIENTED_EDGE ( 'NONE', *, *, #2783, .F. ) ;
#1379 = CARTESIAN_POINT ( 'NONE',  ( 2.740693402904323950, 8.099000000000387445, 2.994840051111351986 ) ) ;
#1380 = CARTESIAN_POINT ( 'NONE',  ( 2.527500048245067799, 8.099000000000241783, -3.036658824354054431 ) ) ;
#1381 = AXIS2_PLACEMENT_3D ( 'NONE', #2615, #2638, #1397 ) ;
#1382 = CARTESIAN_POINT ( 'NONE',  ( 5.500099621021131924, 8.099999999999996092, -1.037007634417109081 ) ) ;
#1383 = CARTESIAN_POINT ( 'NONE',  ( 5.471595784181534583, 8.099999999999996092, -0.6228855599289653266 ) ) ;
#1384 = DIRECTION ( 'NONE',  ( -0.8490977373960036934, 0.0000000000000000000, 0.5282357734468456911 ) ) ;
#1385 = DIRECTION ( 'NONE',  ( 0.0000000000000000000, -1.000000000000000000, 8.359070939180713236E-32 ) ) ;
#1386 = CARTESIAN_POINT ( 'NONE',  ( 3.043428004029257838, 8.099999999999994316, -2.110662383807165643 ) ) ;
#1387 = CARTESIAN_POINT ( 'NONE',  ( 2.538537175594853590, 8.098999999999998423, -2.865629907696759293 ) ) ;
#1388 = CARTESIAN_POINT ( 'NONE',  ( 5.374778224974407159, 8.099000000000000199, -3.842726381807884728 ) ) ;
#1389 = UNCERTAINTY_MEASURE_WITH_UNIT (LENGTH_MEASURE( 1.000000000000000082E-05 ), #664, 'distance_accuracy_value', 'NONE');
#1390 = COLOUR_RGB ( '',0.8274509803921568096, 0.8392156862745098200, 0.8274509803921568096 ) ;
#1391 = CARTESIAN_POINT ( 'NONE',  ( 5.517262668975861928, 8.098999999999996646, -0.9830835617457653886 ) ) ;
#1392 = FACE_BOUND ( 'NONE', #2459, .T. ) ;
#1393 = CARTESIAN_POINT ( 'NONE',  ( 5.218298445562641774, 8.099500000000164235, -2.160741087690237983 ) ) ;
#1394 = EDGE_CURVE ( 'NONE', #54, #415, #921, .T. ) ;
#1395 = VECTOR ( 'NONE', #1275, 1000.000000000000000 ) ;
#1396 = CARTESIAN_POINT ( 'NONE',  ( 4.490427746770180306, 8.098999999999998423, 0.6386537984700954018 ) ) ;
#1397 = DIRECTION ( 'NONE',  ( -1.000000000000000000, 0.0000000000000000000, -0.0000000000000000000 ) ) ;
#1398 = CARTESIAN_POINT ( 'NONE',  ( 5.306769773464120377, 8.099999999999997868, -2.083782948210247898 ) ) ;
#1399 = ORIENTED_EDGE ( 'NONE', *, *, #1148, .T. ) ;
#1400 = VECTOR ( 'NONE', #1750, 1000.000000000000227 ) ;
#1401 = VERTEX_POINT ( 'NONE', #1922 ) ;
#1402 = CARTESIAN_POINT ( 'NONE',  ( -3.799999999999998046, -0.1000000000000000056, 6.250000000000000000 ) ) ;
#1403 = CARTESIAN_POINT ( 'NONE',  ( 3.243434994722650178, 8.099999999999999645, -2.078652607809492459 ) ) ;
#1404 = EDGE_CURVE ( 'NONE', #2222, #1787, #797, .T. ) ;
#1405 = LINE ( 'NONE', #3002, #1481 ) ;
#1406 = ORIENTED_EDGE ( 'NONE', *, *, #3206, .F. ) ;
#1407 = CARTESIAN_POINT ( 'NONE',  ( 3.159872469309626730, 8.099000000000526001, -2.078097744292115134 ) ) ;
#1408 = CARTESIAN_POINT ( 'NONE',  ( 5.526825941422427668, 8.099000000000001975, -0.8192857070953556420 ) ) ;
#1409 = ORIENTED_EDGE ( 'NONE', *, *, #51, .T. ) ;
#1410 = CARTESIAN_POINT ( 'NONE',  ( 2.869166698700244655, 8.099000000000001975, 2.945973522601802674 ) ) ;
#1411 = CARTESIAN_POINT ( 'NONE',  ( -2.683080466713564594, 8.099499999999999034, -0.6490087894690590442 ) ) ;
#1412 = COLOUR_RGB ( '',1.000000000000000000, 1.000000000000000000, 1.000000000000000000 ) ;
#1413 = ORIENTED_EDGE ( 'NONE', *, *, #2606, .F. ) ;
#1414 = MECHANICAL_DESIGN_GEOMETRIC_PRESENTATION_REPRESENTATION (  '', ( #3038 ), #2367 ) ;
#1415 = DIRECTION ( 'NONE',  ( -0.0000000000000000000, 0.0000000000000000000, -1.000000000000000000 ) ) ;
#1416 = VECTOR ( 'NONE', #2117, 1000.000000000000000 ) ;
#1417 = ORIENTED_EDGE ( 'NONE', *, *, #1664, .F. ) ;
#1418 = CARTESIAN_POINT ( 'NONE',  ( 5.460634373125500041, 8.099000000000000199, -1.062886268934977396 ) ) ;
#1419 = CARTESIAN_POINT ( 'NONE',  ( 4.512416092621466923, 8.099000000000000199, -1.063314617102002702 ) ) ;
#1420 = EDGE_LOOP ( 'NONE', ( #1456, #1998, #1325, #2172 ) ) ;
#1421 = CARTESIAN_POINT ( 'NONE',  ( 2.591919769092053905, 8.099000000000000199, -3.225079322984355290 ) ) ;
#1422 = CARTESIAN_POINT ( 'NONE',  ( 4.821239622033232308, 8.099000000000000199, -1.403158367102002479 ) ) ;
#1423 = DIRECTION ( 'NONE',  ( 0.0000000000000000000, 0.0000000000000000000, -1.000000000000000000 ) ) ;
#1424 = EDGE_CURVE ( 'NONE', #2452, #2296, #2070, .T. ) ;
#1425 = CARTESIAN_POINT ( 'NONE',  ( 5.527121974974407159, 8.099500000000134037, 2.407503397603881101 ) ) ;
#1426 = CARTESIAN_POINT ( 'NONE',  ( 4.614900037615651485, 8.099000000000001975, 0.6566361856578132317 ) ) ;
#1427 = DIRECTION ( 'NONE',  ( 0.0000000000000000000, 0.0000000000000000000, 1.000000000000000000 ) ) ;
#1428 = CARTESIAN_POINT ( 'NONE',  ( 3.015862783797936597, 8.099000000000000199, -2.144196970043178663 ) ) ;
#1429 = LINE ( 'NONE', #652, #1673 ) ;
#1430 = CARTESIAN_POINT ( 'NONE',  ( 2.534544591625957466, 8.099000000000001975, -0.5585160275692003795 ) ) ;
#1431 = SURFACE_STYLE_FILL_AREA ( #1264 ) ;
#1432 = ORIENTED_EDGE ( 'NONE', *, *, #2903, .F. ) ;
#1433 = CARTESIAN_POINT ( 'NONE',  ( 5.374778224974407159, 8.100000000000001421, -3.842726381807884728 ) ) ;
#1434 = CARTESIAN_POINT ( 'NONE',  ( 5.482539587048249174, 8.099999999999988987, 2.189669165598443712 ) ) ;
#1435 = CARTESIAN_POINT ( 'NONE',  ( 2.968298445562642218, 8.099000000000000199, -2.783902852396120231 ) ) ;
#1436 = EDGE_LOOP ( 'NONE', ( #2372, #3200 ) ) ;
#1437 = EDGE_CURVE ( 'NONE', #2227, #2667, #2646, .T. ) ;
#1438 = ADVANCED_FACE ( 'NONE', ( #3195 ), #180, .T. ) ;
#1439 = CARTESIAN_POINT ( 'NONE',  ( 2.527121974974407159, 8.099500000000121602, 2.905894941721526958 ) ) ;
#1440 = CARTESIAN_POINT ( 'NONE',  ( 5.374778224974407159, 8.099000000000000199, -2.078020499454944048 ) ) ;
#1441 = VECTOR ( 'NONE', #86, 1000.000000000000000 ) ;
#1442 = ORIENTED_EDGE ( 'NONE', *, *, #1591, .F. ) ;
#1443 =( NAMED_UNIT ( * ) SI_UNIT ( $, .STERADIAN. ) SOLID_ANGLE_UNIT ( ) );
#1444 = ORIENTED_EDGE ( 'NONE', *, *, #1666, .F. ) ;
#1445 = AXIS2_PLACEMENT_3D ( 'NONE', #1096, #298, #1857 ) ;
#1446 = VECTOR ( 'NONE', #2533, 1000.000000000000000 ) ;
#1447 = CARTESIAN_POINT ( 'NONE',  ( 3.799999999999998934, -0.1000000000000000056, 6.250000000000001776 ) ) ;
#1448 = ORIENTED_EDGE ( 'NONE', *, *, #2531, .F. ) ;
#1449 = CARTESIAN_POINT ( 'NONE',  ( -6.388449604905978241, 8.099000000000000199, 6.795352941474994246 ) ) ;
#1450 = CARTESIAN_POINT ( 'NONE',  ( 4.821239622033232308, 8.099999999999999645, 0.5559408976038798800 ) ) ;
#1451 = LINE ( 'NONE', #1146, #3210 ) ;
#1452 = CARTESIAN_POINT ( 'NONE',  ( 2.968298445562642662, 8.099000000000000199, -2.783902852396120231 ) ) ;
#1453 = ORIENTED_EDGE ( 'NONE', *, *, #582, .F. ) ;
#1454 = EDGE_CURVE ( 'NONE', #1277, #2060, #2210, .T. ) ;
#1455 = CARTESIAN_POINT ( 'NONE',  ( 5.279846964207174587, 8.098999999999996646, -2.091737445211156565 ) ) ;
#1456 = ORIENTED_EDGE ( 'NONE', *, *, #1980, .F. ) ;
#1457 = UNCERTAINTY_MEASURE_WITH_UNIT (LENGTH_MEASURE( 1.000000000000000082E-05 ), #626, 'distance_accuracy_value', 'NONE');
#1458 = LINE ( 'NONE', #779, #2068 ) ;
#1459 = CARTESIAN_POINT ( 'NONE',  ( 5.374778224974407159, 8.099499999999997257, -3.842726381807884728 ) ) ;
#1460 = ORIENTED_EDGE ( 'NONE', *, *, #648, .F. ) ;
#1461 = ADVANCED_FACE ( 'NONE', ( #1162 ), #2970, .F. ) ;
#1462 = CARTESIAN_POINT ( 'NONE',  ( 5.444880182809848534, 8.099000000000001975, -3.836226627686126101 ) ) ;
#1463 = CARTESIAN_POINT ( 'NONE',  ( 4.669147252189567610, 8.099000000000000199, 0.6570869944871466917 ) ) ;
#1464 =( LENGTH_UNIT ( ) NAMED_UNIT ( * ) SI_UNIT ( .MILLI., .METRE. ) );
#1465 = CARTESIAN_POINT ( 'NONE',  ( 5.525889235651956888, 8.099000000000000199, -2.146651453493212180 ) ) ;
#1466 = CARTESIAN_POINT ( 'NONE',  ( 5.492742851701676088, 8.099999999999996092, -3.817856300661557789 ) ) ;
#1467 = SURFACE_SIDE_STYLE ('',( #472 ) ) ;
#1468 = DIRECTION ( 'NONE',  ( -1.000000000000000000, -0.0000000000000000000, 0.0000000000000000000 ) ) ;
#1469 = CARTESIAN_POINT ( 'NONE',  ( 4.821012209764464984, 8.099000000000000199, 0.5790602083643165976 ) ) ;
#1470 = ADVANCED_FACE ( 'NONE', ( #598 ), #1285, .T. ) ;
#1471 = CARTESIAN_POINT ( 'NONE',  ( 2.601004823496270379, 8.099999999999994316, -1.062384042093740266 ) ) ;
#1472 = CARTESIAN_POINT ( 'NONE',  ( 5.527121974974407159, 8.099999999999999645, -2.162809102396120231 ) ) ;
#1473 = STYLED_ITEM ( 'NONE', ( #1523 ), #1648 ) ;
#1474 = VECTOR ( 'NONE', #1862, 1000.000000000000000 ) ;
#1475 = VECTOR ( 'NONE', #423, 1000.000000000000000 ) ;
#1476 = ORIENTED_EDGE ( 'NONE', *, *, #1151, .T. ) ;
#1477 = CARTESIAN_POINT ( 'NONE',  ( 4.821239622033232308, 8.099999999999999645, 8.200000000000001066 ) ) ;
#1478 = LINE ( 'NONE', #3236, #155 ) ;
#1479 = ORIENTED_EDGE ( 'NONE', *, *, #704, .T. ) ;
#1480 = CARTESIAN_POINT ( 'NONE',  ( 2.586704316400999293, 8.100000000000001421, 1.024173230315142069 ) ) ;
#1481 = VECTOR ( 'NONE', #1789, 1000.000000000000000 ) ;
#1482 = ORIENTED_EDGE ( 'NONE', *, *, #2004, .F. ) ;
#1483 = CARTESIAN_POINT ( 'NONE',  ( 2.528188313681721588, 8.099999999999994316, -3.071375468959329780 ) ) ;
#1484 = CARTESIAN_POINT ( 'NONE',  ( 5.411878705693394132, 8.099999999999996092, -2.079405616702726611 ) ) ;
#1485 = CARTESIAN_POINT ( 'NONE',  ( 5.521773837465381085, 8.099999999999992539, 2.527604282305814909 ) ) ;
#1486 = EDGE_LOOP ( 'NONE', ( #2014, #2509, #456, #253 ) ) ;
#1487 = CARTESIAN_POINT ( 'NONE',  ( 5.519095488488114931, 8.099999999999997868, -3.790348097010625139 ) ) ;
#1488 =( NAMED_UNIT ( * ) SI_UNIT ( $, .STERADIAN. ) SOLID_ANGLE_UNIT ( ) );
#1489 = EDGE_CURVE ( 'NONE', #2665, #1555, #2171, .T. ) ;
#1490 = ADVANCED_FACE ( 'NONE', ( #203 ), #717, .F. ) ;
#1491 = ORIENTED_EDGE ( 'NONE', *, *, #2426, .T. ) ;
#1492 = CARTESIAN_POINT ( 'NONE',  ( 0.2618482734439119275, 8.099000000000000199, -1.323761545374583681 ) ) ;
#1493 = LINE ( 'NONE', #1435, #1655 ) ;
#1494 = CARTESIAN_POINT ( 'NONE',  ( 0.7444809506092741058, 8.099999999999999645, 0.0002573522632255687004 ) ) ;
#1495 = B_SPLINE_CURVE_WITH_KNOTS ( 'NONE', 3,
 ( #1219, #3046, #3015, #1030, #275, #762, #2512, #2241, #19, #740, #2792 ),
 .UNSPECIFIED., .F., .F.,
 ( 4, 1, 1, 1, 1, 1, 1, 1, 4 ),
 ( 0.0000000000000000000, 4.146256393509841105E-05, 7.761512301159519448E-05, 0.0001082698093070165880, 0.0001352055157379174644, 0.0001585759351478667684, 0.0001791107076380901448, 0.0001986088359371860018, 0.0002188275799626218155 ),
 .UNSPECIFIED. ) ;
#1496 = CARTESIAN_POINT ( 'NONE',  ( 4.767573857833901307, 8.100000000000001421, 0.6463222483132240459 ) ) ;
#1497 = ORIENTED_EDGE ( 'NONE', *, *, #2864, .T. ) ;
#1498 = CARTESIAN_POINT ( 'NONE',  ( 5.239721047637053708, 8.099999999999990763, -3.810525333100451828 ) ) ;
#1499 = CARTESIAN_POINT ( 'NONE',  ( 5.492905058138709329, 8.099999999999999645, -2.103501049775991838 ) ) ;
#1500 = ORIENTED_EDGE ( 'NONE', *, *, #337, .F. ) ;
#1501 = CARTESIAN_POINT ( 'NONE',  ( 5.527082551406266475, 8.099999999999994316, 2.431189515834651704 ) ) ;
#1502 = CARTESIAN_POINT ( 'NONE',  ( 5.521773837465381085, 8.099000000000314614, 2.527604282305814909 ) ) ;
#1503 = CARTESIAN_POINT ( 'NONE',  ( -1.837732041516708437, 8.100000000000003197, -1.008833198917882701 ) ) ;
#1504 = CARTESIAN_POINT ( 'NONE',  ( 5.508784936989387759, 8.099999999999999645, -3.805184280439803945 ) ) ;
#1505 = EDGE_CURVE ( 'NONE', #2770, #1366, #1478, .T. ) ;
#1506 = CARTESIAN_POINT ( 'NONE',  ( 2.626656811981014084, 8.099999999999992539, 2.991148086538859996 ) ) ;
#1507 = ADVANCED_FACE ( 'NONE', ( #117 ), #2364, .F. ) ;
#1508 = CARTESIAN_POINT ( 'NONE',  ( 5.374778224974407159, 8.099499999999997257, -3.842726381807884728 ) ) ;
#1509 = CARTESIAN_POINT ( 'NONE',  ( 4.599866741713836582, 8.100000000000001421, -1.485911206382574790 ) ) ;
#1510 = CARTESIAN_POINT ( 'NONE',  ( -1.356103301359216529, 8.099000000000000199, 1.830682155412830303 ) ) ;
#1511 = AXIS2_PLACEMENT_3D ( 'NONE', #2603, #1630, #1622 ) ;
#1512 = DIRECTION ( 'NONE',  ( -0.0000000000000000000, -1.000000000000000000, -0.0000000000000000000 ) ) ;
#1513 = CARTESIAN_POINT ( 'NONE',  ( -6.799999999999998934, -0.1000000000000000056, 6.250000000000000000 ) ) ;
#1514 = PRESENTATION_STYLE_ASSIGNMENT (( #2146 ) ) ;
#1515 = CARTESIAN_POINT ( 'NONE',  ( 0.7508659899793622694, 8.099000000000000199, -0.4617611516737861743 ) ) ;
#1516 = CARTESIAN_POINT ( 'NONE',  ( 4.512704093138569128, 8.099999999999999645, -1.409445910089861087 ) ) ;
#1517 = FACE_BOUND ( 'NONE', #1098, .T. ) ;
#1518 = EDGE_CURVE ( 'NONE', #1947, #2812, #281, .T. ) ;
#1519 = B_SPLINE_CURVE_WITH_KNOTS ( 'NONE', 3,
 ( #136, #1911, #2144, #1900, #152, #1155, #903, #1678, #2402, #1919, #167 ),
 .UNSPECIFIED., .F., .F.,
 ( 4, 1, 1, 1, 1, 1, 1, 1, 4 ),
 ( 0.0000000000000000000, 4.361078963405118407E-05, 7.533476550925169847E-05, 9.884410772670466341E-05, 0.0001202008864615972908, 0.0001441734122609474565, 0.0001763760418707620726, 0.0002173820737521088174, 0.0002685681500971098790 ),
 .UNSPECIFIED. ) ;
#1520 = CARTESIAN_POINT ( 'NONE',  ( -2.683080466713564594, 8.099000000000000199, -0.6490087894690590442 ) ) ;
#1521 = VECTOR ( 'NONE', #1689, 1000.000000000000000 ) ;
#1522 = STYLED_ITEM ( 'NONE', ( #2405 ), #2446 ) ;
#1523 = PRESENTATION_STYLE_ASSIGNMENT (( #1739 ) ) ;
#1524 = ORIENTED_EDGE ( 'NONE', *, *, #1518, .T. ) ;
#1525 = COLOUR_RGB ( '',0.8274509803921568096, 0.8392156862745098200, 0.8274509803921568096 ) ;
#1526 = CARTESIAN_POINT ( 'NONE',  ( 2.527121974974407603, 8.099500000000006139, 1.132227662309762461 ) ) ;
#1527 = ORIENTED_EDGE ( 'NONE', *, *, #606, .T. ) ;
#1528 = SURFACE_STYLE_FILL_AREA ( #485 ) ;
#1529 = VERTEX_POINT ( 'NONE', #2501 ) ;
#1530 = CARTESIAN_POINT ( 'NONE',  ( 2.702213886739113224, 8.099999999999996092, 2.995508912309762906 ) ) ;
#1531 = CARTESIAN_POINT ( 'NONE',  ( 2.529904389740619486, 8.099000000000007304, -0.6103212975492867676 ) ) ;
#1532 = CARTESIAN_POINT ( 'NONE',  ( 2.964162416150877277, 8.099000000000000199, 1.063983177015644932 ) ) ;
#1533 = EDGE_LOOP ( 'NONE', ( #3055, #1406, #2208, #2740 ) ) ;
#1534 = SURFACE_STYLE_USAGE ( .BOTH. , #1012 ) ;
#1535 = VERTEX_POINT ( 'NONE', #731 ) ;
#1536 = EDGE_CURVE ( 'NONE', #3255, #1180, #36, .T. ) ;
#1537 = ORIENTED_EDGE ( 'NONE', *, *, #2294, .T. ) ;
#1538 = UNCERTAINTY_MEASURE_WITH_UNIT (LENGTH_MEASURE( 1.000000000000000082E-05 ), #22, 'distance_accuracy_value', 'NONE');
#1539 = CARTESIAN_POINT ( 'NONE',  ( 2.527697151480758464, 8.099999999999992539, 2.912616606071583014 ) ) ;
#1540 = CARTESIAN_POINT ( 'NONE',  ( 5.460577331757827224, 8.099999999999992539, -0.6223969411508578631 ) ) ;
#1541 = CARTESIAN_POINT ( 'NONE',  ( 4.789882400882086166, 8.099000000000000199, 0.6331478698513847148 ) ) ;
#1542 = CARTESIAN_POINT ( 'NONE',  ( 5.374778224974407159, 8.099500000000258382, -2.078020499454944048 ) ) ;
#1543 = DIRECTION ( 'NONE',  ( 1.000000000000000000, 0.0000000000000000000, -0.0000000000000000000 ) ) ;
#1544 = CARTESIAN_POINT ( 'NONE',  ( 1.082071501790373480, 8.099000000000000199, -1.235140679232828775 ) ) ;
#1545 = CARTESIAN_POINT ( 'NONE',  ( 7.699999999999999289, 0.0000000000000000000, -8.199999999999997513 ) ) ;
#1546 = EDGE_CURVE ( 'NONE', #2227, #2419, #1976, .T. ) ;
#1547 = CARTESIAN_POINT ( 'NONE',  ( 2.579956291228327814, 8.099000000000007304, -0.4297288963308293352 ) ) ;
#1548 = CARTESIAN_POINT ( 'NONE',  ( 4.736736072903111605, 8.099999999999990763, 0.6527479112543117523 ) ) ;
#1549 = DIRECTION ( 'NONE',  ( 0.0000000000000000000, 0.0000000000000000000, -1.000000000000000000 ) ) ;
#1550 = AXIS2_PLACEMENT_3D ( 'NONE', #2753, #1760, #2983 ) ;
#1551 = LINE ( 'NONE', #3267, #3112 ) ;
#1552 = LINE ( 'NONE', #459, #2720 ) ;
#1553 =( LENGTH_UNIT ( ) NAMED_UNIT ( * ) SI_UNIT ( .MILLI., .METRE. ) );
#1554 = COLOUR_RGB ( '',0.8274509803921568096, 0.8392156862745098200, 0.8274509803921568096 ) ;
#1555 = VERTEX_POINT ( 'NONE', #949 ) ;
#1556 = B_SPLINE_CURVE_WITH_KNOTS ( 'NONE', 3,
 ( #3048, #1818, #2067, #816 ),
 .UNSPECIFIED., .F., .F.,
 ( 4, 4 ),
 ( 9.199760500100243673E-19, 0.002177931045762032756 ),
 .UNSPECIFIED. ) ;
#1557 = LINE ( 'NONE', #1663, #2013 ) ;
#1558 = B_SPLINE_SURFACE_WITH_KNOTS ( 'NONE', 3, 1, ( 
 ( #3247, #3203 ),
 ( #2191, #702 ),
 ( #2732, #182 ),
 ( #1965, #223 ) ),
 .UNSPECIFIED., .F., .F., .F.,
 ( 4, 4 ),
 ( 2, 2 ),
 ( 0.1818181818181818232, 0.2727272727272727071 ),
 ( 0.0000000000000000000, 1.000000000000000000 ),
 .UNSPECIFIED. ) ;
#1559 = ORIENTED_EDGE ( 'NONE', *, *, #1268, .T. ) ;
#1560 = CARTESIAN_POINT ( 'NONE',  ( 2.738802887597120872, 8.100000000000001421, 1.010346511840633399 ) ) ;
#1561 = AXIS2_PLACEMENT_3D ( 'NONE', #838, #369, #1587 ) ;
#1562 = FACE_BOUND ( 'NONE', #2097, .T. ) ;
#1563 = CARTESIAN_POINT ( 'NONE',  ( 3.284660129910959014, 8.099000000000522448, -2.082272420561507520 ) ) ;
#1564 = ORIENTED_EDGE ( 'NONE', *, *, #2204, .T. ) ;
#1565 = CARTESIAN_POINT ( 'NONE',  ( -2.476744639941904413, 8.099000000000000199, -1.103725324902122384 ) ) ;
#1566 = CARTESIAN_POINT ( 'NONE',  ( 2.775134707501263787, 8.099999999999990763, 1.013340985774573655 ) ) ;
#1567 = B_SPLINE_SURFACE_WITH_KNOTS ( 'NONE', 3, 1, ( 
 ( #2523, #2816 ),
 ( #284, #264 ),
 ( #2804, #1560 ),
 ( #2267, #5 ),
 ( #1312, #1573 ),
 ( #2788, #2280 ),
 ( #1770, #528 ),
 ( #3022, #250 ),
 ( #2006, #1283 ),
 ( #756, #1018 ),
 ( #1532, #3028 ) ),
 .UNSPECIFIED., .F., .F., .F.,
 ( 4, 1, 1, 1, 1, 1, 1, 1, 4 ),
 ( 2, 2 ),
 ( 0.0000000000000000000, 0.1471853804487880391, 0.2795148563674172970, 0.4022531466031020742, 0.5232215248507428029, 0.6401853620668976896, 0.7549264059514321223, 0.8737198340964350551, 1.000000000000000000 ),
 ( 0.0000000000000000000, 1.000000000000000000 ),
 .UNSPECIFIED. ) ;
#1568 = EDGE_CURVE ( 'NONE', #576, #2354, #2841, .T. ) ;
#1569 = ORIENTED_EDGE ( 'NONE', *, *, #1296, .F. ) ;
#1570 = ORIENTED_EDGE ( 'NONE', *, *, #1854, .F. ) ;
#1571 = DIRECTION ( 'NONE',  ( 0.0000000000000000000, 1.000000000000000000, 0.0000000000000000000 ) ) ;
#1572 = LINE ( 'NONE', #1605, #2224 ) ;
#1573 = CARTESIAN_POINT ( 'NONE',  ( 2.808945697372503325, 8.100000000000001421, 1.017504710999274753 ) ) ;
#1574 = AXIS2_PLACEMENT_3D ( 'NONE', #3071, #1835, #1353 ) ;
#1575 = EDGE_LOOP ( 'NONE', ( #1954, #1286, #3086, #2487 ) ) ;
#1576 = DIRECTION ( 'NONE',  ( 1.000000000000000000, 0.0000000000000000000, -0.0000000000000000000 ) ) ;
#1577 = CARTESIAN_POINT ( 'NONE',  ( 5.511006013408285220, 8.100000000000001421, 2.235837774732958749 ) ) ;
#1578 = CARTESIAN_POINT ( 'NONE',  ( 5.501051929283685915, 8.099999999999990763, 2.595857421757130190 ) ) ;
#1579 = ORIENTED_EDGE ( 'NONE', *, *, #3101, .T. ) ;
#1580 = APPLICATION_CONTEXT ( 'automotive_design' ) ;
#1581 = B_SPLINE_CURVE_WITH_KNOTS ( 'NONE', 3,
 ( #823, #2066, #559, #40 ),
 .UNSPECIFIED., .F., .F.,
 ( 4, 4 ),
 ( 0.0000000000000000000, 0.003949167028443461951 ),
 .UNSPECIFIED. ) ;
#1582 = CARTESIAN_POINT ( 'NONE',  ( 3.799999999999998934, 0.0000000000000000000, 6.250000000000001776 ) ) ;
#1583 = CARTESIAN_POINT ( 'NONE',  ( 5.218298445562641774, 8.099000000000000199, -3.760695131807885616 ) ) ;
#1584 = DIRECTION ( 'NONE',  ( 1.000000000000000000, 0.0000000000000000000, -0.0000000000000000000 ) ) ;
#1585 = CARTESIAN_POINT ( 'NONE',  ( -1.470371411595450262, 8.099000000000000199, -0.5909946162407191395 ) ) ;
#1586 = DIRECTION ( 'NONE',  ( -0.0000000000000000000, -1.000000000000000000, -0.0000000000000000000 ) ) ;
#1587 = DIRECTION ( 'NONE',  ( -1.000000000000000000, 0.0000000000000000000, -0.0000000000000000000 ) ) ;
#1588 = VECTOR ( 'NONE', #1415, 1000.000000000000000 ) ;
#1589 = FACE_OUTER_BOUND ( 'NONE', #3036, .T. ) ;
#1590 = CARTESIAN_POINT ( 'NONE',  ( -3.799999999999998046, -0.1000000000000000056, 6.250000000000000000 ) ) ;
#1591 = EDGE_CURVE ( 'NONE', #1680, #204, #2749, .T. ) ;
#1592 = FACE_OUTER_BOUND ( 'NONE', #2376, .T. ) ;
#1593 = CARTESIAN_POINT ( 'NONE',  ( 4.614900037615651485, 8.099000000000000199, 0.6566361856578132317 ) ) ;
#1594 = CARTESIAN_POINT ( 'NONE',  ( 4.821239622033232308, 8.099499999999997257, 0.5559408976038796579 ) ) ;
#1595 = ORIENTED_EDGE ( 'NONE', *, *, #2671, .T. ) ;
#1596 = LINE ( 'NONE', #1305, #924 ) ;
#1597 = ORIENTED_EDGE ( 'NONE', *, *, #1610, .F. ) ;
#1598 = CARTESIAN_POINT ( 'NONE',  ( 2.598813151444995917, 8.099000000000000199, -0.4146473376902377050 ) ) ;
#1599 = CARTESIAN_POINT ( 'NONE',  ( 4.688367714085698523, 8.099000000000005528, -1.490785961285773897 ) ) ;
#1600 = B_SPLINE_CURVE_WITH_KNOTS ( 'NONE', 3,
 ( #2274, #1015, #2488, #233 ),
 .UNSPECIFIED., .F., .F.,
 ( 4, 4 ),
 ( 0.0000000000000000000, 0.002385982261718306349 ),
 .UNSPECIFIED. ) ;
#1601 = CARTESIAN_POINT ( 'NONE',  ( 4.639946866496829969, 8.099999999999997868, 0.6570547808856463945 ) ) ;
#1602 = VECTOR ( 'NONE', #1991, 1000.000000000000000 ) ;
#1603 = CARTESIAN_POINT ( 'NONE',  ( 2.577796673630440516, 8.099999999999999645, -3.223771556212778222 ) ) ;
#1604 = ORIENTED_EDGE ( 'NONE', *, *, #2887, .T. ) ;
#1605 = CARTESIAN_POINT ( 'NONE',  ( -6.799999999999998934, -0.1000000000000000056, -6.250000000000000000 ) ) ;
#1606 = ORIENTED_EDGE ( 'NONE', *, *, #2592, .F. ) ;
#1607 = CARTESIAN_POINT ( 'NONE',  ( 5.527102167317566206, 8.099000000000001975, 2.388650793060316246 ) ) ;
#1608 =( LENGTH_UNIT ( ) NAMED_UNIT ( * ) SI_UNIT ( .MILLI., .METRE. ) );
#1609 = DIRECTION ( 'NONE',  ( 2.891205793294678819E-16, 0.0000000000000000000, -1.000000000000000000 ) ) ;
#1610 = EDGE_CURVE ( 'NONE', #3141, #2538, #243, .T. ) ;
#1611 = VECTOR ( 'NONE', #1365, 1000.000000000000000 ) ;
#1612 =( NAMED_UNIT ( * ) SI_UNIT ( $, .STERADIAN. ) SOLID_ANGLE_UNIT ( ) );
#1613 = ORIENTED_EDGE ( 'NONE', *, *, #2938, .T. ) ;
#1614 = CARTESIAN_POINT ( 'NONE',  ( 3.339293780857700789, 8.098999999999998423, -2.181316855179228131 ) ) ;
#1615 = VECTOR ( 'NONE', #2183, 1000.000000000000000 ) ;
#1616 = CARTESIAN_POINT ( 'NONE',  ( 4.410394033797937041, 8.099500000000000810, 0.6028158976038798800 ) ) ;
#1617 = ORIENTED_EDGE ( 'NONE', *, *, #1634, .F. ) ;
#1618 = CARTESIAN_POINT ( 'NONE',  ( 5.220267974417982515, 8.099999999999996092, -3.778261956114195019 ) ) ;
#1619 =( GEOMETRIC_REPRESENTATION_CONTEXT ( 3 ) GLOBAL_UNCERTAINTY_ASSIGNED_CONTEXT ( ( #410 ) ) GLOBAL_UNIT_ASSIGNED_CONTEXT ( ( #3234, #191, #1488 ) ) REPRESENTATION_CONTEXT ( 'NONE', 'WORKASPACE' ) );
#1620 = CARTESIAN_POINT ( 'NONE',  ( 2.880063151444995029, 8.099000000000000199, 1.445187221133291899 ) ) ;
#1621 = CARTESIAN_POINT ( 'NONE',  ( 1.158186659270690866, 8.099000000000000199, -1.873356820965127012 ) ) ;
#1622 = DIRECTION ( 'NONE',  ( 0.0000000000000000000, 0.0000000000000000000, -1.000000000000000000 ) ) ;
#1623 = DIRECTION ( 'NONE',  ( -1.000000000000000000, 0.0000000000000000000, -2.891205793294678819E-16 ) ) ;
#1624 = DIRECTION ( 'NONE',  ( -1.057758217059028854E-16, 0.0000000000000000000, -1.000000000000000000 ) ) ;
#1625 = CARTESIAN_POINT ( 'NONE',  ( 5.227264275142110783, 8.099999999999994316, -2.126667136036297645 ) ) ;
#1626 = CARTESIAN_POINT ( 'NONE',  ( 2.869166698700244655, 8.099999999999988987, 2.945973522601802674 ) ) ;
#1627 = CARTESIAN_POINT ( 'NONE',  ( 2.598813151444995917, 8.099499999999999034, -0.4146473376902377050 ) ) ;
#1628 = DIRECTION ( 'NONE',  ( 0.0000000000000000000, 0.0000000000000000000, 1.000000000000000000 ) ) ;
#1629 = CARTESIAN_POINT ( 'NONE',  ( 2.878671003381027216, 8.099999999999996092, 2.926803455488357297 ) ) ;
#1630 = DIRECTION ( 'NONE',  ( 1.000000000000000000, 0.0000000000000000000, 0.0000000000000000000 ) ) ;
#1631 = VECTOR ( 'NONE', #833, 1000.000000000000000 ) ;
#1632 = CARTESIAN_POINT ( 'NONE',  ( -6.388449604905978241, 8.099000000000000199, -6.795352941474990693 ) ) ;
#1633 = CARTESIAN_POINT ( 'NONE',  ( 2.806611260199760149, 8.099999999999983658, 2.984060582536020245 ) ) ;
#1634 = EDGE_CURVE ( 'NONE', #2188, #120, #2319, .T. ) ;
#1635 = CARTESIAN_POINT ( 'NONE',  ( 2.527121974974408936, 8.099000000000001975, -0.7393256465137673095 ) ) ;
#1636 = FACE_OUTER_BOUND ( 'NONE', #95, .T. ) ;
#1637 = ORIENTED_EDGE ( 'NONE', *, *, #245, .T. ) ;
#1638 = DIRECTION ( 'NONE',  ( -0.8718943254163862289, 0.0000000000000000000, -0.4896940731790662138 ) ) ;
#1639 =( LENGTH_UNIT ( ) NAMED_UNIT ( * ) SI_UNIT ( .MILLI., .METRE. ) );
#1640 = VERTEX_POINT ( 'NONE', #469 ) ;
#1641 = CARTESIAN_POINT ( 'NONE',  ( 5.487320128661399288, 8.099999999999990763, -0.6308611019142258414 ) ) ;
#1642 = CARTESIAN_POINT ( 'NONE',  ( 4.821239622033232308, 8.099499999999997257, 0.5559408976038796579 ) ) ;
#1643 = CARTESIAN_POINT ( 'NONE',  ( 4.821239622033232308, 8.099000000000000199, -1.063314617102002702 ) ) ;
#1644 = VECTOR ( 'NONE', #2143, 1000.000000000000000 ) ;
#1645 = ORIENTED_EDGE ( 'NONE', *, *, #175, .T. ) ;
#1646 = AXIS2_PLACEMENT_3D ( 'NONE', #913, #1628, #2404 ) ;
#1647 = CARTESIAN_POINT ( 'NONE',  ( 5.374778224974407159, 8.099500000000258382, -2.078020499454944048 ) ) ;
#1648 = ADVANCED_FACE ( 'NONE', ( #639 ), #1244, .T. ) ;
#1649 = CARTESIAN_POINT ( 'NONE',  ( 3.339240339280852954, 8.099000000000000199, -2.102773672220589862 ) ) ;
#1650 = SURFACE_STYLE_USAGE ( .BOTH. , #1126 ) ;
#1651 = EDGE_LOOP ( 'NONE', ( #569, #1569, #3176 ) ) ;
#1652 = EDGE_LOOP ( 'NONE', ( #2327, #2586, #3163, #2648 ) ) ;
#1653 = CARTESIAN_POINT ( 'NONE',  ( 5.523295018003805623, 8.099000000000001975, -0.9437940167502082423 ) ) ;
#1654 = DIRECTION ( 'NONE',  ( 1.000000000000000000, 0.0000000000000000000, -0.0000000000000000000 ) ) ;
#1655 = VECTOR ( 'NONE', #3144, 1000.000000000000000 ) ;
#1656 = CARTESIAN_POINT ( 'NONE',  ( 2.776035338426523502, 8.099000000000001975, 2.990794803959417436 ) ) ;
#1657 = DIRECTION ( 'NONE',  ( 1.000000000000000000, 0.0000000000000000000, -0.0000000000000000000 ) ) ;
#1658 = CARTESIAN_POINT ( 'NONE',  ( 3.020585177047682812, 8.098999999999998423, -2.137919652168535301 ) ) ;
#1659 = ORIENTED_EDGE ( 'NONE', *, *, #2903, .T. ) ;
#1660 = DIRECTION ( 'NONE',  ( -1.000000000000000000, 0.0000000000000000000, 0.0000000000000000000 ) ) ;
#1661 = ORIENTED_EDGE ( 'NONE', *, *, #21, .T. ) ;
#1662 =( NAMED_UNIT ( * ) SI_UNIT ( $, .STERADIAN. ) SOLID_ANGLE_UNIT ( ) );
#1663 = CARTESIAN_POINT ( 'NONE',  ( 5.218298445562641774, 8.099000000000000199, -3.225079322984355290 ) ) ;
#1664 = EDGE_CURVE ( 'NONE', #565, #2133, #757, .T. ) ;
#1665 = CARTESIAN_POINT ( 'NONE',  ( 5.454741460268525799, 8.099000000000000199, -1.063314617102002702 ) ) ;
#1666 = EDGE_CURVE ( 'NONE', #2547, #1277, #322, .T. ) ;
#1667 = CARTESIAN_POINT ( 'NONE',  ( 2.740693402904323950, 8.099999999999994316, 2.994840051111351986 ) ) ;
#1668 = DIRECTION ( 'NONE',  ( -1.000000000000000000, 0.0000000000000000000, 0.0000000000000000000 ) ) ;
#1669 = CARTESIAN_POINT ( 'NONE',  ( 5.526714428980626259, 8.099000000000520672, -2.157467352555448414 ) ) ;
#1670 = PLANE ( 'NONE',  #2276 ) ;
#1671 = PRESENTATION_LAYER_ASSIGNMENT (  '', '', ( #1522 ) ) ;
#1672 = CARTESIAN_POINT ( 'NONE',  ( -1.356103301359216307, 8.099500000000000810, 1.830682155412830525 ) ) ;
#1673 = VECTOR ( 'NONE', #911, 1000.000000000000000 ) ;
#1674 = DIRECTION ( 'NONE',  ( -0.0000000000000000000, 0.0000000000000000000, -1.000000000000000000 ) ) ;
#1675 = EDGE_CURVE ( 'NONE', #3080, #2133, #2772, .T. ) ;
#1676 = FACE_OUTER_BOUND ( 'NONE', #1261, .T. ) ;
#1677 = FILL_AREA_STYLE ('',( #2678 ) ) ;
#1678 = CARTESIAN_POINT ( 'NONE',  ( 3.284660129910959014, 8.099999999999994316, -2.082272420561507520 ) ) ;
#1679 = FACE_OUTER_BOUND ( 'NONE', #1297, .T. ) ;
#1680 = VERTEX_POINT ( 'NONE', #1964 ) ;
#1681 = CARTESIAN_POINT ( 'NONE',  ( 3.799999999999998934, 0.0000000000000000000, 8.200000000000001066 ) ) ;
#1682 = ADVANCED_FACE ( 'NONE', ( #1679 ), #2220, .T. ) ;
#1683 = STYLED_ITEM ( 'NONE', ( #2763 ), #487 ) ;
#1684 = FACE_OUTER_BOUND ( 'NONE', #1995, .T. ) ;
#1685 = CARTESIAN_POINT ( 'NONE',  ( 5.471557347561827100, 8.099999999999996092, -2.092830034149005147 ) ) ;
#1686 = ORIENTED_EDGE ( 'NONE', *, *, #977, .T. ) ;
#1687 = EDGE_LOOP ( 'NONE', ( #615, #401, #1137 ) ) ;
#1688 = SURFACE_STYLE_USAGE ( .BOTH. , #3181 ) ;
#1689 = DIRECTION ( 'NONE',  ( 0.0000000000000000000, 1.000000000000000000, 0.0000000000000000000 ) ) ;
#1690 = VECTOR ( 'NONE', #1223, 1000.000000000000000 ) ;
#1691 = ORIENTED_EDGE ( 'NONE', *, *, #2399, .F. ) ;
#1692 = AXIS2_PLACEMENT_3D ( 'NONE', #2628, #844, #577 ) ;
#1693 = CARTESIAN_POINT ( 'NONE',  ( 2.529904389740619486, 8.099999999999997868, -0.6103212975492867676 ) ) ;
#1694 = VERTEX_POINT ( 'NONE', #1265 ) ;
#1695 = CARTESIAN_POINT ( 'NONE',  ( 5.471530677601940340, 8.099000000000001975, -3.827978345752456324 ) ) ;
#1696 = CARTESIAN_POINT ( 'NONE',  ( 5.462382441957311485, 8.099999999999994316, 2.172406969008346511 ) ) ;
#1697 = CARTESIAN_POINT ( 'NONE',  ( 2.548573349249458442, 8.099000000000298627, -2.832998249677535441 ) ) ;
#1698 = ORIENTED_EDGE ( 'NONE', *, *, #2314, .T. ) ;
#1699 = CARTESIAN_POINT ( 'NONE',  ( 5.527121974974407159, 8.099000000000000199, -3.757937778866708989 ) ) ;
#1700 = CARTESIAN_POINT ( 'NONE',  ( 5.362359748237385482, 8.099999999999997868, -2.078495239554033702 ) ) ;
#1701 = AXIS2_PLACEMENT_3D ( 'NONE', #2355, #1609, #345 ) ;
#1702 = CARTESIAN_POINT ( 'NONE',  ( 4.819692301689698866, 8.100000000000001421, -1.422945868387192947 ) ) ;
#1703 = EDGE_CURVE ( 'NONE', #763, #1979, #1495, .T. ) ;
#1704 = ADVANCED_FACE ( 'NONE', ( #1592 ), #2035, .T. ) ;
#1705 = CARTESIAN_POINT ( 'NONE',  ( 2.591919769092053905, 8.099999999999999645, -3.225079322984354846 ) ) ;
#1706 =( LENGTH_UNIT ( ) NAMED_UNIT ( * ) SI_UNIT ( .MILLI., .METRE. ) );
#1707 = PLANE ( 'NONE',  #871 ) ;
#1708 = FACE_OUTER_BOUND ( 'NONE', #199, .T. ) ;
#1709 = VECTOR ( 'NONE', #1623, 1000.000000000000000 ) ;
#1710 = CARTESIAN_POINT ( 'NONE',  ( 4.771652534635807186, 8.099000000000000199, -1.474022037529632012 ) ) ;
#1711 = CARTESIAN_POINT ( 'NONE',  ( 2.700145872033230532, 8.099999999999999645, 1.010214794662703808 ) ) ;
#1712 = CARTESIAN_POINT ( 'NONE',  ( 4.805763364158661233, 8.100000000000001421, 0.6179701113202938911 ) ) ;
#1713 = ORIENTED_EDGE ( 'NONE', *, *, #1315, .T. ) ;
#1714 = CARTESIAN_POINT ( 'NONE',  ( 1.376573076593529121, 8.099999999999999645, -0.04860091545332359542 ) ) ;
#1715 = DIRECTION ( 'NONE',  ( -4.073019528368149171E-33, 1.000000000000000000, 0.0000000000000000000 ) ) ;
#1716 = CARTESIAN_POINT ( 'NONE',  ( 5.492905058138709329, 8.099000000000000199, -2.103501049775991838 ) ) ;
#1717 = ORIENTED_EDGE ( 'NONE', *, *, #629, .F. ) ;
#1718 = FILL_AREA_STYLE_COLOUR ( '', #399 ) ;
#1719 = VERTEX_POINT ( 'NONE', #1299 ) ;
#1720 = AXIS2_PLACEMENT_3D ( 'NONE', #124, #2907, #2166 ) ;
#1721 = ADVANCED_FACE ( 'NONE', ( #2251 ), #532, .T. ) ;
#1722 = ORIENTED_EDGE ( 'NONE', *, *, #2735, .F. ) ;
#1723 = CARTESIAN_POINT ( 'NONE',  ( -3.305447789548204174, 8.099500000000000810, -0.8183461910438469822 ) ) ;
#1724 = CARTESIAN_POINT ( 'NONE',  ( 4.697978137523155517, 8.098999999999998423, 0.6567529280937444147 ) ) ;
#1725 = ORIENTED_EDGE ( 'NONE', *, *, #2223, .T. ) ;
#1726 = PLANE ( 'NONE',  #1202 ) ;
#1727 = ORIENTED_EDGE ( 'NONE', *, *, #398, .T. ) ;
#1728 = CARTESIAN_POINT ( 'NONE',  ( 5.519095488488114931, 8.099000000000001975, -3.790348097010625139 ) ) ;
#1729 = EDGE_CURVE ( 'NONE', #2699, #2890, #477, .T. ) ;
#1730 = ORIENTED_EDGE ( 'NONE', *, *, #2563, .T. ) ;
#1731 = CARTESIAN_POINT ( 'NONE',  ( 2.527121974974407603, 8.099000000000000199, 2.905894941721526958 ) ) ;
#1732 = CARTESIAN_POINT ( 'NONE',  ( 4.821160054968930631, 8.099000000000000199, 0.5640298881224070637 ) ) ;
#1733 = UNCERTAINTY_MEASURE_WITH_UNIT (LENGTH_MEASURE( 1.000000000000000082E-05 ), #1706, 'distance_accuracy_value', 'NONE');
#1734 = ADVANCED_FACE ( 'NONE', ( #1636 ), #3025, .T. ) ;
#1735 = CARTESIAN_POINT ( 'NONE',  ( 2.527121974974408936, 8.099999999999999645, -0.7393256465137674205 ) ) ;
#1736 = CARTESIAN_POINT ( 'NONE',  ( 5.218298445562641774, 8.099999999999997868, -2.160741087690237983 ) ) ;
#1737 = SURFACE_STYLE_USAGE ( .BOTH. , #2977 ) ;
#1738 = MECHANICAL_DESIGN_GEOMETRIC_PRESENTATION_REPRESENTATION (  '', ( #2104 ), #2909 ) ;
#1739 = SURFACE_STYLE_USAGE ( .BOTH. , #3246 ) ;
#1740 = CARTESIAN_POINT ( 'NONE',  ( -0.2872918840364085957, 8.099000000000000199, -1.873356820965121905 ) ) ;
#1741 = CARTESIAN_POINT ( 'NONE',  ( 2.688422928431703163, 8.099999999999996092, 2.995249870203059661 ) ) ;
#1742 = CARTESIAN_POINT ( 'NONE',  ( 2.578104230204672387, 8.099000000000000199, 1.028373199804565541 ) ) ;
#1743 = FACE_OUTER_BOUND ( 'NONE', #1759, .T. ) ;
#1744 = CARTESIAN_POINT ( 'NONE',  ( 2.542806658282763976, 8.099999999999994316, -3.183825961006220062 ) ) ;
#1745 = CARTESIAN_POINT ( 'NONE',  ( 5.227264275142110783, 8.099999999999999645, -2.126667136036297645 ) ) ;
#1746 = MECHANICAL_DESIGN_GEOMETRIC_PRESENTATION_REPRESENTATION (  '', ( #2755 ), #960 ) ;
#1747 = CARTESIAN_POINT ( 'NONE',  ( 5.527082551406266475, 8.099000000000001975, 2.431189515834651704 ) ) ;
#1748 = SURFACE_STYLE_FILL_AREA ( #1677 ) ;
#1749 = EDGE_LOOP ( 'NONE', ( #2962, #2301, #773 ) ) ;
#1750 = DIRECTION ( 'NONE',  ( 0.9141579293309499699, 0.0000000000000000000, 0.4053582122534953869 ) ) ;
#1751 = DIRECTION ( 'NONE',  ( 0.0000000000000000000, 0.0000000000000000000, 1.000000000000000000 ) ) ;
#1752 = ADVANCED_FACE ( 'NONE', ( #1971 ), #286, .T. ) ;
#1753 = VECTOR ( 'NONE', #1754, 1000.000000000000000 ) ;
#1754 = DIRECTION ( 'NONE',  ( 0.0000000000000000000, 1.000000000000000000, -0.0000000000000000000 ) ) ;
#1755 = ORIENTED_EDGE ( 'NONE', *, *, #2987, .F. ) ;
#1756 = CARTESIAN_POINT ( 'NONE',  ( -1.469949758052150779, 8.100000000000003197, -1.527614301280077358 ) ) ;
#1757 = CARTESIAN_POINT ( 'NONE',  ( 2.592810610388104120, 8.099000000000005528, -0.4194481196816134960 ) ) ;
#1758 = VECTOR ( 'NONE', #3054, 1000.000000000000000 ) ;
#1759 = EDGE_LOOP ( 'NONE', ( #346, #3237, #8, #2782 ) ) ;
#1760 = DIRECTION ( 'NONE',  ( -1.000000000000000000, 0.0000000000000000000, 2.644395542647572259E-16 ) ) ;
#1761 = CARTESIAN_POINT ( 'NONE',  ( 4.521389176707057089, 8.100000000000003197, -1.439410400237137289 ) ) ;
#1762 = CARTESIAN_POINT ( 'NONE',  ( 5.521773837465381085, 8.099000000000000199, 2.527604282305814909 ) ) ;
#1763 = ORIENTED_EDGE ( 'NONE', *, *, #1536, .T. ) ;
#1764 = CARTESIAN_POINT ( 'NONE',  ( 4.569492849179864535, 8.099000000000000199, -1.476716314191481416 ) ) ;
#1765 = EDGE_CURVE ( 'NONE', #576, #1535, #711, .T. ) ;
#1766 = VERTEX_POINT ( 'NONE', #267 ) ;
#1767 = B_SPLINE_CURVE_WITH_KNOTS ( 'NONE', 3,
 ( #395, #403, #2906, #2157, #666, #650, #2411, #2165, #910, #2430, #1928 ),
 .UNSPECIFIED., .F., .F.,
 ( 4, 1, 1, 1, 1, 1, 1, 1, 4 ),
 ( 0.0000000000000000000, 2.021205302446254251E-05, 3.970372879637561393E-05, 6.023170570213809709E-05, 8.359439112530659408E-05, 0.0001105211837068744817, 0.0001411657254287467303, 0.0001773063205173883324, 0.0002187551632215687769 ),
 .UNSPECIFIED. ) ;
#1768 = ORIENTED_EDGE ( 'NONE', *, *, #710, .T. ) ;
#1769 = LINE ( 'NONE', #162, #1615 ) ;
#1770 = CARTESIAN_POINT ( 'NONE',  ( 2.872478899915450690, 8.099000000000000199, 1.029461057620707720 ) ) ;
#1771 = EDGE_CURVE ( 'NONE', #1327, #2680, #2288, .T. ) ;
#1772 = ORIENTED_EDGE ( 'NONE', *, *, #25, .F. ) ;
#1773 = CARTESIAN_POINT ( 'NONE',  ( 2.775134707501263787, 8.099000000000001975, 1.013340985774573655 ) ) ;
#1774 = DIRECTION ( 'NONE',  ( -0.0000000000000000000, 0.0000000000000000000, -1.000000000000000000 ) ) ;
#1775 = EDGE_CURVE ( 'NONE', #778, #1766, #2829, .T. ) ;
#1776 = CARTESIAN_POINT ( 'NONE',  ( -0.3518182619891390139, 8.099999999999999645, 1.518196722341963456 ) ) ;
#1777 = CARTESIAN_POINT ( 'NONE',  ( 5.471595784181534583, 8.099999999999997868, -0.6228855599289653266 ) ) ;
#1778 = CARTESIAN_POINT ( 'NONE',  ( 4.736736072903111605, 8.098999999999998423, 0.6527479112543117523 ) ) ;
#1779 = STYLED_ITEM ( 'NONE', ( #438 ), #1006 ) ;
#1780 = DIRECTION ( 'NONE',  ( -0.5618721594045256174, 0.0000000000000000000, -0.8272240787634843606 ) ) ;
#1781 = LINE ( 'NONE', #2539, #2559 ) ;
#1782 = B_SPLINE_CURVE_WITH_KNOTS ( 'NONE', 3,
 ( #1263, #457, #2217, #724, #1974, #993, #466, #3220, #1215, #2506, #2752 ),
 .UNSPECIFIED., .F., .F.,
 ( 4, 1, 1, 1, 1, 1, 1, 1, 4 ),
 ( 0.0000000000000000000, 2.308468051119893708E-05, 4.943537214988685862E-05, 7.984146582396464405E-05, 0.0001162327768686509329, 0.0001598823188632161841, 0.0002114080587125829244, 0.0002731650721543308138, 0.0003445679616976599796 ),
 .UNSPECIFIED. ) ;
#1783 = VERTEX_POINT ( 'NONE', #255 ) ;
#1784 = CARTESIAN_POINT ( 'NONE',  ( 7.699999999999998401, 0.0000000000000000000, -8.199999999999997513 ) ) ;
#1785 = MECHANICAL_DESIGN_GEOMETRIC_PRESENTATION_REPRESENTATION (  '', ( #3000 ), #2557 ) ;
#1786 = VECTOR ( 'NONE', #1774, 1000.000000000000000 ) ;
#1787 = VERTEX_POINT ( 'NONE', #3261 ) ;
#1788 = CARTESIAN_POINT ( 'NONE',  ( 2.533510029306844658, 8.099999999999997868, -2.887154339343328324 ) ) ;
#1789 = DIRECTION ( 'NONE',  ( 0.0000000000000000000, 1.000000000000000000, 0.0000000000000000000 ) ) ;
#1790 = CARTESIAN_POINT ( 'NONE',  ( 4.512416092621466923, 8.099500000000000810, -1.403158367102002924 ) ) ;
#1791 = EDGE_LOOP ( 'NONE', ( #1491, #801, #1768, #1313 ) ) ;
#1792 = FILL_AREA_STYLE ('',( #607 ) ) ;
#1793 = FACE_OUTER_BOUND ( 'NONE', #961, .T. ) ;
#1794 = ORIENTED_EDGE ( 'NONE', *, *, #1489, .F. ) ;
#1795 = CARTESIAN_POINT ( 'NONE',  ( 5.487320128661399288, 8.099999999999992539, -0.6308611019142258414 ) ) ;
#1796 = ADVANCED_FACE ( 'NONE', ( #955 ), #173, .T. ) ;
#1797 = ORIENTED_EDGE ( 'NONE', *, *, #2153, .T. ) ;
#1798 = EDGE_CURVE ( 'NONE', #769, #1783, #808, .T. ) ;
#1799 = ORIENTED_EDGE ( 'NONE', *, *, #895, .F. ) ;
#1800 = CARTESIAN_POINT ( 'NONE',  ( 2.953637319889458546, 8.099999999999994316, 1.059500033195125646 ) ) ;
#1801 = ORIENTED_EDGE ( 'NONE', *, *, #781, .F. ) ;
#1802 = APPLICATION_PROTOCOL_DEFINITION ( 'draft international standard', 'automotive_design', 1998, #2576 ) ;
#1803 = MECHANICAL_DESIGN_GEOMETRIC_PRESENTATION_REPRESENTATION (  '', ( #1473 ), #2915 ) ;
#1804 = B_SPLINE_CURVE_WITH_KNOTS ( 'NONE', 3,
 ( #3269, #502, #1023, #2024, #268, #775, #3033, #3091, #2325, #2552, #1840 ),
 .UNSPECIFIED., .F., .F.,
 ( 4, 1, 1, 1, 1, 1, 1, 1, 4 ),
 ( 0.0000000000000000000, 1.752838287809769477E-05, 3.552894984234919928E-05, 5.520865179157810485E-05, 7.517848784604940957E-05, 9.909143247144182700E-05, 0.0001262956653759913204, 0.0001591940675268071787, 0.0001966054934983741428 ),
 .UNSPECIFIED. ) ;
#1805 = FILL_AREA_STYLE ('',( #1049 ) ) ;
#1806 = DIRECTION ( 'NONE',  ( 2.644395542647572259E-16, 0.0000000000000000000, 1.000000000000000000 ) ) ;
#1807 = CARTESIAN_POINT ( 'NONE',  ( 2.527121974974408047, 8.099500000000119826, -3.017588514160825852 ) ) ;
#1808 = CARTESIAN_POINT ( 'NONE',  ( 5.483168446898242010, 8.099999999999985434, 2.613418528388452344 ) ) ;
#1809 = CARTESIAN_POINT ( 'NONE',  ( -3.799999999999998046, 0.0000000000000000000, 8.200000000000001066 ) ) ;
#1810 = CARTESIAN_POINT ( 'NONE',  ( 5.520422058864300041, 8.099000000000271982, 2.267428373640413941 ) ) ;
#1811 = CARTESIAN_POINT ( 'NONE',  ( 7.700000000000003730, 8.099999999999999645, 8.200000000000001066 ) ) ;
#1812 = CARTESIAN_POINT ( 'NONE',  ( 6.799999999999998934, 0.0000000000000000000, -6.250000000000001776 ) ) ;
#1813 = EDGE_CURVE ( 'NONE', #1979, #778, #197, .T. ) ;
#1814 = LINE ( 'NONE', #2375, #471 ) ;
#1815 = LINE ( 'NONE', #1632, #2803 ) ;
#1816 = CARTESIAN_POINT ( 'NONE',  ( -1.837732041516708437, 8.099000000000000199, -1.008833198917882701 ) ) ;
#1817 = EDGE_CURVE ( 'NONE', #1820, #212, #3073, .T. ) ;
#1818 = CARTESIAN_POINT ( 'NONE',  ( 0.2618482734439119275, 8.098999999999996646, -1.323761545374583459 ) ) ;
#1819 = LINE ( 'NONE', #1910, #2371 ) ;
#1820 = VERTEX_POINT ( 'NONE', #1343 ) ;
#1821 = CARTESIAN_POINT ( 'NONE',  ( 4.654623249294622234, 8.099000000000000199, -1.491248985613595535 ) ) ;
#1822 = B_SPLINE_CURVE_WITH_KNOTS ( 'NONE', 3,
 ( #20, #3078, #804, #1566, #1308, #329, #2080, #550, #580, #1800, #1829 ),
 .UNSPECIFIED., .F., .F.,
 ( 4, 1, 1, 1, 1, 1, 1, 1, 4 ),
 ( 0.0000000000000000000, 3.999298857493473479E-05, 7.594935327911971751E-05, 0.0001092996155411430655, 0.0001421689599993692223, 0.0001739501966358012559, 0.0002051274592359201415, 0.0002374058295475250404, 0.0002717184848997280123 ),
 .UNSPECIFIED. ) ;
#1823 = DIRECTION ( 'NONE',  ( -0.9100094859874042763, 0.0000000000000000000, -0.4145874279484849656 ) ) ;
#1824 = ORIENTED_EDGE ( 'NONE', *, *, #2768, .T. ) ;
#1825 = STYLED_ITEM ( 'NONE', ( #2540 ), #2934 ) ;
#1826 =( NAMED_UNIT ( * ) PLANE_ANGLE_UNIT ( ) SI_UNIT ( $, .RADIAN. ) );
#1827 = VERTEX_POINT ( 'NONE', #2065 ) ;
#1828 = CARTESIAN_POINT ( 'NONE',  ( 5.339030201005694920, 8.099000000000522448, -2.079387093828840793 ) ) ;
#1829 = CARTESIAN_POINT ( 'NONE',  ( 2.964162416150876833, 8.099999999999999645, 1.063983177015644710 ) ) ;
#1830 = CARTESIAN_POINT ( 'NONE',  ( 4.550798108717565071, 8.099000000000001975, -1.467670585541525741 ) ) ;
#1831 = EDGE_CURVE ( 'NONE', #204, #2452, #2991, .T. ) ;
#1832 = ORIENTED_EDGE ( 'NONE', *, *, #382, .F. ) ;
#1833 = CARTESIAN_POINT ( 'NONE',  ( 2.527490718941495462, 8.099999999999997868, -2.942425467432927988 ) ) ;
#1834 = ORIENTED_EDGE ( 'NONE', *, *, #544, .T. ) ;
#1835 = DIRECTION ( 'NONE',  ( -1.000000000000000000, 0.0000000000000000000, 0.0000000000000000000 ) ) ;
#1836 = PRESENTATION_LAYER_ASSIGNMENT (  '', '', ( #2104 ) ) ;
#1837 = ORIENTED_EDGE ( 'NONE', *, *, #154, .F. ) ;
#1838 = DIRECTION ( 'NONE',  ( -0.0000000000000000000, -1.000000000000000000, -0.0000000000000000000 ) ) ;
#1839 = CARTESIAN_POINT ( 'NONE',  ( 5.462382441957311485, 8.100000000000001421, 2.172406969008346511 ) ) ;
#1840 = CARTESIAN_POINT ( 'NONE',  ( 5.374778224974407159, 8.099499999999997257, -3.842726381807884728 ) ) ;
#1841 =( NAMED_UNIT ( * ) SI_UNIT ( $, .STERADIAN. ) SOLID_ANGLE_UNIT ( ) );
#1842 = ORIENTED_EDGE ( 'NONE', *, *, #3270, .F. ) ;
#1843 = CARTESIAN_POINT ( 'NONE',  ( 2.832732911089556715, 8.099000000000392774, 2.974689084046545418 ) ) ;
#1844 = DIRECTION ( 'NONE',  ( -0.0000000000000000000, -1.000000000000000000, 0.0000000000000000000 ) ) ;
#1845 = AXIS2_PLACEMENT_3D ( 'NONE', #1372, #2353, #1081 ) ;
#1846 = FILL_AREA_STYLE ('',( #105 ) ) ;
#1847 = CARTESIAN_POINT ( 'NONE',  ( 5.511006013408285220, 8.099000000000001975, 2.235837774732958749 ) ) ;
#1848 =( NAMED_UNIT ( * ) PLANE_ANGLE_UNIT ( ) SI_UNIT ( $, .RADIAN. ) );
#1849 = CARTESIAN_POINT ( 'NONE',  ( 2.806611260199760149, 8.099000000000383892, 2.984060582536020245 ) ) ;
#1850 = CARTESIAN_POINT ( 'NONE',  ( 2.556074180856759970, 8.099999999999999645, -2.821127117102002035 ) ) ;
#1851 = DIRECTION ( 'NONE',  ( -0.0000000000000000000, 0.0000000000000000000, -1.000000000000000000 ) ) ;
#1852 = EDGE_LOOP ( 'NONE', ( #2289, #2380, #37 ) ) ;
#1853 = PLANE ( 'NONE',  #1692 ) ;
#1854 = EDGE_CURVE ( 'NONE', #2296, #2547, #2236, .T. ) ;
#1855 = FACE_OUTER_BOUND ( 'NONE', #32, .T. ) ;
#1856 = CARTESIAN_POINT ( 'NONE',  ( 2.546520304723548289, 8.099999999999996092, -0.9816470518819286895 ) ) ;
#1857 = DIRECTION ( 'NONE',  ( -1.000000000000000000, 0.0000000000000000000, -0.0000000000000000000 ) ) ;
#1858 = FILL_AREA_STYLE_COLOUR ( '', #2994 ) ;
#1859 = EDGE_LOOP ( 'NONE', ( #407, #818, #2428, #1078 ) ) ;
#1860 = AXIS2_PLACEMENT_3D ( 'NONE', #1990, #3222, #190 ) ;
#1861 = ORIENTED_EDGE ( 'NONE', *, *, #2314, .F. ) ;
#1862 = DIRECTION ( 'NONE',  ( 0.0000000000000000000, -0.0000000000000000000, 1.000000000000000000 ) ) ;
#1863 = CARTESIAN_POINT ( 'NONE',  ( 2.526999725465637336, 8.100000000000001421, -2.977833125840810613 ) ) ;
#1864 = PLANE ( 'NONE',  #1646 ) ;
#1865 = ORIENTED_EDGE ( 'NONE', *, *, #3224, .F. ) ;
#1866 = DIRECTION ( 'NONE',  ( 0.0000000000000000000, 1.000000000000000000, 0.0000000000000000000 ) ) ;
#1867 = ORIENTED_EDGE ( 'NONE', *, *, #2735, .T. ) ;
#1868 = CARTESIAN_POINT ( 'NONE',  ( 2.879597569693776116, 8.099999999999994316, 2.912887461200528438 ) ) ;
#1869 = CARTESIAN_POINT ( 'NONE',  ( 5.527121974974408047, 8.099000000000023292, -3.757937778866709433 ) ) ;
#1870 = FACE_OUTER_BOUND ( 'NONE', #906, .T. ) ;
#1871 = ORIENTED_EDGE ( 'NONE', *, *, #2038, .T. ) ;
#1872 = CARTESIAN_POINT ( 'NONE',  ( 2.880063151444995029, 8.099000000000737387, 2.905894941721526958 ) ) ;
#1873 = CARTESIAN_POINT ( 'NONE',  ( 4.811504819454538229, 8.099000000000003752, -1.441279083548554940 ) ) ;
#1874 = CARTESIAN_POINT ( 'NONE',  ( 4.666827857327348283, 8.099499999999999034, -1.491393661219649447 ) ) ;
#1875 = ORIENTED_EDGE ( 'NONE', *, *, #1798, .F. ) ;
#1876 = AXIS2_PLACEMENT_3D ( 'NONE', #3016, #1751, #2286 ) ;
#1877 = CARTESIAN_POINT ( 'NONE',  ( 5.526322527666451379, 8.099999999999996092, -0.8947074071700915621 ) ) ;
#1878 = CARTESIAN_POINT ( 'NONE',  ( 2.532650878307209030, 8.099000000000021515, 1.075761104681659752 ) ) ;
#1879 = CARTESIAN_POINT ( 'NONE',  ( 2.538506841512303325, 8.099000000000000199, -0.9369661171256454812 ) ) ;
#1880 = CARTESIAN_POINT ( 'NONE',  ( 2.531605295587074700, 8.099000000000007304, -0.8810345202589418001 ) ) ;
#1881 = CARTESIAN_POINT ( 'NONE',  ( 3.043428004029257838, 8.099000000000000199, -2.110662383807165643 ) ) ;
#1882 = FILL_AREA_STYLE ('',( #905 ) ) ;
#1883 = CARTESIAN_POINT ( 'NONE',  ( 3.284660129910959014, 8.100000000000001421, -2.082272420561507520 ) ) ;
#1884 = CARTESIAN_POINT ( 'NONE',  ( -2.327713537579698233, 8.098999999999998423, 1.565495541239610544 ) ) ;
#1885 = EDGE_CURVE ( 'NONE', #565, #3249, #31, .T. ) ;
#1886 = CARTESIAN_POINT ( 'NONE',  ( 2.555959187813207301, 8.099000000000005528, -1.016801978345965862 ) ) ;
#1887 =( NAMED_UNIT ( * ) SI_UNIT ( $, .STERADIAN. ) SOLID_ANGLE_UNIT ( ) );
#1888 = PRESENTATION_STYLE_ASSIGNMENT (( #1737 ) ) ;
#1889 = LINE ( 'NONE', #2221, #1232 ) ;
#1890 = CARTESIAN_POINT ( 'NONE',  ( 2.527294357608363740, 8.099999999999999645, -0.6715158441237943920 ) ) ;
#1891 = ADVANCED_FACE ( 'NONE', ( #1855 ), #74, .T. ) ;
#1892 = CARTESIAN_POINT ( 'NONE',  ( 3.284660129910959014, 8.099000000000000199, -2.082272420561507520 ) ) ;
#1893 = MECHANICAL_DESIGN_GEOMETRIC_PRESENTATION_REPRESENTATION (  '', ( #1779 ), #2439 ) ;
#1894 = VECTOR ( 'NONE', #313, 1000.000000000000000 ) ;
#1895 = VECTOR ( 'NONE', #2860, 1000.000000000000114 ) ;
#1896 = CARTESIAN_POINT ( 'NONE',  ( 5.527121974974406271, 8.099500000000166011, -2.162809102396119787 ) ) ;
#1897 = CARTESIAN_POINT ( 'NONE',  ( -6.799999999999998934, -0.1000000000000000056, 6.250000000000000000 ) ) ;
#1898 = CARTESIAN_POINT ( 'NONE',  ( -1.837732041516708437, 8.099999999999999645, -1.008833198917882701 ) ) ;
#1899 = ORIENTED_EDGE ( 'NONE', *, *, #2079, .F. ) ;
#1900 = CARTESIAN_POINT ( 'NONE',  ( 3.349417405419583993, 8.099999999999996092, -2.150026688683345455 ) ) ;
#1901 = ORIENTED_EDGE ( 'NONE', *, *, #2714, .T. ) ;
#1902 = MECHANICAL_DESIGN_GEOMETRIC_PRESENTATION_REPRESENTATION (  '', ( #389 ), #1338 ) ;
#1903 = SURFACE_SIDE_STYLE ('',( #1342 ) ) ;
#1904 = ORIENTED_EDGE ( 'NONE', *, *, #977, .F. ) ;
#1905 = VECTOR ( 'NONE', #954, 1000.000000000000000 ) ;
#1906 = CARTESIAN_POINT ( 'NONE',  ( 5.218298445562641774, 8.099000000000000199, -2.783902852396120231 ) ) ;
#1907 = ORIENTED_EDGE ( 'NONE', *, *, #1184, .T. ) ;
#1908 = CARTESIAN_POINT ( 'NONE',  ( 3.183133787910861656, 8.099000000000522448, -2.078047704270698848 ) ) ;
#1909 = CARTESIAN_POINT ( 'NONE',  ( 4.653041092621467811, 8.099500000000000810, 0.6572736181921154941 ) ) ;
#1910 = CARTESIAN_POINT ( 'NONE',  ( -3.799999999999998046, -0.1000000000000000056, 6.250000000000000000 ) ) ;
#1911 = CARTESIAN_POINT ( 'NONE',  ( 3.327859088574583790, 8.099999999999994316, -2.203649352237666115 ) ) ;
#1912 = VERTEX_POINT ( 'NONE', #635 ) ;
#1913 = CARTESIAN_POINT ( 'NONE',  ( 5.471557347561826212, 8.099000000000522448, -2.092830034149005147 ) ) ;
#1914 = ORIENTED_EDGE ( 'NONE', *, *, #1994, .T. ) ;
#1915 = CARTESIAN_POINT ( 'NONE',  ( -5.913434642006757613, 8.099000000000000199, -6.795352941474990693 ) ) ;
#1916 = EDGE_CURVE ( 'NONE', #1282, #1327, #3271, .T. ) ;
#1917 = CARTESIAN_POINT ( 'NONE',  ( 5.527065906628455316, 8.099999999999996092, 2.354138460900758734 ) ) ;
#1918 = CARTESIAN_POINT ( 'NONE',  ( 6.799999999999998934, -0.1000000000000000056, -6.250000000000001776 ) ) ;
#1919 = CARTESIAN_POINT ( 'NONE',  ( 3.212792895182222885, 8.099999999999994316, -2.078246162421669929 ) ) ;
#1920 = SURFACE_STYLE_USAGE ( .BOTH. , #1145 ) ;
#1921 = ADVANCED_FACE ( 'NONE', ( #2246 ), #2341, .T. ) ;
#1922 = CARTESIAN_POINT ( 'NONE',  ( 2.527121974974408936, 8.099999999999999645, -0.7393256465137674205 ) ) ;
#1923 = CARTESIAN_POINT ( 'NONE',  ( -1.978484010020657102, 8.099999999999999645, -1.642210364272211232 ) ) ;
#1924 = FACE_OUTER_BOUND ( 'NONE', #1977, .T. ) ;
#1925 = CARTESIAN_POINT ( 'NONE',  ( 2.553648418840090084, 8.099000000000298627, -2.824966230416924073 ) ) ;
#1926 = EDGE_CURVE ( 'NONE', #2811, #3098, #1194, .T. ) ;
#1927 = CARTESIAN_POINT ( 'NONE',  ( -1.063790309233245246, 8.099999999999999645, -1.115176899705278002 ) ) ;
#1928 = CARTESIAN_POINT ( 'NONE',  ( 2.702213886739112780, 8.099500000000192657, 2.995508912309762906 ) ) ;
#1929 = LINE ( 'NONE', #2885, #2880 ) ;
#1930 = ORIENTED_EDGE ( 'NONE', *, *, #2502, .T. ) ;
#1931 = CARTESIAN_POINT ( 'NONE',  ( -2.683080466713564594, 8.099999999999999645, -0.6490087894690590442 ) ) ;
#1932 =( GEOMETRIC_REPRESENTATION_CONTEXT ( 3 ) GLOBAL_UNCERTAINTY_ASSIGNED_CONTEXT ( ( #210 ) ) GLOBAL_UNIT_ASSIGNED_CONTEXT ( ( #111, #2908, #1662 ) ) REPRESENTATION_CONTEXT ( 'NONE', 'WORKASPACE' ) );
#1933 = ADVANCED_FACE ( 'NONE', ( #2723 ), #2317, .T. ) ;
#1934 = DIRECTION ( 'NONE',  ( 1.000000000000000000, 4.073019528368149171E-33, 2.599409719710072500E-49 ) ) ;
#1935 = EDGE_LOOP ( 'NONE', ( #2416, #3204, #1163, #55, #1661, #2643, #836, #2693, #805, #1524, #2618 ) ) ;
#1936 = CARTESIAN_POINT ( 'NONE',  ( 7.700000000000003730, 8.099999999999999645, -8.199999999999997513 ) ) ;
#1937 = CARTESIAN_POINT ( 'NONE',  ( 5.454741460268525799, 8.099000000000000199, -0.6221381465137671984 ) ) ;
#1938 = LINE ( 'NONE', #2298, #2730 ) ;
#1939 = VERTEX_POINT ( 'NONE', #848 ) ;
#1940 = CARTESIAN_POINT ( 'NONE',  ( 2.570110216410145032, 8.099999999999996092, -1.041551916952510926 ) ) ;
#1941 = CARTESIAN_POINT ( 'NONE',  ( 5.454741460268524911, 8.099499999999999034, -1.063314617102002702 ) ) ;
#1942 = ORIENTED_EDGE ( 'NONE', *, *, #1222, .T. ) ;
#1943 = AXIS2_PLACEMENT_3D ( 'NONE', #2333, #1059, #1068 ) ;
#1944 = CARTESIAN_POINT ( 'NONE',  ( 5.218298445562641774, 8.099000000000000199, -2.160741087690237983 ) ) ;
#1945 = CARTESIAN_POINT ( 'NONE',  ( -1.470371411595450262, 8.099999999999999645, -0.5909946162407191395 ) ) ;
#1946 = VECTOR ( 'NONE', #1339, 1000.000000000000000 ) ;
#1947 = VERTEX_POINT ( 'NONE', #3169 ) ;
#1948 = CARTESIAN_POINT ( 'NONE',  ( 4.811504819454538229, 8.099999999999996092, -1.441279083548554940 ) ) ;
#1949 = CARTESIAN_POINT ( 'NONE',  ( 5.437508004386171656, 8.099500000000073641, 2.160720309368585834 ) ) ;
#1950 = CARTESIAN_POINT ( 'NONE',  ( 4.653041092621466923, 8.099000000000000199, 0.6572736181921153831 ) ) ;
#1951 = ORIENTED_EDGE ( 'NONE', *, *, #175, .F. ) ;
#1952 = ADVANCED_FACE ( 'NONE', ( #1676 ), #151, .F. ) ;
#1953 = CARTESIAN_POINT ( 'NONE',  ( 5.374778224974408047, 8.099000000000001975, -2.078020499454944492 ) ) ;
#1954 = ORIENTED_EDGE ( 'NONE', *, *, #2379, .T. ) ;
#1955 = EDGE_CURVE ( 'NONE', #2532, #3159, #1819, .T. ) ;
#1956 = CARTESIAN_POINT ( 'NONE',  ( 2.880063151444995029, 8.099000000000000199, 2.905894941721526958 ) ) ;
#1957 = CARTESIAN_POINT ( 'NONE',  ( 4.727355466283608365, 8.099999999999999645, -1.489686007154302994 ) ) ;
#1958 = CARTESIAN_POINT ( 'NONE',  ( 5.511006013408285220, 8.099999999999994316, 2.235837774732958749 ) ) ;
#1959 = CARTESIAN_POINT ( 'NONE',  ( 5.526286168922237785, 8.099000000000003752, -0.7840866001374200422 ) ) ;
#1960 = MANIFOLD_SOLID_BREP ( 'Boss-Extrude2', #2027 ) ;
#1961 = CARTESIAN_POINT ( 'NONE',  ( 7.700000000000003730, 0.0000000000000000000, -6.250000000000000000 ) ) ;
#1962 = CARTESIAN_POINT ( 'NONE',  ( 5.220210403807397093, 8.099999999999996092, -2.143403294419240712 ) ) ;
#1963 = PRESENTATION_LAYER_ASSIGNMENT (  '', '', ( #3038 ) ) ;
#1964 = CARTESIAN_POINT ( 'NONE',  ( 5.374778224974407159, 8.099499999999997257, -3.842726381807884728 ) ) ;
#1965 = CARTESIAN_POINT ( 'NONE',  ( -1.356103301359216529, 8.099000000000000199, 1.830682155412830303 ) ) ;
#1966 = ADVANCED_FACE ( 'NONE', ( #2525 ), #2299, .F. ) ;
#1967 = LINE ( 'NONE', #220, #2640 ) ;
#1968 = COLOUR_RGB ( '',0.8274509803921568096, 0.8392156862745098200, 0.8274509803921568096 ) ;
#1969 = CARTESIAN_POINT ( 'NONE',  ( -6.388449604905978241, 8.099000000000000199, 6.795352941474994246 ) ) ;
#1970 = CARTESIAN_POINT ( 'NONE',  ( -1.063790309233245246, 8.099499999999997257, -1.115176899705278002 ) ) ;
#1971 = FACE_OUTER_BOUND ( 'NONE', #1039, .T. ) ;
#1972 = CARTESIAN_POINT ( 'NONE',  ( 4.736736072903111605, 8.098999999999998423, 0.6527479112543117523 ) ) ;
#1973 = ORIENTED_EDGE ( 'NONE', *, *, #1055, .T. ) ;
#1974 = CARTESIAN_POINT ( 'NONE',  ( 2.552890989317559534, 8.099999999999999645, -0.4804457167132528128 ) ) ;
#1975 = CARTESIAN_POINT ( 'NONE',  ( 5.220210403807397093, 8.098999999999998423, -2.143403294419240712 ) ) ;
#1976 = LINE ( 'NONE', #2473, #2681 ) ;
#1977 = EDGE_LOOP ( 'NONE', ( #164, #3157, #2010, #490 ) ) ;
#1978 = CARTESIAN_POINT ( 'NONE',  ( 5.409934474974407159, 8.099000000000000199, 2.597760750545056840 ) ) ;
#1979 = VERTEX_POINT ( 'NONE', #1439 ) ;
#1980 = EDGE_CURVE ( 'NONE', #1827, #3255, #879, .T. ) ;
#1981 = CARTESIAN_POINT ( 'NONE',  ( 0.2618482734439119275, 8.099999999999999645, -1.323761545374583681 ) ) ;
#1982 = ORIENTED_EDGE ( 'NONE', *, *, #2151, .T. ) ;
#1983 = CARTESIAN_POINT ( 'NONE',  ( -0.3518182619891390139, 8.099000000000000199, 1.518196722341963456 ) ) ;
#1984 = B_SPLINE_CURVE_WITH_KNOTS ( 'NONE', 3,
 ( #1642, #2451, #24, #2018, #272, #539, #3062, #1548, #2516, #1028, #1061 ),
 .UNSPECIFIED., .F., .F.,
 ( 4, 1, 1, 1, 1, 1, 1, 1, 4 ),
 ( 0.0000000000000000000, 2.420531851871870045E-05, 4.497640194539449370E-05, 6.382213333788931361E-05, 8.530402584644425617E-05, 0.0001100546653299520346, 0.0001407002543834472001, 0.0001789005325413476201, 0.0002272520480785617468 ),
 .UNSPECIFIED. ) ;
#1985 = CARTESIAN_POINT ( 'NONE',  ( 4.821239622033232308, 8.099000000000000199, 0.5559408976038798800 ) ) ;
#1986 = ADVANCED_FACE ( 'NONE', ( #2874 ), #2436, .T. ) ;
#1987 = CARTESIAN_POINT ( 'NONE',  ( 2.555959187813207301, 8.099999999999999645, -1.016801978345965862 ) ) ;
#1988 = ORIENTED_EDGE ( 'NONE', *, *, #2079, .T. ) ;
#1989 = CARTESIAN_POINT ( 'NONE',  ( -1.356103301359216529, 8.099999999999999645, 1.830682155412830303 ) ) ;
#1990 = CARTESIAN_POINT ( 'NONE',  ( 6.799999999999998934, -0.1000000000000000056, 6.250000000000001776 ) ) ;
#1991 = DIRECTION ( 'NONE',  ( -0.0000000000000000000, -1.000000000000000000, -0.0000000000000000000 ) ) ;
#1992 = ORIENTED_EDGE ( 'NONE', *, *, #1083, .F. ) ;
#1993 = DIRECTION ( 'NONE',  ( -6.094814838508611172E-15, 0.0000000000000000000, -1.000000000000000000 ) ) ;
#1994 = EDGE_CURVE ( 'NONE', #2665, #54, #791, .T. ) ;
#1995 = EDGE_LOOP ( 'NONE', ( #1089, #2139, #1010, #2733 ) ) ;
#1996 = CARTESIAN_POINT ( 'NONE',  ( 0.7444809506092741058, 8.099000000000000199, 0.0002573522632255687004 ) ) ;
#1997 = CARTESIAN_POINT ( 'NONE',  ( 3.015862783797936597, 8.099000000000501132, -2.144196970043178663 ) ) ;
#1998 = ORIENTED_EDGE ( 'NONE', *, *, #1330, .F. ) ;
#1999 = CARTESIAN_POINT ( 'NONE',  ( 2.607774548503818846, 8.099999999999999645, -1.063314617102002479 ) ) ;
#2000 = CARTESIAN_POINT ( 'NONE',  ( 7.700000000000003730, 8.099999999999999645, -0.6221381465137676425 ) ) ;
#2001 = AXIS2_PLACEMENT_3D ( 'NONE', #1266, #1043, #2513 ) ;
#2002 = CARTESIAN_POINT ( 'NONE',  ( 2.528625001114389814, 8.099999999999994316, 1.102884072275896798 ) ) ;
#2003 = DIRECTION ( 'NONE',  ( 0.0000000000000000000, -0.0000000000000000000, -1.000000000000000000 ) ) ;
#2004 = EDGE_CURVE ( 'NONE', #2181, #2227, #1235, .T. ) ;
#2005 = CARTESIAN_POINT ( 'NONE',  ( 2.564929640599984406, 8.099000000000007304, -0.4519849819648515954 ) ) ;
#2006 = CARTESIAN_POINT ( 'NONE',  ( 2.933211125878412595, 8.099000000000000199, 1.050799536479193330 ) ) ;
#2007 = LINE ( 'NONE', #90, #1474 ) ;
#2008 = CARTESIAN_POINT ( 'NONE',  ( 2.933211125878413039, 8.099000000000003752, 1.050799536479193330 ) ) ;
#2009 = LINE ( 'NONE', #292, #1273 ) ;
#2010 = ORIENTED_EDGE ( 'NONE', *, *, #2825, .F. ) ;
#2011 = CARTESIAN_POINT ( 'NONE',  ( 3.015862783797936597, 8.099000000000000199, -2.144196970043178663 ) ) ;
#2012 =( NAMED_UNIT ( * ) SI_UNIT ( $, .STERADIAN. ) SOLID_ANGLE_UNIT ( ) );
#2013 = VECTOR ( 'NONE', #1423, 1000.000000000000000 ) ;
#2014 = ORIENTED_EDGE ( 'NONE', *, *, #914, .T. ) ;
#2015 = CARTESIAN_POINT ( 'NONE',  ( 2.551513171125505242, 8.099000000000000199, 2.960192448515412522 ) ) ;
#2016 = PLANE ( 'NONE',  #2623 ) ;
#2017 = ORIENTED_EDGE ( 'NONE', *, *, #3274, .T. ) ;
#2018 = CARTESIAN_POINT ( 'NONE',  ( 4.815217329502886834, 8.099999999999992539, 0.5997018838477250480 ) ) ;
#2019 = AXIS2_PLACEMENT_3D ( 'NONE', #919, #1668, #145 ) ;
#2020 = PRESENTATION_STYLE_ASSIGNMENT (( #1106 ) ) ;
#2021 = CARTESIAN_POINT ( 'NONE',  ( 5.409934474974407159, 8.099999999999992539, 2.597760750545056840 ) ) ;
#2022 = ORIENTED_EDGE ( 'NONE', *, *, #205, .F. ) ;
#2023 = CARTESIAN_POINT ( 'NONE',  ( 2.527121974974407159, 8.099999999999999645, 8.200000000000001066 ) ) ;
#2024 = CARTESIAN_POINT ( 'NONE',  ( 5.227458881647439881, 8.099000000000016186, -3.795410855370171532 ) ) ;
#2025 = EDGE_CURVE ( 'NONE', #1947, #383, #1191, .T. ) ;
#2026 = UNCERTAINTY_MEASURE_WITH_UNIT (LENGTH_MEASURE( 1.000000000000000082E-05 ), #1344, 'distance_accuracy_value', 'NONE');
#2027 = CLOSED_SHELL ( 'NONE', ( #622, #1682, #1179, #2954, #1752, #150, #2973, #938, #2945, #951, #200, #225, #1986, #1470, #1204, #682, #736, #1933, #419, #2988, #1891, #2564, #2233, #184, #2654, #3010, #451, #465, #1438, #3242, #2499, #968, #2934, #657, #1006, #3211, #1921, #2408, #1734, #2201, #1796, #1220, #1165, #3167, #3225, #165, #1239, #1461, #2432, #1490, #1507, #3191, #2715, #2465, #257, #3148, #41, #641, #2185, #1966, #1704, #715, #2423, #2636, #697, #2698, #912, #1186, #2140, #1721, #2216, #429, #2476, #2751, #487, #1952, #1056, #139, #2734, #2446, #1648 ) ) ;
#2028 = EDGE_LOOP ( 'NONE', ( #2850, #2022, #126 ) ) ;
#2029 = B_SPLINE_CURVE_WITH_KNOTS ( 'NONE', 3,
 ( #2444, #2971, #455, #686, #1224, #428, #734, #2197, #3209, #2943, #442 ),
 .UNSPECIFIED., .F., .F.,
 ( 4, 1, 1, 1, 1, 1, 1, 1, 4 ),
 ( 0.0000000000000000000, 3.940449577303533404E-05, 7.231768392240704886E-05, 9.982799388193571355E-05, 0.0001229830850784180093, 0.0001426065600145575774, 0.0001604224429004517363, 0.0001768319092821702440, 0.0001935292830015621632 ),
 .UNSPECIFIED. ) ;
#2030 = CARTESIAN_POINT ( 'NONE',  ( 2.527294357608363740, 8.099000000000009081, -0.6715158441237943920 ) ) ;
#2031 = FACE_OUTER_BOUND ( 'NONE', #1935, .T. ) ;
#2032 = CARTESIAN_POINT ( 'NONE',  ( 4.821012209764464984, 8.099000000000000199, 0.5790602083643165976 ) ) ;
#2033 = ORIENTED_EDGE ( 'NONE', *, *, #2879, .F. ) ;
#2034 = CARTESIAN_POINT ( 'NONE',  ( 2.527078872098694973, 8.099999999999997868, -3.003571512547285494 ) ) ;
#2035 = PLANE ( 'NONE',  #3214 ) ;
#2036 = DIRECTION ( 'NONE',  ( 0.0000000000000000000, 0.0000000000000000000, 1.000000000000000000 ) ) ;
#2037 = CARTESIAN_POINT ( 'NONE',  ( 4.666827857327348283, 8.099499999999999034, -1.491393661219649447 ) ) ;
#2038 = EDGE_CURVE ( 'NONE', #212, #45, #518, .T. ) ;
#2039 = CARTESIAN_POINT ( 'NONE',  ( 5.509294117060668405, 8.098999999999998423, -0.6679017776763627179 ) ) ;
#2040 = CARTESIAN_POINT ( 'NONE',  ( 4.512416092621466035, 8.099999999999999645, 0.2919243534862329126 ) ) ;
#2041 = CARTESIAN_POINT ( 'NONE',  ( 3.327859088574583790, 8.099000000000522448, -2.203649352237665671 ) ) ;
#2042 = CARTESIAN_POINT ( 'NONE',  ( 5.527065906628455316, 8.099000000000003752, 2.354138460900758734 ) ) ;
#2043 = CARTESIAN_POINT ( 'NONE',  ( 4.631711638362186356, 8.099000000000005528, -1.490977387280535416 ) ) ;
#2044 = FACE_OUTER_BOUND ( 'NONE', #1791, .T. ) ;
#2045 = B_SPLINE_CURVE_WITH_KNOTS ( 'NONE', 3,
 ( #3160, #1669, #396, #892, #2177, #379, #1913, #2683, #2158, #406, #1178 ),
 .UNSPECIFIED., .F., .F.,
 ( 4, 1, 1, 1, 1, 1, 1, 1, 4 ),
 ( 0.0000000000000000000, 1.601107664449518000E-05, 3.241900014599301565E-05, 4.967616338970558412E-05, 6.974202224781639304E-05, 9.321176425926570842E-05, 0.0001209351700827666031, 0.0001537364935856027758, 0.0001931372843986044836 ),
 .UNSPECIFIED. ) ;
#2046 = CARTESIAN_POINT ( 'NONE',  ( 5.527121974974407159, 8.099500000000134037, 2.407503397603881101 ) ) ;
#2047 = VECTOR ( 'NONE', #2484, 1000.000000000000000 ) ;
#2048 = CARTESIAN_POINT ( 'NONE',  ( 2.872480430856759970, 8.099999999999999645, 8.200000000000001066 ) ) ;
#2049 = STYLED_ITEM ( 'NONE', ( #2968 ), #2894 ) ;
#2050 = ORIENTED_EDGE ( 'NONE', *, *, #1454, .T. ) ;
#2051 = DIRECTION ( 'NONE',  ( 0.0000000000000000000, 1.000000000000000000, 0.0000000000000000000 ) ) ;
#2052 = VECTOR ( 'NONE', #409, 1000.000000000000000 ) ;
#2053 = CARTESIAN_POINT ( 'NONE',  ( 5.520422058864299153, 8.100000000000001421, 2.267428373640413941 ) ) ;
#2054 = EDGE_LOOP ( 'NONE', ( #975, #269 ) ) ;
#2055 = EDGE_CURVE ( 'NONE', #1401, #1694, #2578, .T. ) ;
#2056 = ORIENTED_EDGE ( 'NONE', *, *, #902, .T. ) ;
#2057 = CARTESIAN_POINT ( 'NONE',  ( 4.599866741713836582, 8.098999999999998423, -1.485911206382574790 ) ) ;
#2058 =( LENGTH_UNIT ( ) NAMED_UNIT ( * ) SI_UNIT ( .MILLI., .METRE. ) );
#2059 = DIRECTION ( 'NONE',  ( -0.0000000000000000000, -1.000000000000000000, -0.0000000000000000000 ) ) ;
#2060 = VERTEX_POINT ( 'NONE', #1452 ) ;
#2061 = AXIS2_PLACEMENT_3D ( 'NONE', #1185, #1660, #932 ) ;
#2062 = CARTESIAN_POINT ( 'NONE',  ( 2.556074180856759970, 8.099500000000100286, -2.821127117102002479 ) ) ;
#2063 = VECTOR ( 'NONE', #1291, 1000.000000000000114 ) ;
#2064 = ORIENTED_EDGE ( 'NONE', *, *, #613, .T. ) ;
#2065 = CARTESIAN_POINT ( 'NONE',  ( 4.512416092621466923, 8.099000000000000199, -0.6221381465137671984 ) ) ;
#2066 = CARTESIAN_POINT ( 'NONE',  ( 0.3799915805305330574, 8.098999999999998423, 2.304560501869515221 ) ) ;
#2067 = CARTESIAN_POINT ( 'NONE',  ( 0.7508659899793621584, 8.098999999999996646, -0.4617611516737861743 ) ) ;
#2068 = VECTOR ( 'NONE', #746, 1000.000000000000000 ) ;
#2069 = EDGE_LOOP ( 'NONE', ( #2505, #258 ) ) ;
#2070 = B_SPLINE_CURVE_WITH_KNOTS ( 'NONE', 3,
 ( #1896, #1160, #439, #2956, #171, #420, #1685, #2466, #147, #2712, #2442 ),
 .UNSPECIFIED., .F., .F.,
 ( 4, 1, 1, 1, 1, 1, 1, 1, 4 ),
 ( 0.0000000000000000000, 1.601120616104635379E-05, 3.241926238926276532E-05, 4.967656522935076787E-05, 6.974258640389371575E-05, 9.321251826641363232E-05, 0.0001209361483496559870, 0.0001537377371884460654, 0.0001931388467217095444 ),
 .UNSPECIFIED. ) ;
#2071 = CARTESIAN_POINT ( 'NONE',  ( 0.5665766199005988213, 8.099000000000000199, -1.873356820965127012 ) ) ;
#2072 = ORIENTED_EDGE ( 'NONE', *, *, #606, .F. ) ;
#2073 = CARTESIAN_POINT ( 'NONE',  ( 3.195780063209701094, 8.099500000000261934, -2.078020499454944048 ) ) ;
#2074 = CARTESIAN_POINT ( 'NONE',  ( 4.639946866496829969, 8.099000000000000199, 0.6570547808856463945 ) ) ;
#2075 = CARTESIAN_POINT ( 'NONE',  ( 2.968298445562641774, 8.099999999999999645, -2.783902852396120231 ) ) ;
#2076 = CARTESIAN_POINT ( 'NONE',  ( 3.059851504703098080, 8.099999999999994316, -2.099531447967012632 ) ) ;
#2077 = CARTESIAN_POINT ( 'NONE',  ( 0.5665766199005988213, 8.099999999999999645, -1.873356820965125902 ) ) ;
#2078 = DIRECTION ( 'NONE',  ( 0.0000000000000000000, 0.0000000000000000000, 1.000000000000000000 ) ) ;
#2079 = EDGE_CURVE ( 'NONE', #2928, #1401, #1782, .T. ) ;
#2080 = CARTESIAN_POINT ( 'NONE',  ( 2.872478899915450690, 8.099999999999992539, 1.029461057620707720 ) ) ;
#2081 = CARTESIAN_POINT ( 'NONE',  ( -2.842766687186006003, 8.099999999999999645, -1.473381624114729727 ) ) ;
#2082 = LINE ( 'NONE', #3011, #2366 ) ;
#2083 = SURFACE_STYLE_USAGE ( .BOTH. , #1033 ) ;
#2084 = ORIENTED_EDGE ( 'NONE', *, *, #1518, .F. ) ;
#2085 = CARTESIAN_POINT ( 'NONE',  ( 2.526999725465637336, 8.099000000000001975, -2.977833125840810613 ) ) ;
#2086 = B_SPLINE_CURVE_WITH_KNOTS ( 'NONE', 3,
 ( #1949, #2686, #1696, #1434, #196, #1958, #2433, #2213, #1917, #695, #161 ),
 .UNSPECIFIED., .F., .F.,
 ( 4, 1, 1, 1, 1, 1, 1, 1, 4 ),
 ( 0.0000000000000000000, 2.816280291582792605E-05, 5.420631478961669155E-05, 7.927589055785462210E-05, 0.0001068200329636204642, 0.0001392265930272682407, 0.0001782719448194203206, 0.0002253993590869249775, 0.0002821356271838628229 ),
 .UNSPECIFIED. ) ;
#2087 = CARTESIAN_POINT ( 'NONE',  ( 7.700000000000003730, 8.099999999999999645, 8.200000000000001066 ) ) ;
#2088 = ORIENTED_EDGE ( 'NONE', *, *, #2361, .T. ) ;
#2089 = LINE ( 'NONE', #217, #2955 ) ;
#2090 = CARTESIAN_POINT ( 'NONE',  ( 4.512416092621466923, 8.099500000000000810, -1.403158367102002924 ) ) ;
#2091 = ORIENTED_EDGE ( 'NONE', *, *, #929, .F. ) ;
#2092 = CARTESIAN_POINT ( 'NONE',  ( 5.517212275030979107, 8.099999999999994316, -0.6975711411058166389 ) ) ;
#2093 = CARTESIAN_POINT ( 'NONE',  ( 7.700000000000003730, 8.099999999999999645, -1.063314617102002479 ) ) ;
#2094 = CARTESIAN_POINT ( 'NONE',  ( 3.183133787910861656, 8.098999999999998423, -2.078047704270698848 ) ) ;
#2095 = LINE ( 'NONE', #2810, #2884 ) ;
#2096 = EDGE_CURVE ( 'NONE', #2795, #1680, #513, .T. ) ;
#2097 = EDGE_LOOP ( 'NONE', ( #1120, #1208, #2273, #1942 ) ) ;
#2098 = LINE ( 'NONE', #2713, #2818 ) ;
#2099 = CARTESIAN_POINT ( 'NONE',  ( 2.598813151444995917, 8.099999999999997868, -0.4146473376902377050 ) ) ;
#2100 = PLANE ( 'NONE',  #1561 ) ;
#2101 = EDGE_LOOP ( 'NONE', ( #444, #1772, #1899 ) ) ;
#2102 = CARTESIAN_POINT ( 'NONE',  ( 2.530218113158774873, 8.099000000000243560, -3.118422509258792719 ) ) ;
#2103 = FACE_OUTER_BOUND ( 'NONE', #2178, .T. ) ;
#2104 = STYLED_ITEM ( 'NONE', ( #841 ), #657 ) ;
#2105 = UNCERTAINTY_MEASURE_WITH_UNIT (LENGTH_MEASURE( 1.000000000000000082E-05 ), #1553, 'distance_accuracy_value', 'NONE');
#2106 = ORIENTED_EDGE ( 'NONE', *, *, #2426, .F. ) ;
#2107 = ORIENTED_EDGE ( 'NONE', *, *, #460, .F. ) ;
#2108 = CARTESIAN_POINT ( 'NONE',  ( -2.683080466713564594, 8.099999999999999645, -0.6490087894690590442 ) ) ;
#2109 = FACE_OUTER_BOUND ( 'NONE', #2775, .T. ) ;
#2110 = DIRECTION ( 'NONE',  ( -1.000000000000000000, -0.0000000000000000000, 0.0000000000000000000 ) ) ;
#2111 = PLANE ( 'NONE',  #1511 ) ;
#2112 = CARTESIAN_POINT ( 'NONE',  ( 5.527121974974408047, 8.099499999999999034, -0.8385903523961205641 ) ) ;
#2113 = ORIENTED_EDGE ( 'NONE', *, *, #1675, .T. ) ;
#2114 = CARTESIAN_POINT ( 'NONE',  ( 5.362359748237385482, 8.099999999999992539, -2.078495239554033702 ) ) ;
#2115 = CARTESIAN_POINT ( 'NONE',  ( 4.771652534635807186, 8.099000000000005528, -1.474022037529632012 ) ) ;
#2116 = MECHANICAL_DESIGN_GEOMETRIC_PRESENTATION_REPRESENTATION (  '', ( #1522 ), #240 ) ;
#2117 = DIRECTION ( 'NONE',  ( 0.0000000000000000000, -1.000000000000000000, -0.0000000000000000000 ) ) ;
#2118 = CARTESIAN_POINT ( 'NONE',  ( -7.700000000000001954, 8.099999999999999645, 8.200000000000001066 ) ) ;
#2119 = DIRECTION ( 'NONE',  ( 0.0000000000000000000, -0.0000000000000000000, 1.000000000000000000 ) ) ;
#2120 = CARTESIAN_POINT ( 'NONE',  ( -3.305447789548204174, 8.099500000000000810, -0.8183461910438469822 ) ) ;
#2121 = CARTESIAN_POINT ( 'NONE',  ( 5.218937769171328789, 8.099999999999992539, -2.154943649074056111 ) ) ;
#2122 = CARTESIAN_POINT ( 'NONE',  ( 2.878671003381027216, 8.099999999999988987, 2.926803455488357297 ) ) ;
#2123 = EDGE_CURVE ( 'NONE', #3003, #681, #1310, .T. ) ;
#2124 = CARTESIAN_POINT ( 'NONE',  ( 4.821239622033232308, 8.099499999999999034, -1.403158367102002479 ) ) ;
#2125 = CARTESIAN_POINT ( 'NONE',  ( 5.306899464651201548, 8.100000000000001421, -3.837396805271579225 ) ) ;
#2126 = CARTESIAN_POINT ( 'NONE',  ( 0.5665766199005988213, 8.099999999999999645, -1.873356820965125902 ) ) ;
#2127 = LINE ( 'NONE', #1956, #2047 ) ;
#2128 = SURFACE_STYLE_USAGE ( .BOTH. , #1093 ) ;
#2129 = COLOUR_RGB ( '',0.7921568627450980005, 0.8196078431372548767, 0.9333333333333333481 ) ;
#2130 = CARTESIAN_POINT ( 'NONE',  ( 5.509294117060668405, 8.099999999999990763, -0.6679017776763627179 ) ) ;
#2131 = CARTESIAN_POINT ( 'NONE',  ( 2.607774548503819290, 8.099000000000000199, -1.063314617102002702 ) ) ;
#2132 = CARTESIAN_POINT ( 'NONE',  ( 3.043428004029257838, 8.099999999999999645, -2.110662383807165643 ) ) ;
#2133 = VERTEX_POINT ( 'NONE', #445 ) ;
#2134 = VECTOR ( 'NONE', #2918, 1000.000000000000000 ) ;
#2135 = EDGE_LOOP ( 'NONE', ( #417, #2454, #965, #1686 ) ) ;
#2136 = CARTESIAN_POINT ( 'NONE',  ( 3.316377512042953057, 8.100000000000003197, -2.089359366741358137 ) ) ;
#2137 = VECTOR ( 'NONE', #2256, 1000.000000000000000 ) ;
#2138 = CARTESIAN_POINT ( 'NONE',  ( -6.799999999999998934, -0.1000000000000000056, -6.250000000000000000 ) ) ;
#2139 = ORIENTED_EDGE ( 'NONE', *, *, #2930, .T. ) ;
#2140 = ADVANCED_FACE ( 'NONE', ( #1231 ), #495, .T. ) ;
#2141 = ORIENTED_EDGE ( 'NONE', *, *, #63, .F. ) ;
#2142 = CARTESIAN_POINT ( 'NONE',  ( 2.555959187813207301, 8.100000000000003197, -1.016801978345965862 ) ) ;
#2143 = DIRECTION ( 'NONE',  ( -0.0000000000000000000, 1.000000000000000000, 0.0000000000000000000 ) ) ;
#2144 = CARTESIAN_POINT ( 'NONE',  ( 3.339293780857700789, 8.099999999999992539, -2.181316855179228131 ) ) ;
#2145 = ORIENTED_EDGE ( 'NONE', *, *, #1024, .F. ) ;
#2146 = SURFACE_STYLE_USAGE ( .BOTH. , #1903 ) ;
#2147 = CARTESIAN_POINT ( 'NONE',  ( 3.351185377075195593, 8.099000000000000199, -2.123797547469498781 ) ) ;
#2148 = CARTESIAN_POINT ( 'NONE',  ( 3.799999999999998934, -0.1000000000000000056, 6.250000000000000888 ) ) ;
#2149 = VECTOR ( 'NONE', #2226, 1000.000000000000000 ) ;
#2150 = VERTEX_POINT ( 'NONE', #2228 ) ;
#2151 = EDGE_CURVE ( 'NONE', #1939, #386, #2082, .T. ) ;
#2152 = CARTESIAN_POINT ( 'NONE',  ( 5.500099621021131924, 8.098999999999998423, -1.037007634417109081 ) ) ;
#2153 = EDGE_CURVE ( 'NONE', #897, #39, #2992, .T. ) ;
#2154 = CARTESIAN_POINT ( 'NONE',  ( 7.699999999999999289, 8.099999999999999645, -8.199999999999997513 ) ) ;
#2155 = ORIENTED_EDGE ( 'NONE', *, *, #3224, .T. ) ;
#2156 = CARTESIAN_POINT ( 'NONE',  ( 1.082071501790373480, 8.099999999999999645, -1.235140679232828775 ) ) ;
#2157 = CARTESIAN_POINT ( 'NONE',  ( 2.536581080824211742, 8.099000000000389221, 2.944831222994118924 ) ) ;
#2158 = CARTESIAN_POINT ( 'NONE',  ( 5.411878705693394132, 8.099000000000518895, -2.079405616702726611 ) ) ;
#2159 = PRESENTATION_LAYER_ASSIGNMENT (  '', '', ( #1825 ) ) ;
#2160 = CARTESIAN_POINT ( 'NONE',  ( 4.797950715771255759, 8.099999999999994316, -1.456651981697282050 ) ) ;
#2161 = CARTESIAN_POINT ( 'NONE',  ( 5.527121974974408047, 8.099999999999997868, -0.8385903523961202310 ) ) ;
#2162 = CARTESIAN_POINT ( 'NONE',  ( 2.529272604377409195, 8.099000000000298627, -2.912432544213367613 ) ) ;
#2163 = EDGE_CURVE ( 'NONE', #1783, #383, #1551, .T. ) ;
#2164 = CARTESIAN_POINT ( 'NONE',  ( 2.570110216410145032, 8.098999999999998423, -1.041551916952510926 ) ) ;
#2165 = CARTESIAN_POINT ( 'NONE',  ( 2.626656811981014528, 8.099000000000387445, 2.991148086538859996 ) ) ;
#2166 = DIRECTION ( 'NONE',  ( 1.000000000000000000, 0.0000000000000000000, -0.0000000000000000000 ) ) ;
#2167 =( GEOMETRIC_REPRESENTATION_CONTEXT ( 3 ) GLOBAL_UNCERTAINTY_ASSIGNED_CONTEXT ( ( #308 ) ) GLOBAL_UNIT_ASSIGNED_CONTEXT ( ( #1359, #888, #1887 ) ) REPRESENTATION_CONTEXT ( 'NONE', 'WORKASPACE' ) );
#2168 = VECTOR ( 'NONE', #1376, 1000.000000000000000 ) ;
#2169 = CARTESIAN_POINT ( 'NONE',  ( 4.688367714085698523, 8.099000000000000199, -1.490785961285773897 ) ) ;
#2170 = CARTESIAN_POINT ( 'NONE',  ( -1.063790309233245246, 8.099000000000000199, -1.115176899705278002 ) ) ;
#2171 = LINE ( 'NONE', #1969, #883 ) ;
#2172 = ORIENTED_EDGE ( 'NONE', *, *, #1536, .F. ) ;
#2173 = CARTESIAN_POINT ( 'NONE',  ( 1.376573076593529121, 8.099000000000000199, -0.04860091545332359542 ) ) ;
#2174 = SURFACE_STYLE_FILL_AREA ( #1140 ) ;
#2175 = ORIENTED_EDGE ( 'NONE', *, *, #356, .T. ) ;
#2176 = AXIS2_PLACEMENT_3D ( 'NONE', #2798, #2498, #1780 ) ;
#2177 = CARTESIAN_POINT ( 'NONE',  ( 5.508328619008906912, 8.099000000000520672, -2.116899853374576868 ) ) ;
#2178 = EDGE_LOOP ( 'NONE', ( #1637, #2575 ) ) ;
#2179 = LINE ( 'NONE', #309, #2063 ) ;
#2180 = CARTESIAN_POINT ( 'NONE',  ( 5.471530677601940340, 8.100000000000003197, -3.827978345752456324 ) ) ;
#2181 = VERTEX_POINT ( 'NONE', #468 ) ;
#2182 = CARTESIAN_POINT ( 'NONE',  ( 2.968298445562642218, 8.099000000000000199, -2.783902852396120231 ) ) ;
#2183 = DIRECTION ( 'NONE',  ( 0.0000000000000000000, 0.0000000000000000000, -1.000000000000000000 ) ) ;
#2184 = PRESENTATION_STYLE_ASSIGNMENT (( #3061 ) ) ;
#2185 = ADVANCED_FACE ( 'NONE', ( #2477 ), #2350, .F. ) ;
#2186 = CARTESIAN_POINT ( 'NONE',  ( -6.388449604905978241, 8.099000000000000199, 6.795352941474994246 ) ) ;
#2187 = CARTESIAN_POINT ( 'NONE',  ( 5.526714428980626259, 8.099999999999997868, -2.157467352555448414 ) ) ;
#2188 = VERTEX_POINT ( 'NONE', #1009 ) ;
#2189 = LINE ( 'NONE', #1190, #810 ) ;
#2190 = CARTESIAN_POINT ( 'NONE',  ( 5.411983598371551629, 8.099999999999994316, -3.841696851527943046 ) ) ;
#2191 = CARTESIAN_POINT ( 'NONE',  ( -3.643312750178127057, 8.099000000000000199, 0.3559790058065490093 ) ) ;
#2192 = VERTEX_POINT ( 'NONE', #2253 ) ;
#2193 = CARTESIAN_POINT ( 'NONE',  ( 2.577796673630440516, 8.099999999999996092, -3.223771556212778222 ) ) ;
#2194 = EDGE_CURVE ( 'NONE', #1766, #1535, #3227, .T. ) ;
#2195 = EDGE_LOOP ( 'NONE', ( #1479, #2393, #2330, #922 ) ) ;
#2196 = CARTESIAN_POINT ( 'NONE',  ( 2.561954441981543429, 8.099999999999997868, 1.035401307824654005 ) ) ;
#2197 = CARTESIAN_POINT ( 'NONE',  ( 5.519095488488114931, 8.099000000000019739, -3.790348097010625139 ) ) ;
#2198 = CARTESIAN_POINT ( 'NONE',  ( 2.607774548503819290, 8.099000000000000199, -1.063314617102002702 ) ) ;
#2199 = CARTESIAN_POINT ( 'NONE',  ( -0.2872918840364085957, 8.099999999999999645, -1.873356820965121905 ) ) ;
#2200 = SURFACE_STYLE_USAGE ( .BOTH. , #1467 ) ;
#2201 = ADVANCED_FACE ( 'NONE', ( #192 ), #1254, .T. ) ;
#2202 = CARTESIAN_POINT ( 'NONE',  ( -5.913434642006757613, 8.099000000000000199, -6.795352941474990693 ) ) ;
#2203 = CARTESIAN_POINT ( 'NONE',  ( -3.799999999999998046, -0.1000000000000000056, 6.250000000000000000 ) ) ;
#2204 = EDGE_CURVE ( 'NONE', #447, #1014, #1967, .T. ) ;
#2205 = CARTESIAN_POINT ( 'NONE',  ( 2.527500048245067354, 8.099999999999994316, -3.036658824354054431 ) ) ;
#2206 = CARTESIAN_POINT ( 'NONE',  ( 5.500099621021131036, 8.098999999999996646, -1.037007634417109081 ) ) ;
#2207 = LINE ( 'NONE', #1477, #3152 ) ;
#2208 = ORIENTED_EDGE ( 'NONE', *, *, #1505, .F. ) ;
#2209 = DIRECTION ( 'NONE',  ( 1.000000000000000000, 0.0000000000000000000, -0.0000000000000000000 ) ) ;
#2210 = LINE ( 'NONE', #925, #1077 ) ;
#2211 = CARTESIAN_POINT ( 'NONE',  ( 5.411983598371551629, 8.099999999999999645, -3.841696851527943046 ) ) ;
#2212 = ORIENTED_EDGE ( 'NONE', *, *, #159, .F. ) ;
#2213 = CARTESIAN_POINT ( 'NONE',  ( 5.524111430100934861, 8.099999999999992539, 2.306799863864647193 ) ) ;
#2214 = CARTESIAN_POINT ( 'NONE',  ( 5.527121974974408047, 8.099000000000000199, -0.8385903523961202310 ) ) ;
#2215 = ORIENTED_EDGE ( 'NONE', *, *, #2096, .F. ) ;
#2216 = ADVANCED_FACE ( 'NONE', ( #2283 ), #2764, .F. ) ;
#2217 = CARTESIAN_POINT ( 'NONE',  ( 2.579956291228327814, 8.099999999999997868, -0.4297288963308293352 ) ) ;
#2218 = CARTESIAN_POINT ( 'NONE',  ( 2.964162416150877277, 8.099000000000000199, 1.063983177015644932 ) ) ;
#2219 = EDGE_LOOP ( 'NONE', ( #931, #2736, #49, #1497 ) ) ;
#2220 = PLANE ( 'NONE',  #3082 ) ;
#2221 = CARTESIAN_POINT ( 'NONE',  ( 7.700000000000003730, 8.099999999999999645, -1.873356820965121905 ) ) ;
#2222 = VERTEX_POINT ( 'NONE', #1255 ) ;
#2223 = EDGE_CURVE ( 'NONE', #1327, #531, #27, .T. ) ;
#2224 = VECTOR ( 'NONE', #3121, 1000.000000000000000 ) ;
#2225 = CARTESIAN_POINT ( 'NONE',  ( 2.626656811981014084, 8.098999999999998423, 2.991148086538859996 ) ) ;
#2226 = DIRECTION ( 'NONE',  ( -0.0000000000000000000, 0.0000000000000000000, -1.000000000000000000 ) ) ;
#2227 = VERTEX_POINT ( 'NONE', #2807 ) ;
#2228 = CARTESIAN_POINT ( 'NONE',  ( 6.799999999999998934, 0.0000000000000000000, 6.250000000000001776 ) ) ;
#2229 = DIRECTION ( 'NONE',  ( 0.7901669519244075568, 0.0000000000000000000, 0.6128916609699393003 ) ) ;
#2230 = VERTEX_POINT ( 'NONE', #2323 ) ;
#2231 = CARTESIAN_POINT ( 'NONE',  ( 2.953637319889458546, 8.099000000000005528, 1.059500033195125868 ) ) ;
#2232 = CARTESIAN_POINT ( 'NONE',  ( -3.305447789548204174, 8.099500000000000810, -0.8183461910438469822 ) ) ;
#2233 = ADVANCED_FACE ( 'NONE', ( #1708 ), #541, .T. ) ;
#2234 = CARTESIAN_POINT ( 'NONE',  ( 0.7444809506092741058, 8.099999999999999645, 0.0002573522632255687004 ) ) ;
#2235 = CARTESIAN_POINT ( 'NONE',  ( 2.571172828762822160, 8.099000000000000199, 2.973435681558886046 ) ) ;
#2236 = B_SPLINE_CURVE_WITH_KNOTS ( 'NONE', 3,
 ( #814, #2297, #1828, #3102, #2845, #3090, #29, #69, #2826, #789, #558 ),
 .UNSPECIFIED., .F., .F.,
 ( 4, 1, 1, 1, 1, 1, 1, 1, 4 ),
 ( 0.0000000000000000000, 3.734594743542268678E-05, 7.015868878746163862E-05, 9.747598534072975573E-05, 0.0001215950499964911903, 0.0001419040528270713191, 0.0001604842290827644669, 0.0001778025534309058016, 0.0001952852959380297357 ),
 .UNSPECIFIED. ) ;
#2237 = CARTESIAN_POINT ( 'NONE',  ( -7.700000000000001954, 8.099999999999999645, -8.199999999999997513 ) ) ;
#2238 = B_SPLINE_SURFACE_WITH_KNOTS ( 'NONE', 3, 1, ( 
 ( #1665, #104 ),
 ( #1418, #2634 ),
 ( #2901, #2871 ),
 ( #2397, #609 ),
 ( #2152, #1382 ),
 ( #3132, #2888 ),
 ( #1391, #3165 ),
 ( #1653, #116 ),
 ( #372, #1877 ),
 ( #2417, #1161 ),
 ( #384, #2161 ) ),
 .UNSPECIFIED., .F., .F., .F.,
 ( 4, 1, 1, 1, 1, 1, 1, 1, 4 ),
 ( 2, 2 ),
 ( 0.0000000000000000000, 0.06828746358758640278, 0.1311962659111836904, 0.2057969284921278563, 0.3000058175594925713, 0.4230167285141717692, 0.5759977292766426116, 0.7652822433957755521, 1.000000000000000000 ),
 ( 0.0000000000000000000, 1.000000000000000000 ),
 .UNSPECIFIED. ) ;
#2239 = CARTESIAN_POINT ( 'NONE',  ( 4.533850305697678884, 8.100000000000004974, -1.454596921072827120 ) ) ;
#2240 = CARTESIAN_POINT ( 'NONE',  ( 2.808945697372503325, 8.099000000000005528, 1.017504710999274753 ) ) ;
#2241 = CARTESIAN_POINT ( 'NONE',  ( 2.536581080824211742, 8.099999999999990763, 2.944831222994118480 ) ) ;
#2242 = B_SPLINE_SURFACE_WITH_KNOTS ( 'NONE', 3, 1, ( 
 ( #493, #2247 ),
 ( #767, #1269 ),
 ( #271, #3008 ),
 ( #1520, #2264 ) ),
 .UNSPECIFIED., .F., .F., .F.,
 ( 4, 4 ),
 ( 2, 2 ),
 ( 0.6363636363636364646, 0.7272727272727274039 ),
 ( 0.0000000000000000000, 1.000000000000000000 ),
 .UNSPECIFIED. ) ;
#2243 = LINE ( 'NONE', #2696, #588 ) ;
#2244 = CARTESIAN_POINT ( 'NONE',  ( -2.410638734430110119, 8.099500000000000810, -1.557792647736772507 ) ) ;
#2245 = CARTESIAN_POINT ( 'NONE',  ( 2.571172828762822160, 8.099999999999994316, 2.973435681558886046 ) ) ;
#2246 = FACE_OUTER_BOUND ( 'NONE', #2817, .T. ) ;
#2247 = CARTESIAN_POINT ( 'NONE',  ( -1.363987553327731694, 8.099999999999999645, 1.106863651475818999 ) ) ;
#2248 = FACE_OUTER_BOUND ( 'NONE', #941, .T. ) ;
#2249 = CARTESIAN_POINT ( 'NONE',  ( 5.220267974417982515, 8.099999999999988987, -3.778261956114195019 ) ) ;
#2250 = CARTESIAN_POINT ( 'NONE',  ( 4.654623249294622234, 8.100000000000003197, -1.491248985613595535 ) ) ;
#2251 = FACE_OUTER_BOUND ( 'NONE', #1420, .T. ) ;
#2252 = EDGE_LOOP ( 'NONE', ( #678, #285, #798, #2700 ) ) ;
#2253 = CARTESIAN_POINT ( 'NONE',  ( 0.7444809506092741058, 8.099000000000000199, 0.0002573522632255687004 ) ) ;
#2254 = LINE ( 'NONE', #3136, #1441 ) ;
#2255 = CARTESIAN_POINT ( 'NONE',  ( 2.586704316400999293, 8.099999999999996092, 1.024173230315142069 ) ) ;
#2256 = DIRECTION ( 'NONE',  ( 0.0000000000000000000, -0.0000000000000000000, 1.000000000000000000 ) ) ;
#2257 = B_SPLINE_SURFACE_WITH_KNOTS ( 'NONE', 3, 1, ( 
 ( #1996, #1494 ),
 ( #766, #2514 ),
 ( #1983, #1776 ),
 ( #3020, #476 ) ),
 .UNSPECIFIED., .F., .F., .F.,
 ( 4, 4 ),
 ( 2, 2 ),
 ( 0.7272727272727274039, 0.8181818181818183433 ),
 ( 0.0000000000000000000, 1.000000000000000000 ),
 .UNSPECIFIED. ) ;
#2258 = ORIENTED_EDGE ( 'NONE', *, *, #547, .T. ) ;
#2259 = EDGE_CURVE ( 'NONE', #1912, #3141, #1116, .T. ) ;
#2260 = COLOUR_RGB ( '',0.1882352941176470562, 0.2039215686274509776, 0.2039215686274509776 ) ;
#2261 = EDGE_LOOP ( 'NONE', ( #1867, #2785 ) ) ;
#2262 = CARTESIAN_POINT ( 'NONE',  ( 2.662607184688675854, 8.099000000000003752, 2.994764960851857616 ) ) ;
#2263 = B_SPLINE_CURVE_WITH_KNOTS ( 'NONE', 3,
 ( #2996, #237, #1008, #1761, #2239, #2754, #2508, #1509, #497, #2250, #3258 ),
 .UNSPECIFIED., .F., .F.,
 ( 4, 1, 1, 1, 1, 1, 1, 1, 4 ),
 ( 0.0000000000000000000, 1.873021666982502455E-05, 3.756167849164851371E-05, 5.619009975192610913E-05, 7.729505403932314422E-05, 0.0001013475366588145727, 0.0001292859151612941375, 0.0001613665955651663294, 0.0001979344505867757420 ),
 .UNSPECIFIED. ) ;
#2264 = CARTESIAN_POINT ( 'NONE',  ( -2.683080466713564594, 8.099999999999999645, -0.6490087894690590442 ) ) ;
#2265 = B_SPLINE_SURFACE_WITH_KNOTS ( 'NONE', 3, 1, ( 
 ( #2748, #1530 ),
 ( #1278, #1741 ),
 ( #2262, #260 ),
 ( #2225, #1506 ),
 ( #2521, #2784 ),
 ( #2235, #2245 ),
 ( #2015, #491 ),
 ( #2737, #1025 ),
 ( #3026, #733 ),
 ( #512, #1539 ),
 ( #1731, #1249 ) ),
 .UNSPECIFIED., .F., .F., .F.,
 ( 4, 1, 1, 1, 1, 1, 1, 1, 4 ),
 ( 2, 2 ),
 ( 0.0000000000000000000, 0.1894759515330776412, 0.3546862010028750123, 0.4947722280962493779, 0.6178632316868469809, 0.7246615585428184403, 0.8185015237507274888, 0.9076042241618290651, 0.9999999999999998890 ),
 ( 0.0000000000000000000, 1.000000000000000000 ),
 .UNSPECIFIED. ) ;
#2266 = FACE_OUTER_BOUND ( 'NONE', #2344, .T. ) ;
#2267 = CARTESIAN_POINT ( 'NONE',  ( 2.775134707501263787, 8.098999999999998423, 1.013340985774573655 ) ) ;
#2268 = ORIENTED_EDGE ( 'NONE', *, *, #1318, .F. ) ;
#2269 = FACE_OUTER_BOUND ( 'NONE', #2069, .T. ) ;
#2270 = CARTESIAN_POINT ( 'NONE',  ( 5.218298445562641774, 8.099000000000000199, -2.783902852396120231 ) ) ;
#2271 = ORIENTED_EDGE ( 'NONE', *, *, #3164, .T. ) ;
#2272 = EDGE_CURVE ( 'NONE', #129, #300, #785, .T. ) ;
#2273 = ORIENTED_EDGE ( 'NONE', *, *, #1980, .T. ) ;
#2274 = CARTESIAN_POINT ( 'NONE',  ( -1.363987553327731694, 8.099000000000000199, 1.106863651475818999 ) ) ;
#2275 = CARTESIAN_POINT ( 'NONE',  ( 5.513577931645527563, 8.098999999999998423, 2.567971086501501077 ) ) ;
#2276 = AXIS2_PLACEMENT_3D ( 'NONE', #2148, #2621, #256 ) ;
#2277 = CARTESIAN_POINT ( 'NONE',  ( 2.700145872033230532, 8.099499999999999034, 1.010214794662704030 ) ) ;
#2278 = DIRECTION ( 'NONE',  ( 0.0000000000000000000, 0.0000000000000000000, 1.000000000000000000 ) ) ;
#2279 = FILL_AREA_STYLE_COLOUR ( '', #777 ) ;
#2280 = CARTESIAN_POINT ( 'NONE',  ( 2.841121146727295876, 8.100000000000001421, 1.023092373749116657 ) ) ;
#2281 = MECHANICAL_DESIGN_GEOMETRIC_PRESENTATION_REPRESENTATION (  '', ( #189 ), #1218 ) ;
#2282 = DIRECTION ( 'NONE',  ( 0.0000000000000000000, 0.0000000000000000000, 1.000000000000000000 ) ) ;
#2283 = FACE_OUTER_BOUND ( 'NONE', #1045, .T. ) ;
#2284 = LINE ( 'NONE', #2218, #1895 ) ;
#2285 = CARTESIAN_POINT ( 'NONE',  ( 4.512416092621466923, 8.099000000000000199, 0.2919243534862328571 ) ) ;
#2286 = DIRECTION ( 'NONE',  ( 1.000000000000000000, 0.0000000000000000000, -0.0000000000000000000 ) ) ;
#2287 = CARTESIAN_POINT ( 'NONE',  ( 4.654623249294623122, 8.099000000000005528, -1.491248985613595535 ) ) ;
#2288 = LINE ( 'NONE', #9, #3035 ) ;
#2289 = ORIENTED_EDGE ( 'NONE', *, *, #342, .T. ) ;
#2290 = CARTESIAN_POINT ( 'NONE',  ( 4.533850305697678884, 8.099000000000001975, -1.454596921072827120 ) ) ;
#2291 = CARTESIAN_POINT ( 'NONE',  ( 5.517212275030979107, 8.099000000000001975, -0.6975711411058166389 ) ) ;
#2292 = VERTEX_POINT ( 'NONE', #1812 ) ;
#2293 = CARTESIAN_POINT ( 'NONE',  ( 4.821239622033232308, 8.099499999999997257, 0.5559408976038796579 ) ) ;
#2294 = EDGE_CURVE ( 'NONE', #674, #1939, #1345, .T. ) ;
#2295 = LINE ( 'NONE', #1375, #1644 ) ;
#2296 = VERTEX_POINT ( 'NONE', #1542 ) ;
#2297 = CARTESIAN_POINT ( 'NONE',  ( 5.362359748237384593, 8.099000000000522448, -2.078495239554033702 ) ) ;
#2298 = CARTESIAN_POINT ( 'NONE',  ( 7.700000000000003730, 8.099999999999999645, 6.795352941474994246 ) ) ;
#2299 = B_SPLINE_SURFACE_WITH_KNOTS ( 'NONE', 3, 1, ( 
 ( #2173, #1714 ),
 ( #394, #665 ),
 ( #2429, #2156 ),
 ( #2690, #1166 ) ),
 .UNSPECIFIED., .F., .F., .F.,
 ( 4, 4 ),
 ( 2, 2 ),
 ( 0.0000000000000000000, 0.09090909090909091161 ),
 ( 0.0000000000000000000, 1.000000000000000000 ),
 .UNSPECIFIED. ) ;
#2300 = CARTESIAN_POINT ( 'NONE',  ( 4.512704093138569128, 8.099000000000005528, -1.409445910089861309 ) ) ;
#2301 = ORIENTED_EDGE ( 'NONE', *, *, #2123, .F. ) ;
#2302 = LINE ( 'NONE', #1809, #1446 ) ;
#2303 = DIRECTION ( 'NONE',  ( 0.0000000000000000000, 0.0000000000000000000, 1.000000000000000000 ) ) ;
#2304 = ORIENTED_EDGE ( 'NONE', *, *, #2485, .T. ) ;
#2305 = B_SPLINE_CURVE_WITH_KNOTS ( 'NONE', 3,
 ( #2391, #1134, #3124, #1880, #849, #2876, #376, #3146, #354, #100, #2131 ),
 .UNSPECIFIED., .F., .F.,
 ( 4, 1, 1, 1, 1, 1, 1, 1, 4 ),
 ( 1.084202172485504434E-19, 7.804655524942517809E-05, 0.0001458490697366746113, 0.0002022098504106516626, 0.0002471764670229862487, 0.0002825643550236531221, 0.0003104020944852903469, 0.0003333576825210412577, 0.0003532887144065162540 ),
 .UNSPECIFIED. ) ;
#2306 = CARTESIAN_POINT ( 'NONE',  ( -0.3518182619891390139, 8.099000000000000199, 1.518196722341963678 ) ) ;
#2307 = CARTESIAN_POINT ( 'NONE',  ( 4.805763364158661233, 8.099000000000001975, 0.6179701113202938911 ) ) ;
#2308 = ORIENTED_EDGE ( 'NONE', *, *, #307, .F. ) ;
#2309 = CARTESIAN_POINT ( 'NONE',  ( 3.349417405419583993, 8.099000000000524224, -2.150026688683345455 ) ) ;
#2310 = CARTESIAN_POINT ( 'NONE',  ( 4.639946866496829969, 8.099999999999999645, 0.6570547808856463945 ) ) ;
#2311 = EDGE_LOOP ( 'NONE', ( #2050, #3017, #957, #1141 ) ) ;
#2312 = CARTESIAN_POINT ( 'NONE',  ( 4.550798108717565071, 8.099999999999996092, -1.467670585541525741 ) ) ;
#2313 = CARTESIAN_POINT ( 'NONE',  ( 5.218949112569363002, 8.099999999999997868, -3.766498627886657680 ) ) ;
#2314 = EDGE_CURVE ( 'NONE', #1168, #2188, #981, .T. ) ;
#2315 = CARTESIAN_POINT ( 'NONE',  ( 4.614900037615651485, 8.099999999999999645, 0.6566361856578132317 ) ) ;
#2316 = DIRECTION ( 'NONE',  ( -1.000000000000000000, -0.0000000000000000000, 0.0000000000000000000 ) ) ;
#2317 = B_SPLINE_SURFACE_WITH_KNOTS ( 'NONE', 3, 1, ( 
 ( #611, #3108 ),
 ( #2891, #85 ),
 ( #3135, #874 ),
 ( #2390, #2629 ),
 ( #1879, #375 ),
 ( #3145, #1856 ),
 ( #1886, #2142 ),
 ( #2164, #1940 ),
 ( #3198, #659 ),
 ( #2420, #2707 ),
 ( #2198, #2672 ) ),
 .UNSPECIFIED., .F., .F., .F.,
 ( 4, 1, 1, 1, 1, 1, 1, 1, 4 ),
 ( 2, 2 ),
 ( 0.0000000000000000000, 0.2209143741841122499, 0.4128325185300185107, 0.5723643076183186906, 0.6996443898249447013, 0.7998114389199445506, 0.8786074443581634030, 0.9435842950178671140, 1.000000000000000000 ),
 ( 0.0000000000000000000, 1.000000000000000000 ),
 .UNSPECIFIED. ) ;
#2318 = CARTESIAN_POINT ( 'NONE',  ( 4.521389176707057089, 8.099999999999999645, -1.439410400237137289 ) ) ;
#2319 = B_SPLINE_CURVE_WITH_KNOTS ( 'NONE', 3,
 ( #2985, #2438, #2731, #2199 ),
 .UNSPECIFIED., .F., .F.,
 ( 4, 4 ),
 ( 0.0000000000000000000, 0.002178151177646820563 ),
 .UNSPECIFIED. ) ;
#2320 = DIRECTION ( 'NONE',  ( -0.0000000000000000000, -1.000000000000000000, -0.0000000000000000000 ) ) ;
#2321 = MECHANICAL_DESIGN_GEOMETRIC_PRESENTATION_REPRESENTATION (  '', ( #1825 ), #1284 ) ;
#2322 = VECTOR ( 'NONE', #1072, 1000.000000000000114 ) ;
#2323 = CARTESIAN_POINT ( 'NONE',  ( 3.799999999999998934, -0.1000000000000000056, -6.250000000000001776 ) ) ;
#2324 = CARTESIAN_POINT ( 'NONE',  ( 5.446012816656509159, 8.099000000000001975, 2.164716092027760830 ) ) ;
#2325 = CARTESIAN_POINT ( 'NONE',  ( 5.338991136717207375, 8.099000000000014410, -3.842281173390869942 ) ) ;
#2326 = CARTESIAN_POINT ( 'NONE',  ( -5.913434642006757613, 8.099000000000000199, 6.795352941474994246 ) ) ;
#2327 = ORIENTED_EDGE ( 'NONE', *, *, #1505, .T. ) ;
#2328 = EDGE_CURVE ( 'NONE', #2890, #897, #463, .T. ) ;
#2329 = VECTOR ( 'NONE', #1806, 1000.000000000000000 ) ;
#2330 = ORIENTED_EDGE ( 'NONE', *, *, #2223, .F. ) ;
#2331 = CARTESIAN_POINT ( 'NONE',  ( 2.552890989317559534, 8.099000000000001975, -0.4804457167132528128 ) ) ;
#2332 = CARTESIAN_POINT ( 'NONE',  ( 2.702213886739112780, 8.099500000000192657, 2.995508912309762906 ) ) ;
#2333 = CARTESIAN_POINT ( 'NONE',  ( -6.799999999999998934, -0.1000000000000000056, -6.250000000000000000 ) ) ;
#2334 = CARTESIAN_POINT ( 'NONE',  ( 5.220267974417982515, 8.098999999999996646, -3.778261956114195019 ) ) ;
#2335 = ORIENTED_EDGE ( 'NONE', *, *, #2563, .F. ) ;
#2336 = DIRECTION ( 'NONE',  ( 0.0000000000000000000, 1.000000000000000000, 0.0000000000000000000 ) ) ;
#2337 = LINE ( 'NONE', #2182, #1905 ) ;
#2338 = ORIENTED_EDGE ( 'NONE', *, *, #1357, .F. ) ;
#2339 = CARTESIAN_POINT ( 'NONE',  ( 5.520422058864299153, 8.099000000000001975, 2.267428373640413941 ) ) ;
#2340 = CARTESIAN_POINT ( 'NONE',  ( -2.683080466713564594, 8.099000000000000199, -0.6490087894690590442 ) ) ;
#2341 = B_SPLINE_SURFACE_WITH_KNOTS ( 'NONE', 3, 1, ( 
 ( #1142, #1153 ),
 ( #2875, #1868 ),
 ( #623, #1629 ),
 ( #1410, #3155 ),
 ( #1105, #2602 ),
 ( #2637, #2377 ),
 ( #601, #387 ),
 ( #1656, #1374 ),
 ( #3123, #1667 ),
 ( #343, #363 ),
 ( #589, #106 ) ),
 .UNSPECIFIED., .F., .F., .F.,
 ( 4, 1, 1, 1, 1, 1, 1, 1, 4 ),
 ( 2, 2 ),
 ( 0.0000000000000000000, 0.09451325101018509534, 0.1880932709778586898, 0.2830696988754994869, 0.3939622841595821212, 0.5175007307627798037, 0.6584081471721071610, 0.8187696176904293299, 1.000000000000000000 ),
 ( 0.0000000000000000000, 1.000000000000000000 ),
 .UNSPECIFIED. ) ;
#2342 = CARTESIAN_POINT ( 'NONE',  ( 6.799999999999998934, -0.1000000000000000056, 6.250000000000001776 ) ) ;
#2343 = VECTOR ( 'NONE', #2320, 1000.000000000000000 ) ;
#2344 = EDGE_LOOP ( 'NONE', ( #540, #2084 ) ) ;
#2345 = CARTESIAN_POINT ( 'NONE',  ( 3.015862783797936597, 8.099999999999999645, -2.144196970043178663 ) ) ;
#2346 = CARTESIAN_POINT ( 'NONE',  ( 4.821239622033232308, 8.099000000000000199, -0.6221381465137671984 ) ) ;
#2347 = LINE ( 'NONE', #2687, #2149 ) ;
#2348 = B_SPLINE_CURVE_WITH_KNOTS ( 'NONE', 3,
 ( #94, #3075, #2122, #1626, #618, #594, #1633, #826, #2588, #854, #2332 ),
 .UNSPECIFIED., .F., .F.,
 ( 4, 1, 1, 1, 1, 1, 1, 1, 4 ),
 ( 0.0000000000000000000, 2.111092647812017395E-05, 4.201340205951437676E-05, 6.322778591649869215E-05, 8.799727791766432338E-05, 0.0001155914092758188817, 0.0001470651558271739883, 0.0001828842518571128486, 0.0002233647266651020446 ),
 .UNSPECIFIED. ) ;
#2349 = CARTESIAN_POINT ( 'NONE',  ( 2.577796673630440516, 8.099000000000243560, -3.223771556212778222 ) ) ;
#2350 = B_SPLINE_SURFACE_WITH_KNOTS ( 'NONE', 3, 1, ( 
 ( #1510, #1989 ),
 ( #517, #1227 ),
 ( #500, #3260 ),
 ( #252, #985 ) ),
 .UNSPECIFIED., .F., .F., .F.,
 ( 4, 4 ),
 ( 2, 2 ),
 ( 0.09090909090909091161, 0.1818181818181818232 ),
 ( 0.0000000000000000000, 1.000000000000000000 ),
 .UNSPECIFIED. ) ;
#2351 = ORIENTED_EDGE ( 'NONE', *, *, #294, .T. ) ;
#2352 = CARTESIAN_POINT ( 'NONE',  ( 2.535671907225883537, 8.099000000000000199, -3.155582848684993280 ) ) ;
#2353 = DIRECTION ( 'NONE',  ( 0.0000000000000000000, 1.000000000000000000, 0.0000000000000000000 ) ) ;
#2354 = VERTEX_POINT ( 'NONE', #821 ) ;
#2355 = CARTESIAN_POINT ( 'NONE',  ( 6.799999999999998934, -0.1000000000000000056, 6.250000000000001776 ) ) ;
#2356 = DIRECTION ( 'NONE',  ( -1.000000000000000000, 0.0000000000000000000, -0.0000000000000000000 ) ) ;
#2357 = CARTESIAN_POINT ( 'NONE',  ( 4.819692301689698866, 8.099000000000009081, -1.422945868387192947 ) ) ;
#2358 = CARTESIAN_POINT ( 'NONE',  ( 2.535671907225883537, 8.099000000000241783, -3.155582848684993280 ) ) ;
#2359 = CARTESIAN_POINT ( 'NONE',  ( 5.227458881647438993, 8.100000000000003197, -3.795410855370171532 ) ) ;
#2360 = CARTESIAN_POINT ( 'NONE',  ( -2.476744639941904413, 8.099999999999999645, -1.103725324902122384 ) ) ;
#2361 = EDGE_CURVE ( 'NONE', #2230, #3207, #1781, .T. ) ;
#2362 = CARTESIAN_POINT ( 'NONE',  ( 4.419842594302565431, 8.099999999999997868, 0.6073457264552881707 ) ) ;
#2363 = FILL_AREA_STYLE ('',( #364 ) ) ;
#2364 = B_SPLINE_SURFACE_WITH_KNOTS ( 'NONE', 3, 1, ( 
 ( #1000, #2989 ),
 ( #1492, #1981 ),
 ( #1515, #3262 ),
 ( #474, #2234 ) ),
 .UNSPECIFIED., .F., .F., .F.,
 ( 4, 4 ),
 ( 2, 2 ),
 ( 0.8181818181818183433, 0.9090909090909092827 ),
 ( 0.0000000000000000000, 1.000000000000000000 ),
 .UNSPECIFIED. ) ;
#2365 = CARTESIAN_POINT ( 'NONE',  ( 3.195780063209701094, 8.099999999999999645, -2.078020499454944048 ) ) ;
#2366 = VECTOR ( 'NONE', #747, 1000.000000000000000 ) ;
#2367 =( GEOMETRIC_REPRESENTATION_CONTEXT ( 3 ) GLOBAL_UNCERTAINTY_ASSIGNED_CONTEXT ( ( #357 ) ) GLOBAL_UNIT_ASSIGNED_CONTEXT ( ( #1464, #1205, #2913 ) ) REPRESENTATION_CONTEXT ( 'NONE', 'WORKASPACE' ) );
#2368 = LINE ( 'NONE', #2342, #1709 ) ;
#2369 = CARTESIAN_POINT ( 'NONE',  ( 5.257588865087631014, 8.099999999999996092, -2.100772313249706702 ) ) ;
#2370 = CARTESIAN_POINT ( 'NONE',  ( 4.797950715771255759, 8.099000000000005528, -1.456651981697282050 ) ) ;
#2371 = VECTOR ( 'NONE', #918, 1000.000000000000000 ) ;
#2372 = ORIENTED_EDGE ( 'NONE', *, *, #2531, .T. ) ;
#2373 = CARTESIAN_POINT ( 'NONE',  ( 5.374778224974407159, 8.099999999999999645, -3.842726381807884728 ) ) ;
#2374 = CARTESIAN_POINT ( 'NONE',  ( -3.305447789548204174, 8.099500000000000810, -0.8183461910438469822 ) ) ;
#2375 = CARTESIAN_POINT ( 'NONE',  ( -6.388449604905978241, 8.099000000000000199, -6.795352941474990693 ) ) ;
#2376 = EDGE_LOOP ( 'NONE', ( #2605, #2335, #765, #1252, #2413, #2033, #556, #2482, #1362, #6, #1199, #2789, #1444, #1570, #2725 ) ) ;
#2377 = CARTESIAN_POINT ( 'NONE',  ( 2.832732911089556715, 8.099999999999999645, 2.974689084046545418 ) ) ;
#2378 = CARTESIAN_POINT ( 'NONE',  ( 3.101053752090919158, 8.098999999999998423, -2.084872723598186095 ) ) ;
#2379 = EDGE_CURVE ( 'NONE', #1787, #1912, #2009, .T. ) ;
#2380 = ORIENTED_EDGE ( 'NONE', *, *, #1568, .F. ) ;
#2381 = CARTESIAN_POINT ( 'NONE',  ( 4.727355466283608365, 8.099000000000007304, -1.489686007154302994 ) ) ;
#2382 = ORIENTED_EDGE ( 'NONE', *, *, #629, .T. ) ;
#2383 = CARTESIAN_POINT ( 'NONE',  ( 2.591919769092053905, 8.099000000000179611, -3.225079322984355290 ) ) ;
#2384 = DIRECTION ( 'NONE',  ( 0.9141579293309499699, 0.0000000000000000000, 0.4053582122534953314 ) ) ;
#2385 = STYLED_ITEM ( 'NONE', ( #2020 ), #968 ) ;
#2386 = ORIENTED_EDGE ( 'NONE', *, *, #2606, .T. ) ;
#2387 = DIRECTION ( 'NONE',  ( 0.0000000000000000000, 1.000000000000000000, 0.0000000000000000000 ) ) ;
#2388 = CARTESIAN_POINT ( 'NONE',  ( -2.683080466713564594, 8.099000000000000199, -0.6490087894690590442 ) ) ;
#2389 = COLOUR_RGB ( '',0.8274509803921568096, 0.8392156862745098200, 0.8274509803921568096 ) ;
#2390 = CARTESIAN_POINT ( 'NONE',  ( 2.531605295587074700, 8.099000000000000199, -0.8810345202589418001 ) ) ;
#2391 = CARTESIAN_POINT ( 'NONE',  ( 2.527121974974408936, 8.099000000000001975, -0.7393256465137673095 ) ) ;
#2392 = CARTESIAN_POINT ( 'NONE',  ( 5.339030201005694920, 8.099000000000000199, -2.079387093828840793 ) ) ;
#2393 = ORIENTED_EDGE ( 'NONE', *, *, #3266, .F. ) ;
#2394 = CARTESIAN_POINT ( 'NONE',  ( -6.388449604905978241, 8.099999999999999645, -6.795352941474990693 ) ) ;
#2395 = CARTESIAN_POINT ( 'NONE',  ( 3.212792895182222885, 8.100000000000001421, -2.078246162421669929 ) ) ;
#2396 = CARTESIAN_POINT ( 'NONE',  ( 5.362349424229993389, 8.099999999999999645, -3.842571761608973180 ) ) ;
#2397 = CARTESIAN_POINT ( 'NONE',  ( 5.487137242974327478, 8.099000000000001975, -1.052247742206563474 ) ) ;
#2398 = SURFACE_SIDE_STYLE ('',( #2545 ) ) ;
#2399 = EDGE_CURVE ( 'NONE', #2747, #12, #3031, .T. ) ;
#2400 = CARTESIAN_POINT ( 'NONE',  ( 5.523325773407519179, 8.099999999999990763, -0.7361262470247282863 ) ) ;
#2401 = SURFACE_SIDE_STYLE ('',( #3040 ) ) ;
#2402 = CARTESIAN_POINT ( 'NONE',  ( 3.243434994722650178, 8.099999999999992539, -2.078652607809492459 ) ) ;
#2403 = PLANE ( 'NONE',  #2061 ) ;
#2404 = DIRECTION ( 'NONE',  ( 1.000000000000000000, 0.0000000000000000000, -0.0000000000000000000 ) ) ;
#2405 = PRESENTATION_STYLE_ASSIGNMENT (( #2128 ) ) ;
#2406 = PRESENTATION_STYLE_ASSIGNMENT (( #2200 ) ) ;
#2407 = CARTESIAN_POINT ( 'NONE',  ( 4.579175297725285532, 8.099000000000005528, 0.6558689013132087409 ) ) ;
#2408 = ADVANCED_FACE ( 'NONE', ( #279 ), #3100, .T. ) ;
#2409 = PRESENTATION_STYLE_ASSIGNMENT (( #1688 ) ) ;
#2410 = CARTESIAN_POINT ( 'NONE',  ( 2.607774548503819290, 8.099000000000000199, -1.063314617102002702 ) ) ;
#2411 = CARTESIAN_POINT ( 'NONE',  ( 2.596376824436136932, 8.099000000000390997, 2.983367566017468331 ) ) ;
#2412 = VECTOR ( 'NONE', #953, 1000.000000000000000 ) ;
#2413 = ORIENTED_EDGE ( 'NONE', *, *, #2294, .F. ) ;
#2414 = FILL_AREA_STYLE ('',( #3127 ) ) ;
#2415 = CARTESIAN_POINT ( 'NONE',  ( 4.727355466283608365, 8.099999999999996092, -1.489686007154302994 ) ) ;
#2416 = ORIENTED_EDGE ( 'NONE', *, *, #3067, .T. ) ;
#2417 = CARTESIAN_POINT ( 'NONE',  ( 5.526837112709920952, 8.099000000000000199, -0.8585862059565777527 ) ) ;
#2418 =( NAMED_UNIT ( * ) PLANE_ANGLE_UNIT ( ) SI_UNIT ( $, .RADIAN. ) );
#2419 = VERTEX_POINT ( 'NONE', #2090 ) ;
#2420 = CARTESIAN_POINT ( 'NONE',  ( 2.601004823496270379, 8.099000000000000199, -1.062384042093740266 ) ) ;
#2421 = ORIENTED_EDGE ( 'NONE', *, *, #205, .T. ) ;
#2422 = CARTESIAN_POINT ( 'NONE',  ( 2.527182145340774788, 8.099000000000000199, -0.7156565531749391473 ) ) ;
#2423 = ADVANCED_FACE ( 'NONE', ( #1035, #3151, #1517 ), #860, .F. ) ;
#2424 = ORIENTED_EDGE ( 'NONE', *, *, #342, .F. ) ;
#2425 = CARTESIAN_POINT ( 'NONE',  ( 5.374778224974407159, 8.099000000000000199, -3.842726381807884728 ) ) ;
#2426 = EDGE_CURVE ( 'NONE', #447, #1086, #1814, .T. ) ;
#2427 = SURFACE_STYLE_USAGE ( .BOTH. , #2398 ) ;
#2428 = ORIENTED_EDGE ( 'NONE', *, *, #2379, .F. ) ;
#2429 = CARTESIAN_POINT ( 'NONE',  ( 1.082071501790373480, 8.099000000000000199, -1.235140679232828775 ) ) ;
#2430 = CARTESIAN_POINT ( 'NONE',  ( 2.688422928431703607, 8.099000000000390997, 2.995249870203059661 ) ) ;
#2431 = PLANE ( 'NONE',  #482 ) ;
#2432 = ADVANCED_FACE ( 'NONE', ( #2044 ), #1853, .F. ) ;
#2433 = CARTESIAN_POINT ( 'NONE',  ( 5.520422058864299153, 8.099999999999994316, 2.267428373640413941 ) ) ;
#2434 =( NAMED_UNIT ( * ) SI_UNIT ( $, .STERADIAN. ) SOLID_ANGLE_UNIT ( ) );
#2435 = EDGE_CURVE ( 'NONE', #778, #1766, #1236, .T. ) ;
#2436 = PLANE ( 'NONE',  #2641 ) ;
#2437 = CARTESIAN_POINT ( 'NONE',  ( 5.526714428980626259, 8.098999999999998423, -2.157467352555448414 ) ) ;
#2438 = CARTESIAN_POINT ( 'NONE',  ( 0.7508659899793622694, 8.100000000000003197, -0.4617611516737861743 ) ) ;
#2439 =( GEOMETRIC_REPRESENTATION_CONTEXT ( 3 ) GLOBAL_UNCERTAINTY_ASSIGNED_CONTEXT ( ( #793 ) ) GLOBAL_UNIT_ASSIGNED_CONTEXT ( ( #1608, #1848, #590 ) ) REPRESENTATION_CONTEXT ( 'NONE', 'WORKASPACE' ) );
#2440 = VECTOR ( 'NONE', #1576, 1000.000000000000000 ) ;
#2441 = LINE ( 'NONE', #330, #3232 ) ;
#2442 = CARTESIAN_POINT ( 'NONE',  ( 5.374778224974407159, 8.099500000000258382, -2.078020499454944048 ) ) ;
#2443 = CARTESIAN_POINT ( 'NONE',  ( 2.684496750294941503, 8.099999999999999645, 1.010271843298344407 ) ) ;
#2444 = CARTESIAN_POINT ( 'NONE',  ( 5.374778224974407159, 8.099499999999997257, -3.842726381807884728 ) ) ;
#2445 = EDGE_LOOP ( 'NONE', ( #72, #2895, #1082 ) ) ;
#2446 = ADVANCED_FACE ( 'NONE', ( #1743 ), #352, .F. ) ;
#2447 = CARTESIAN_POINT ( 'NONE',  ( 5.257588865087631014, 8.100000000000001421, -2.100772313249706702 ) ) ;
#2448 = COLOUR_RGB ( '',0.1882352941176470562, 0.2039215686274509776, 0.2039215686274509776 ) ;
#2449 = ORIENTED_EDGE ( 'NONE', *, *, #846, .T. ) ;
#2450 = CARTESIAN_POINT ( 'NONE',  ( 5.409934474974407159, 8.099000000000309285, 2.597760750545056840 ) ) ;
#2451 = CARTESIAN_POINT ( 'NONE',  ( 4.821160054968930631, 8.099999999999992539, 0.5640298881224070637 ) ) ;
#2452 = VERTEX_POINT ( 'NONE', #1355 ) ;
#2453 = CARTESIAN_POINT ( 'NONE',  ( -7.700000000000000178, 0.0000000000000000000, 8.200000000000001066 ) ) ;
#2454 = ORIENTED_EDGE ( 'NONE', *, *, #613, .F. ) ;
#2455 = CARTESIAN_POINT ( 'NONE',  ( 2.528625001114389814, 8.099000000000000199, 1.102884072275896798 ) ) ;
#2456 = CARTESIAN_POINT ( 'NONE',  ( 3.015862783797936597, 8.099000000000000199, -2.144196970043178663 ) ) ;
#2457 = COLOUR_RGB ( '',0.8274509803921568096, 0.8392156862745098200, 0.8274509803921568096 ) ;
#2458 = CARTESIAN_POINT ( 'NONE',  ( 2.535671907225883537, 8.099999999999994316, -3.155582848684993280 ) ) ;
#2459 = EDGE_LOOP ( 'NONE', ( #2854, #578, #1930, #2351, #602, #2258, #3131, #2625, #660, #1725, #3079, #2925, #523, #1901, #1988 ) ) ;
#2460 = CARTESIAN_POINT ( 'NONE',  ( 5.387876345298272973, 8.099000000000000199, -2.078509507468385031 ) ) ;
#2461 = EDGE_CURVE ( 'NONE', #2541, #2532, #1572, .T. ) ;
#2462 = DIRECTION ( 'NONE',  ( -0.0000000000000000000, 0.0000000000000000000, -1.000000000000000000 ) ) ;
#2463 = CARTESIAN_POINT ( 'NONE',  ( 3.799999999999998934, 7.575761520521186962E-79, -6.250000000000000888 ) ) ;
#2464 = ORIENTED_EDGE ( 'NONE', *, *, #1765, .F. ) ;
#2465 = ADVANCED_FACE ( 'NONE', ( #221 ), #1207, .F. ) ;
#2466 = CARTESIAN_POINT ( 'NONE',  ( 5.445087565124887341, 8.099999999999999645, -2.083438889695074181 ) ) ;
#2467 = CARTESIAN_POINT ( 'NONE',  ( 2.532650878307209030, 8.099000000000003752, 1.075761104681659974 ) ) ;
#2468 = CARTESIAN_POINT ( 'NONE',  ( 5.527121974974408047, 8.099999999999994316, -0.8385903523961202310 ) ) ;
#2469 = CARTESIAN_POINT ( 'NONE',  ( 5.338991136717207375, 8.099999999999994316, -3.842281173390869942 ) ) ;
#2470 = FILL_AREA_STYLE_COLOUR ( '', #1525 ) ;
#2471 = CARTESIAN_POINT ( 'NONE',  ( 5.374778224974408047, 8.100000000000001421, -2.078020499454944492 ) ) ;
#2472 = AXIS2_PLACEMENT_3D ( 'NONE', #1918, #909, #688 ) ;
#2473 = CARTESIAN_POINT ( 'NONE',  ( 4.512416092621466923, 8.099000000000000199, -1.063314617102002702 ) ) ;
#2474 = DIRECTION ( 'NONE',  ( 0.0000000000000000000, -0.0000000000000000000, 1.000000000000000000 ) ) ;
#2475 = CARTESIAN_POINT ( 'NONE',  ( 5.523325773407519179, 8.099000000000000199, -0.7361262470247282863 ) ) ;
#2476 = ADVANCED_FACE ( 'NONE', ( #2897 ), #393, .F. ) ;
#2477 = FACE_OUTER_BOUND ( 'NONE', #2655, .T. ) ;
#2478 = DIRECTION ( 'NONE',  ( 0.6128916609699393003, 0.0000000000000000000, -0.7901669519244075568 ) ) ;
#2479 = FACE_BOUND ( 'NONE', #2881, .T. ) ;
#2480 = CARTESIAN_POINT ( 'NONE',  ( 5.501051929283685915, 8.099000000000001975, 2.595857421757130190 ) ) ;
#2481 = VECTOR ( 'NONE', #2561, 1000.000000000000000 ) ;
#2482 = ORIENTED_EDGE ( 'NONE', *, *, #1729, .F. ) ;
#2483 = CARTESIAN_POINT ( 'NONE',  ( 5.387900587810134923, 8.099999999999994316, -3.842363265713347076 ) ) ;
#2484 = DIRECTION ( 'NONE',  ( -0.0000000000000000000, -1.000000000000000000, 0.0000000000000000000 ) ) ;
#2485 = EDGE_CURVE ( 'NONE', #170, #723, #3253, .T. ) ;
#2486 = CARTESIAN_POINT ( 'NONE',  ( 5.526018709164537412, 8.099000000000000199, -3.774597961316592087 ) ) ;
#2487 = ORIENTED_EDGE ( 'NONE', *, *, #1055, .F. ) ;
#2488 = CARTESIAN_POINT ( 'NONE',  ( -2.946573773800170493, 8.099000000000000199, -0.06833162411471437048 ) ) ;
#2489 = B_SPLINE_CURVE_WITH_KNOTS ( 'NONE', 3,
 ( #2584, #790, #1084, #2834, #30, #1578, #1808, #2562, #314, #3065, #2827 ),
 .UNSPECIFIED., .F., .F.,
 ( 4, 1, 1, 1, 1, 1, 1, 1, 4 ),
 ( 0.0000000000000000000, 7.083743352473428575E-05, 0.0001247525646025269771, 0.0001642828061327328564, 0.0001934962218629617100, 0.0002154244839089303448, 0.0002356594593668984573, 0.0002603465660982421260, 0.0002902320102724295766 ),
 .UNSPECIFIED. ) ;
#2490 = CARTESIAN_POINT ( 'NONE',  ( 1.158186659270690866, 8.099000000000000199, -0.9303387107289016189 ) ) ;
#2491 = LINE ( 'NONE', #1270, #1758 ) ;
#2492 = EDGE_LOOP ( 'NONE', ( #2823, #1763, #1659, #758 ) ) ;
#2493 = CARTESIAN_POINT ( 'NONE',  ( 5.362349424229993389, 8.099999999999992539, -3.842571761608973180 ) ) ;
#2494 = CARTESIAN_POINT ( 'NONE',  ( 2.715552373431200373, 8.099000000000387445, 2.995277059181580270 ) ) ;
#2495 = CARTESIAN_POINT ( 'NONE',  ( 5.527121974974407159, 8.099999999999992539, 2.407503397603881101 ) ) ;
#2496 = EDGE_LOOP ( 'NONE', ( #1399, #1992 ) ) ;
#2497 = MECHANICAL_DESIGN_GEOMETRIC_PRESENTATION_REPRESENTATION (  '', ( #78 ), #986 ) ;
#2498 = DIRECTION ( 'NONE',  ( 0.8272240787634843606, 0.0000000000000000000, -0.5618721594045256174 ) ) ;
#2499 = ADVANCED_FACE ( 'NONE', ( #92 ), #2647, .T. ) ;
#2500 = EDGE_LOOP ( 'NONE', ( #735, #2931, #2778 ) ) ;
#2501 = CARTESIAN_POINT ( 'NONE',  ( 4.512416092621466923, 8.099999999999999645, -0.6221381465137674205 ) ) ;
#2502 = EDGE_CURVE ( 'NONE', #2667, #2419, #3018, .T. ) ;
#2503 = CARTESIAN_POINT ( 'NONE',  ( -2.946573773800170493, 8.099999999999999645, -0.06833162411471437048 ) ) ;
#2504 = CARTESIAN_POINT ( 'NONE',  ( 5.526286168922237785, 8.099999999999996092, -0.7840866001374200422 ) ) ;
#2505 = ORIENTED_EDGE ( 'NONE', *, *, #3270, .T. ) ;
#2506 = CARTESIAN_POINT ( 'NONE',  ( 2.527182145340774788, 8.099999999999997868, -0.7156565531749391473 ) ) ;
#2507 = CARTESIAN_POINT ( 'NONE',  ( -1.356103301359216307, 8.099500000000000810, 1.830682155412830525 ) ) ;
#2508 = CARTESIAN_POINT ( 'NONE',  ( 4.572551966817469449, 8.100000000000004974, -1.479028877387306595 ) ) ;
#2509 = ORIENTED_EDGE ( 'NONE', *, *, #2864, .F. ) ;
#2510 = DIRECTION ( 'NONE',  ( -0.0000000000000000000, 1.000000000000000000, 0.0000000000000000000 ) ) ;
#2511 = AXIS2_PLACEMENT_3D ( 'NONE', #636, #1384, #2650 ) ;
#2512 = CARTESIAN_POINT ( 'NONE',  ( 2.551513171125505242, 8.099999999999990763, 2.960192448515412522 ) ) ;
#2513 = DIRECTION ( 'NONE',  ( 0.0000000000000000000, 0.0000000000000000000, -1.000000000000000000 ) ) ;
#2514 = CARTESIAN_POINT ( 'NONE',  ( 0.7283644151762115326, 8.099999999999999645, 1.164429399507319385 ) ) ;
#2515 = B_SPLINE_CURVE_WITH_KNOTS ( 'NONE', 3,
 ( #1245, #169, #3223, #2986 ),
 .UNSPECIFIED., .F., .F.,
 ( 4, 4 ),
 ( 0.0000000000000000000, 0.003949739215674927424 ),
 .UNSPECIFIED. ) ;
#2516 = CARTESIAN_POINT ( 'NONE',  ( 4.697978137523155517, 8.099999999999990763, 0.6567529280937444147 ) ) ;
#2517 = PRESENTATION_LAYER_ASSIGNMENT (  '', '', ( #1473 ) ) ;
#2518 = CARTESIAN_POINT ( 'NONE',  ( 5.459862398869212541, 8.099000000000001975, 2.616456494423858636 ) ) ;
#2519 = DIRECTION ( 'NONE',  ( 1.560091567488336786E-24, 1.000000000000000000, -5.935818656752477363E-13 ) ) ;
#2520 = DIRECTION ( 'NONE',  ( 0.0000000000000000000, -0.0000000000000000000, 1.000000000000000000 ) ) ;
#2521 = CARTESIAN_POINT ( 'NONE',  ( 2.596376824436136932, 8.099000000000001975, 2.983367566017468331 ) ) ;
#2522 = FACE_OUTER_BOUND ( 'NONE', #2195, .T. ) ;
#2523 = CARTESIAN_POINT ( 'NONE',  ( 2.700145872033230532, 8.099000000000000199, 1.010214794662703808 ) ) ;
#2524 = EDGE_CURVE ( 'NONE', #2890, #897, #1279, .T. ) ;
#2525 = FACE_OUTER_BOUND ( 'NONE', #374, .T. ) ;
#2526 = ORIENTED_EDGE ( 'NONE', *, *, #710, .F. ) ;
#2527 = CARTESIAN_POINT ( 'NONE',  ( 5.501051929283685915, 8.099999999999994316, 2.595857421757130190 ) ) ;
#2528 = VECTOR ( 'NONE', #397, 1000.000000000000000 ) ;
#2529 = DIRECTION ( 'NONE',  ( -1.000000000000000000, 0.0000000000000000000, -0.0000000000000000000 ) ) ;
#2530 = ORIENTED_EDGE ( 'NONE', *, *, #1489, .T. ) ;
#2531 = EDGE_CURVE ( 'NONE', #1979, #778, #1769, .T. ) ;
#2532 = VERTEX_POINT ( 'NONE', #2889 ) ;
#2533 = DIRECTION ( 'NONE',  ( 0.0000000000000000000, -0.0000000000000000000, 1.000000000000000000 ) ) ;
#2534 = STYLED_ITEM ( 'NONE', ( #1158 ), #1960 ) ;
#2535 = B_SPLINE_CURVE_WITH_KNOTS ( 'NONE', 3,
 ( #1941, #188, #432, #446, #2206, #1241, #959, #3221, #2716, #1216, #2963 ),
 .UNSPECIFIED., .F., .F.,
 ( 4, 1, 1, 1, 1, 1, 1, 1, 4 ),
 ( 0.0000000000000000000, 1.761029100641222760E-05, 3.383350764942718734E-05, 5.307187598678057047E-05, 7.736690562628658621E-05, 0.0001090895355947769425, 0.0001485409927194638268, 0.0001973545699344071041, 0.0002578846845559732131 ),
 .UNSPECIFIED. ) ;
#2536 = DIRECTION ( 'NONE',  ( -0.5618721594045247292, 0.0000000000000000000, -0.8272240787634848047 ) ) ;
#2537 = CARTESIAN_POINT ( 'NONE',  ( -1.363987553327731694, 8.099999999999999645, 1.106863651475818999 ) ) ;
#2538 = VERTEX_POINT ( 'NONE', #2154 ) ;
#2539 = CARTESIAN_POINT ( 'NONE',  ( 6.799999999999998934, -0.1000000000000000056, -6.250000000000001776 ) ) ;
#2540 = PRESENTATION_STYLE_ASSIGNMENT (( #2083 ) ) ;
#2541 = VERTEX_POINT ( 'NONE', #2670 ) ;
#2542 = DIRECTION ( 'NONE',  ( 0.4145874279484850211, 0.0000000000000000000, -0.9100094859874043873 ) ) ;
#2543 = CARTESIAN_POINT ( 'NONE',  ( -5.913434642006757613, 8.099000000000000199, -6.795352941474990693 ) ) ;
#2544 = CARTESIAN_POINT ( 'NONE',  ( -2.410638734430110119, 8.099999999999999645, -1.557792647736772729 ) ) ;
#2545 = SURFACE_STYLE_FILL_AREA ( #656 ) ;
#2546 = EDGE_CURVE ( 'NONE', #2060, #129, #1493, .T. ) ;
#2547 = VERTEX_POINT ( 'NONE', #1393 ) ;
#2548 = CARTESIAN_POINT ( 'NONE',  ( 4.572551966817469449, 8.099000000000001975, -1.479028877387306595 ) ) ;
#2549 = CARTESIAN_POINT ( 'NONE',  ( 5.499740248487296590, 8.099000000000270205, 2.209645495282464900 ) ) ;
#2550 = ORIENTED_EDGE ( 'NONE', *, *, #1, .T. ) ;
#2551 = EDGE_CURVE ( 'NONE', #1282, #2680, #213, .T. ) ;
#2552 = CARTESIAN_POINT ( 'NONE',  ( 5.362349424229994277, 8.099000000000012633, -3.842571761608973180 ) ) ;
#2553 = SURFACE_STYLE_USAGE ( .BOTH. , #1048 ) ;
#2554 = B_SPLINE_CURVE_WITH_KNOTS ( 'NONE', 3,
 ( #591, #2616, #62, #355, #1119, #614, #2846, #2604, #2866, #377, #2112 ),
 .UNSPECIFIED., .F., .F.,
 ( 4, 1, 1, 1, 1, 1, 1, 1, 4 ),
 ( 0.0000000000000000000, 1.745848567116098371E-05, 3.354185392436514064E-05, 5.261438247212756541E-05, 7.669998257307450440E-05, 0.0001081491551367062809, 0.0001472605303358427828, 0.0001956533216903349928, 0.0002556616508207029573 ),
 .UNSPECIFIED. ) ;
#2555 = CARTESIAN_POINT ( 'NONE',  ( -7.700000000000001954, 0.0000000000000000000, -8.199999999999997513 ) ) ;
#2556 = CARTESIAN_POINT ( 'NONE',  ( 4.697978137523155517, 8.098999999999998423, 0.6567529280937444147 ) ) ;
#2557 =( GEOMETRIC_REPRESENTATION_CONTEXT ( 3 ) GLOBAL_UNCERTAINTY_ASSIGNED_CONTEXT ( ( #755 ) ) GLOBAL_UNIT_ASSIGNED_CONTEXT ( ( #2589, #2579, #546 ) ) REPRESENTATION_CONTEXT ( 'NONE', 'WORKASPACE' ) );
#2558 = CARTESIAN_POINT ( 'NONE',  ( 3.212792895182222441, 8.099000000000522448, -2.078246162421669929 ) ) ;
#2559 = VECTOR ( 'NONE', #1040, 1000.000000000000000 ) ;
#2560 = LINE ( 'NONE', #1681, #1588 ) ;
#2561 = DIRECTION ( 'NONE',  ( -0.0000000000000000000, 0.0000000000000000000, -1.000000000000000000 ) ) ;
#2562 = CARTESIAN_POINT ( 'NONE',  ( 5.459862398869212541, 8.099999999999990763, 2.616456494423858636 ) ) ;
#2563 = EDGE_CURVE ( 'NONE', #1680, #934, #2029, .T. ) ;
#2564 = ADVANCED_FACE ( 'NONE', ( #299 ), #131, .T. ) ;
#2565 = LINE ( 'NONE', #1206, #361 ) ;
#2566 = CARTESIAN_POINT ( 'NONE',  ( 4.599866741713836582, 8.099999999999997868, -1.485911206382574790 ) ) ;
#2567 =( NAMED_UNIT ( * ) SI_UNIT ( $, .STERADIAN. ) SOLID_ANGLE_UNIT ( ) );
#2568 = ORIENTED_EDGE ( 'NONE', *, *, #1109, .F. ) ;
#2569 = CARTESIAN_POINT ( 'NONE',  ( 2.530218113158774429, 8.099999999999999645, -3.118422509258792719 ) ) ;
#2570 = MECHANICAL_DESIGN_GEOMETRIC_PRESENTATION_REPRESENTATION (  '', ( #2385 ), #2167 ) ;
#2571 = LINE ( 'NONE', #277, #3161 ) ;
#2572 = VERTEX_POINT ( 'NONE', #2237 ) ;
#2573 = CARTESIAN_POINT ( 'NONE',  ( 4.547048285317801586, 8.098999999999996646, 0.6519260398889608066 ) ) ;
#2574 = CARTESIAN_POINT ( 'NONE',  ( 2.527121974974408047, 8.099500000000119826, -3.017588514160825852 ) ) ;
#2575 = ORIENTED_EDGE ( 'NONE', *, *, #93, .F. ) ;
#2576 = APPLICATION_CONTEXT ( 'automotive_design' ) ;
#2577 = EDGE_LOOP ( 'NONE', ( #3006, #847, #1453, #2017 ) ) ;
#2578 = B_SPLINE_CURVE_WITH_KNOTS ( 'NONE', 3,
 ( #1735, #1240, #228, #187, #236, #969, #1987, #2726, #201, #1471, #1999 ),
 .UNSPECIFIED., .F., .F.,
 ( 4, 1, 1, 1, 1, 1, 1, 1, 4 ),
 ( 0.0000000000000000000, 7.795574605778576220E-05, 0.0001456793705605634206, 0.0002019745740041706391, 0.0002468888707915972616, 0.0002822355840665777466, 0.0003100409335962121989, 0.0003329698122097923319, 0.0003528776538226374455 ),
 .UNSPECIFIED. ) ;
#2579 =( NAMED_UNIT ( * ) PLANE_ANGLE_UNIT ( ) SI_UNIT ( $, .RADIAN. ) );
#2580 = CARTESIAN_POINT ( 'NONE',  ( 5.257782445812909877, 8.099000000000001975, -3.821911677558024412 ) ) ;
#2581 = ORIENTED_EDGE ( 'NONE', *, *, #2096, .T. ) ;
#2582 = CARTESIAN_POINT ( 'NONE',  ( 3.316377512042953057, 8.099000000000524224, -2.089359366741358137 ) ) ;
#2583 = CARTESIAN_POINT ( 'NONE',  ( 4.547048285317801586, 8.099999999999996092, 0.6519260398889608066 ) ) ;
#2584 = CARTESIAN_POINT ( 'NONE',  ( 5.527121974974407159, 8.099500000000134037, 2.407503397603881101 ) ) ;
#2585 = CARTESIAN_POINT ( 'NONE',  ( 3.195780063209701094, 8.099000000000000199, -2.078020499454944048 ) ) ;
#2586 = ORIENTED_EDGE ( 'NONE', *, *, #115, .F. ) ;
#2587 = CARTESIAN_POINT ( 'NONE',  ( 2.541342778683351344, 8.099999999999996092, -0.5152997252933445571 ) ) ;
#2588 = CARTESIAN_POINT ( 'NONE',  ( 2.740693402904323950, 8.099999999999987210, 2.994840051111351986 ) ) ;
#2589 =( LENGTH_UNIT ( ) NAMED_UNIT ( * ) SI_UNIT ( .MILLI., .METRE. ) );
#2590 = CARTESIAN_POINT ( 'NONE',  ( 2.563949946930746737, 8.099999999999997868, -3.217334126268090788 ) ) ;
#2591 = SURFACE_STYLE_USAGE ( .BOTH. , #587 ) ;
#2592 = EDGE_CURVE ( 'NONE', #2547, #503, #2347, .T. ) ;
#2593 = CARTESIAN_POINT ( 'NONE',  ( 2.872480430856760414, 8.099000000000000199, -1.476716314191481416 ) ) ;
#2594 = DIRECTION ( 'NONE',  ( 0.6128916609699393003, 0.0000000000000000000, -0.7901669519244075568 ) ) ;
#2595 =( LENGTH_UNIT ( ) NAMED_UNIT ( * ) SI_UNIT ( .MILLI., .METRE. ) );
#2596 = CARTESIAN_POINT ( 'NONE',  ( 3.078693250408104376, 8.099999999999996092, -2.090882916220118126 ) ) ;
#2597 = CARTESIAN_POINT ( 'NONE',  ( 2.542963538740989016, 8.099000000000000199, -2.847728262263957255 ) ) ;
#2598 = B_SPLINE_CURVE_WITH_KNOTS ( 'NONE', 3,
 ( #2883, #1599, #2381, #2115, #2370, #1873, #2357, #2608, #1348 ),
 .UNSPECIFIED., .F., .F.,
 ( 4, 1, 1, 1, 1, 1, 4 ),
 ( 0.0000000000000000000, 6.446737134511618767E-05, 0.0001166877722099873903, 0.0001385279467709554953, 0.0001586042829656214895, 0.0001774679238056280507, 0.0001976863113204500009 ),
 .UNSPECIFIED. ) ;
#2599 = CARTESIAN_POINT ( 'NONE',  ( 2.587273341204832988, 8.099999999999997868, -3.224649074246466629 ) ) ;
#2600 = FILL_AREA_STYLE_COLOUR ( '', #668 ) ;
#2601 = VECTOR ( 'NONE', #426, 1000.000000000000000 ) ;
#2602 = CARTESIAN_POINT ( 'NONE',  ( 2.853508301425415006, 8.099999999999988987, 2.961792809696846884 ) ) ;
#2603 = CARTESIAN_POINT ( 'NONE',  ( 5.218298445562641774, 8.099000000000000199, -2.160741087690237983 ) ) ;
#2604 = CARTESIAN_POINT ( 'NONE',  ( 5.523295018003805623, 8.099999999999996092, -0.9437940167502082423 ) ) ;
#2605 = ORIENTED_EDGE ( 'NONE', *, *, #51, .F. ) ;
#2606 = EDGE_CURVE ( 'NONE', #366, #2699, #381, .T. ) ;
#2607 = EDGE_LOOP ( 'NONE', ( #1092, #694, #1060 ) ) ;
#2608 = CARTESIAN_POINT ( 'NONE',  ( 4.820712065491571607, 8.099000000000003752, -1.409904885875385760 ) ) ;
#2609 = CARTESIAN_POINT ( 'NONE',  ( 2.872480430856760414, 8.099000000000000199, -0.6180021171020024795 ) ) ;
#2610 = VECTOR ( 'NONE', #1329, 999.9999999999998863 ) ;
#2611 = CARTESIAN_POINT ( 'NONE',  ( 5.239721047637053708, 8.099999999999997868, -3.810525333100451828 ) ) ;
#2612 = EDGE_LOOP ( 'NONE', ( #776, #1334, #89, #1248, #1482, #440, #2998, #1842, #1176, #291, #1371, #858, #1053, #405, #2937 ) ) ;
#2613 = CARTESIAN_POINT ( 'NONE',  ( -1.837732041516708437, 8.099000000000000199, -1.008833198917882701 ) ) ;
#2614 = ORIENTED_EDGE ( 'NONE', *, *, #2719, .F. ) ;
#2615 = CARTESIAN_POINT ( 'NONE',  ( -7.700000000000000178, 8.099999999999999645, 8.200000000000001066 ) ) ;
#2616 = CARTESIAN_POINT ( 'NONE',  ( 5.460634373125500041, 8.099999999999994316, -1.062886268934977396 ) ) ;
#2617 = VECTOR ( 'NONE', #333, 1000.000000000000000 ) ;
#2618 = ORIENTED_EDGE ( 'NONE', *, *, #976, .T. ) ;
#2619 = CARTESIAN_POINT ( 'NONE',  ( 3.159872469309626730, 8.099999999999996092, -2.078097744292115134 ) ) ;
#2620 = CARTESIAN_POINT ( 'NONE',  ( 2.533510029306844658, 8.099000000000000199, -2.887154339343328324 ) ) ;
#2621 = DIRECTION ( 'NONE',  ( 1.000000000000000000, 0.0000000000000000000, 0.0000000000000000000 ) ) ;
#2622 = SURFACE_STYLE_FILL_AREA ( #786 ) ;
#2623 = AXIS2_PLACEMENT_3D ( 'NONE', #2087, #1571, #2815 ) ;
#2624 = CARTESIAN_POINT ( 'NONE',  ( 4.490427746770180306, 8.099999999999996092, 0.6386537984700954018 ) ) ;
#2625 = ORIENTED_EDGE ( 'NONE', *, *, #93, .T. ) ;
#2626 = CARTESIAN_POINT ( 'NONE',  ( 4.771652534635807186, 8.099999999999994316, -1.474022037529632012 ) ) ;
#2627 = PLANE ( 'NONE',  #2952 ) ;
#2628 = CARTESIAN_POINT ( 'NONE',  ( -6.388449604905978241, 8.099000000000000199, -6.795352941474990693 ) ) ;
#2629 = CARTESIAN_POINT ( 'NONE',  ( 2.531605295587074700, 8.099999999999997868, -0.8810345202589418001 ) ) ;
#2630 = CARTESIAN_POINT ( 'NONE',  ( 3.101053752090919158, 8.099999999999997868, -2.084872723598186095 ) ) ;
#2631 = CARTESIAN_POINT ( 'NONE',  ( 2.527490718941495462, 8.098999999999998423, -2.942425467432927988 ) ) ;
#2632 = EDGE_CURVE ( 'NONE', #2747, #2572, #2189, .T. ) ;
#2633 = DIRECTION ( 'NONE',  ( 1.000000000000000000, 0.0000000000000000000, -0.0000000000000000000 ) ) ;
#2634 = CARTESIAN_POINT ( 'NONE',  ( 5.460634373125500041, 8.099999999999997868, -1.062886268934977396 ) ) ;
#2635 = CARTESIAN_POINT ( 'NONE',  ( -1.470371411595450262, 8.099000000000000199, -0.5909946162407191395 ) ) ;
#2636 = ADVANCED_FACE ( 'NONE', ( #2743 ), #2960, .T. ) ;
#2637 = CARTESIAN_POINT ( 'NONE',  ( 2.832732911089556715, 8.099000000000005528, 2.974689084046545418 ) ) ;
#2638 = DIRECTION ( 'NONE',  ( 0.0000000000000000000, 0.0000000000000000000, -1.000000000000000000 ) ) ;
#2639 = CARTESIAN_POINT ( 'NONE',  ( 5.306769773464120377, 8.099000000000000199, -2.083782948210247898 ) ) ;
#2640 = VECTOR ( 'NONE', #3013, 1000.000000000000000 ) ;
#2641 = AXIS2_PLACEMENT_3D ( 'NONE', #1699, #166, #1427 ) ;
#2642 = CARTESIAN_POINT ( 'NONE',  ( 3.195780063209701094, 8.100000000000001421, -2.078020499454944048 ) ) ;
#2643 = ORIENTED_EDGE ( 'NONE', *, *, #2783, .T. ) ;
#2644 = CARTESIAN_POINT ( 'NONE',  ( 4.811504819454538229, 8.099999999999992539, -1.441279083548554940 ) ) ;
#2645 = CARTESIAN_POINT ( 'NONE',  ( 3.020585177047682812, 8.099000000000522448, -2.137919652168535301 ) ) ;
#2646 = LINE ( 'NONE', #3177, #2601 ) ;
#2647 = PLANE ( 'NONE',  #770 ) ;
#2648 = ORIENTED_EDGE ( 'NONE', *, *, #2719, .T. ) ;
#2649 = CARTESIAN_POINT ( 'NONE',  ( 4.410394033797937041, 8.099999999999999645, 0.6028158976038798800 ) ) ;
#2650 = DIRECTION ( 'NONE',  ( 0.5282357734468456911, 0.0000000000000000000, 0.8490977373960036934 ) ) ;
#2651 = PLANE ( 'NONE',  #866 ) ;
#2652 = LINE ( 'NONE', #3059, #679 ) ;
#2653 = ORIENTED_EDGE ( 'NONE', *, *, #1330, .T. ) ;
#2654 = ADVANCED_FACE ( 'NONE', ( #855 ), #97, .T. ) ;
#2655 = EDGE_LOOP ( 'NONE', ( #1717, #880 ) ) ;
#2656 = LINE ( 'NONE', #1936, #2781 ) ;
#2657 = CARTESIAN_POINT ( 'NONE',  ( 7.700000000000003730, 8.099999999999999645, -1.063314617102002479 ) ) ;
#2658 = EDGE_CURVE ( 'NONE', #1001, #2150, #2787, .T. ) ;
#2659 = ORIENTED_EDGE ( 'NONE', *, *, #1394, .F. ) ;
#2660 = CARTESIAN_POINT ( 'NONE',  ( 4.410394033797937041, 8.099000000000000199, 0.6028158976038798800 ) ) ;
#2661 = DIRECTION ( 'NONE',  ( 0.0000000000000000000, 0.0000000000000000000, 1.000000000000000000 ) ) ;
#2662 = VECTOR ( 'NONE', #869, 1000.000000000000114 ) ;
#2663 = FILL_AREA_STYLE ('',( #1175 ) ) ;
#2664 = CARTESIAN_POINT ( 'NONE',  ( 3.015862783797936597, 8.099999999999999645, -2.144196970043178663 ) ) ;
#2665 = VERTEX_POINT ( 'NONE', #4 ) ;
#2666 = CARTESIAN_POINT ( 'NONE',  ( 2.527121974974408491, 8.099000000000000199, -0.7393256465137673095 ) ) ;
#2667 = VERTEX_POINT ( 'NONE', #506 ) ;
#2668 = CARTESIAN_POINT ( 'NONE',  ( 4.820712065491571607, 8.099999999999992539, -1.409904885875385760 ) ) ;
#2669 = CARTESIAN_POINT ( 'NONE',  ( 3.101053752090919158, 8.099000000000522448, -2.084872723598186095 ) ) ;
#2670 = CARTESIAN_POINT ( 'NONE',  ( -6.799999999999998934, -0.1000000000000000056, -6.250000000000000000 ) ) ;
#2671 = EDGE_CURVE ( 'NONE', #366, #2890, #1094, .T. ) ;
#2672 = CARTESIAN_POINT ( 'NONE',  ( 2.607774548503819290, 8.099999999999997868, -1.063314617102002702 ) ) ;
#2673 = CARTESIAN_POINT ( 'NONE',  ( 2.527182145340774788, 8.099999999999997868, -0.7156565531749391473 ) ) ;
#2674 = AXIS2_PLACEMENT_3D ( 'NONE', #1402, #3184, #3190 ) ;
#2675 = FACE_BOUND ( 'NONE', #340, .T. ) ;
#2676 = CARTESIAN_POINT ( 'NONE',  ( -1.470371411595450262, 8.099999999999999645, -0.5909946162407191395 ) ) ;
#2677 = VECTOR ( 'NONE', #18, 1000.000000000000000 ) ;
#2678 = FILL_AREA_STYLE_COLOUR ( '', #1554 ) ;
#2679 = CARTESIAN_POINT ( 'NONE',  ( -1.356103301359216307, 8.099500000000000810, 1.830682155412830525 ) ) ;
#2680 = VERTEX_POINT ( 'NONE', #1027 ) ;
#2681 = VECTOR ( 'NONE', #973, 1000.000000000000000 ) ;
#2682 = ORIENTED_EDGE ( 'NONE', *, *, #817, .F. ) ;
#2683 = CARTESIAN_POINT ( 'NONE',  ( 5.445087565124887341, 8.099000000000526001, -2.083438889695074181 ) ) ;
#2684 = CARTESIAN_POINT ( 'NONE',  ( 4.811504819454538229, 8.098999999999998423, -1.441279083548554940 ) ) ;
#2685 = ORIENTED_EDGE ( 'NONE', *, *, #1854, .T. ) ;
#2686 = CARTESIAN_POINT ( 'NONE',  ( 5.446012816656509159, 8.099999999999994316, 2.164716092027760830 ) ) ;
#2687 = CARTESIAN_POINT ( 'NONE',  ( 5.218298445562641774, 8.099999999999999645, 8.200000000000001066 ) ) ;
#2688 = SURFACE_STYLE_FILL_AREA ( #2363 ) ;
#2689 = ORIENTED_EDGE ( 'NONE', *, *, #2801, .T. ) ;
#2690 = CARTESIAN_POINT ( 'NONE',  ( 0.5665766199005988213, 8.099000000000000199, -1.873356820965127012 ) ) ;
#2691 = CARTESIAN_POINT ( 'NONE',  ( 5.445087565124887341, 8.100000000000003197, -2.083438889695074181 ) ) ;
#2692 = FACE_OUTER_BOUND ( 'NONE', #2054, .T. ) ;
#2693 = ORIENTED_EDGE ( 'NONE', *, *, #1798, .T. ) ;
#2694 = B_SPLINE_SURFACE_WITH_KNOTS ( 'NONE', 3, 1, ( 
 ( #2585, #2365 ),
 ( #2094, #1361 ),
 ( #875, #3110 ),
 ( #2835, #365 ),
 ( #2378, #2630 ),
 ( #1135, #3092 ),
 ( #3137, #108 ),
 ( #1881, #2132 ),
 ( #2914, #637 ),
 ( #1658, #424 ),
 ( #1428, #2664 ) ),
 .UNSPECIFIED., .F., .F., .F.,
 ( 4, 1, 1, 1, 1, 1, 1, 1, 4 ),
 ( 2, 2 ),
 ( 0.0000000000000000000, 0.1879022624283453180, 0.3456238527908632174, 0.4770338497019694368, 0.5905816398355197006, 0.6883964178335336692, 0.7841009216009321436, 0.8831602878762258024, 1.000000000000000000 ),
 ( 0.0000000000000000000, 1.000000000000000000 ),
 .UNSPECIFIED. ) ;
#2695 = DIRECTION ( 'NONE',  ( -0.0000000000000000000, -1.000000000000000000, -0.0000000000000000000 ) ) ;
#2696 = CARTESIAN_POINT ( 'NONE',  ( 7.700000000000003730, 0.0000000000000000000, 6.250000000000000000 ) ) ;
#2697 = LINE ( 'NONE', #370, #1416 ) ;
#2698 = ADVANCED_FACE ( 'NONE', ( #2031 ), #235, .T. ) ;
#2699 = VERTEX_POINT ( 'NONE', #1997 ) ;
#2700 = ORIENTED_EDGE ( 'NONE', *, *, #544, .F. ) ;
#2701 = CARTESIAN_POINT ( 'NONE',  ( 5.444880182809848534, 8.100000000000003197, -3.836226627686126101 ) ) ;
#2702 = EDGE_CURVE ( 'NONE', #2928, #2837, #537, .T. ) ;
#2703 = PRESENTATION_STYLE_ASSIGNMENT (( #2427 ) ) ;
#2704 = CARTESIAN_POINT ( 'NONE',  ( 2.527640538452372354, 8.099000000000000199, 1.122103743836776024 ) ) ;
#2705 = CARTESIAN_POINT ( 'NONE',  ( 4.736736072903111605, 8.099999999999997868, 0.6527479112543117523 ) ) ;
#2706 = ORIENTED_EDGE ( 'NONE', *, *, #13, .F. ) ;
#2707 = CARTESIAN_POINT ( 'NONE',  ( 2.601004823496270379, 8.099999999999997868, -1.062384042093740266 ) ) ;
#2708 = CARTESIAN_POINT ( 'NONE',  ( 5.387876345298272973, 8.099999999999999645, -2.078509507468385031 ) ) ;
#2709 = MECHANICAL_DESIGN_GEOMETRIC_PRESENTATION_REPRESENTATION (  '', ( #2534 ), #33 ) ;
#2710 = ORIENTED_EDGE ( 'NONE', *, *, #2938, .F. ) ;
#2711 = DIRECTION ( 'NONE',  ( -1.000000000000000000, -0.0000000000000000000, 0.0000000000000000000 ) ) ;
#2712 = CARTESIAN_POINT ( 'NONE',  ( 5.387876345298272973, 8.099999999999996092, -2.078509507468385031 ) ) ;
#2713 = CARTESIAN_POINT ( 'NONE',  ( 3.799999999999998934, -0.1000000000000000056, 6.250000000000000888 ) ) ;
#2714 = EDGE_CURVE ( 'NONE', #723, #2928, #1458, .T. ) ;
#2715 = ADVANCED_FACE ( 'NONE', ( #11 ), #2242, .F. ) ;
#2716 = CARTESIAN_POINT ( 'NONE',  ( 5.526322527666451379, 8.098999999999996646, -0.8947074071700914510 ) ) ;
#2717 = CARTESIAN_POINT ( 'NONE',  ( 5.483168446898242010, 8.099000000000311061, 2.613418528388452344 ) ) ;
#2718 = CARTESIAN_POINT ( 'NONE',  ( -2.410638734430110119, 8.099500000000000810, -1.557792647736772507 ) ) ;
#2719 = EDGE_CURVE ( 'NONE', #2150, #2770, #1373, .T. ) ;
#2720 = VECTOR ( 'NONE', #1230, 1000.000000000000000 ) ;
#2721 = CARTESIAN_POINT ( 'NONE',  ( 5.411983598371551629, 8.098999999999998423, -3.841696851527943046 ) ) ;
#2722 = CARTESIAN_POINT ( 'NONE',  ( 2.561954441981543429, 8.098999999999998423, 1.035401307824654005 ) ) ;
#2723 = FACE_OUTER_BOUND ( 'NONE', #1486, .T. ) ;
#2724 = CARTESIAN_POINT ( 'NONE',  ( 4.805763364158661233, 8.099000000000001975, 0.6179701113202938911 ) ) ;
#2725 = ORIENTED_EDGE ( 'NONE', *, *, #475, .F. ) ;
#2726 = CARTESIAN_POINT ( 'NONE',  ( 2.570110216410145032, 8.099999999999992539, -1.041551916952510926 ) ) ;
#2727 = CARTESIAN_POINT ( 'NONE',  ( 5.471557347561827100, 8.099000000000000199, -2.092830034149005147 ) ) ;
#2728 = FACE_OUTER_BOUND ( 'NONE', #689, .T. ) ;
#2729 = ORIENTED_EDGE ( 'NONE', *, *, #3266, .T. ) ;
#2730 = VECTOR ( 'NONE', #2820, 1000.000000000000000 ) ;
#2731 = CARTESIAN_POINT ( 'NONE',  ( 0.2618482734439119275, 8.100000000000003197, -1.323761545374583681 ) ) ;
#2732 = CARTESIAN_POINT ( 'NONE',  ( -2.327713537579698233, 8.099000000000000199, 1.565495541239610544 ) ) ;
#2733 = ORIENTED_EDGE ( 'NONE', *, *, #2038, .F. ) ;
#2734 = ADVANCED_FACE ( 'NONE', ( #2109 ), #2016, .T. ) ;
#2735 = EDGE_CURVE ( 'NONE', #2354, #3080, #1113, .T. ) ;
#2736 = ORIENTED_EDGE ( 'NONE', *, *, #1437, .T. ) ;
#2737 = CARTESIAN_POINT ( 'NONE',  ( 2.536581080824211742, 8.099000000000000199, 2.944831222994118480 ) ) ;
#2738 = CARTESIAN_POINT ( 'NONE',  ( 5.487320128661399288, 8.099000000000000199, -0.6308611019142258414 ) ) ;
#2739 = FACE_OUTER_BOUND ( 'NONE', #378, .T. ) ;
#2740 = ORIENTED_EDGE ( 'NONE', *, *, #460, .T. ) ;
#2741 = CARTESIAN_POINT ( 'NONE',  ( 5.508328619008906912, 8.098999999999998423, -2.116899853374576868 ) ) ;
#2742 = CARTESIAN_POINT ( 'NONE',  ( 2.713480168693667594, 8.099000000000005528, 1.010260229001081145 ) ) ;
#2743 = FACE_OUTER_BOUND ( 'NONE', #1238, .T. ) ;
#2744 = CARTESIAN_POINT ( 'NONE',  ( 5.527121974974408047, 8.099999999999999645, -3.757937778866708989 ) ) ;
#2745 = EDGE_LOOP ( 'NONE', ( #1797, #926, #1356, #2581, #1132, #545, #658, #2175, #2819, #2056, #84, #75, #1727, #1595, #3276 ) ) ;
#2746 = CARTESIAN_POINT ( 'NONE',  ( 5.526752093791147402, 8.098999999999998423, -3.763523275981501381 ) ) ;
#2747 = VERTEX_POINT ( 'NONE', #2555 ) ;
#2748 = CARTESIAN_POINT ( 'NONE',  ( 2.702213886739113224, 8.099000000000001975, 2.995508912309762906 ) ) ;
#2749 = B_SPLINE_CURVE_WITH_KNOTS ( 'NONE', 3,
 ( #1459, #2483, #2190, #2966, #987, #1466, #713, #1487, #207, #448, #2744 ),
 .UNSPECIFIED., .F., .F.,
 ( 4, 1, 1, 1, 1, 1, 1, 1, 4 ),
 ( 0.0000000000000000000, 3.941527694243448111E-05, 7.233747022307213158E-05, 9.985530707277103153E-05, 0.0001230167335605886181, 0.0001426455775289499025, 0.0001604663348853231175, 0.0001768802909384189733, 0.0001935822331013617578 ),
 .UNSPECIFIED. ) ;
#2750 = CARTESIAN_POINT ( 'NONE',  ( 5.487320128661399288, 8.098999999999998423, -0.6308611019142258414 ) ) ;
#2751 = ADVANCED_FACE ( 'NONE', ( #1331 ), #1333, .F. ) ;
#2752 = CARTESIAN_POINT ( 'NONE',  ( 2.527121974974408936, 8.099999999999999645, -0.7393256465137674205 ) ) ;
#2753 = CARTESIAN_POINT ( 'NONE',  ( 7.699999999999998401, 8.099999999999999645, -8.199999999999997513 ) ) ;
#2754 = CARTESIAN_POINT ( 'NONE',  ( 4.550798108717565071, 8.099999999999999645, -1.467670585541525741 ) ) ;
#2755 = STYLED_ITEM ( 'NONE', ( #1888 ), #2216 ) ;
#2756 = CARTESIAN_POINT ( 'NONE',  ( 2.700145872033230532, 8.099499999999999034, 1.010214794662704030 ) ) ;
#2757 = CARTESIAN_POINT ( 'NONE',  ( 5.409934474974407159, 8.099000000000000199, 2.597760750545056840 ) ) ;
#2758 = CARTESIAN_POINT ( 'NONE',  ( 1.358709690766759293, 8.099000000000000199, -0.6051099705714247934 ) ) ;
#2759 = DIRECTION ( 'NONE',  ( 0.0000000000000000000, -1.000000000000000000, -0.0000000000000000000 ) ) ;
#2760 = CARTESIAN_POINT ( 'NONE',  ( 4.512416092621466923, 8.099000000000000199, -1.403158367102002479 ) ) ;
#2761 = CARTESIAN_POINT ( 'NONE',  ( 2.552890989317559534, 8.099000000000009081, -0.4804457167132528128 ) ) ;
#2762 = DIRECTION ( 'NONE',  ( 0.8744172144337778452, 0.0000000000000000000, 0.4851747469746054975 ) ) ;
#2763 = PRESENTATION_STYLE_ASSIGNMENT (( #1920 ) ) ;
#2764 = PLANE ( 'NONE',  #2975 ) ;
#2765 = ORIENTED_EDGE ( 'NONE', *, *, #886, .T. ) ;
#2766 = CARTESIAN_POINT ( 'NONE',  ( 2.542678347864039345, 8.099999999999992539, 1.052126367889370417 ) ) ;
#2767 = DIRECTION ( 'NONE',  ( 0.0000000000000000000, 1.000000000000000000, 0.0000000000000000000 ) ) ;
#2768 = EDGE_CURVE ( 'NONE', #2940, #743, #1136, .T. ) ;
#2769 = SURFACE_STYLE_FILL_AREA ( #701 ) ;
#2770 = VERTEX_POINT ( 'NONE', #1582 ) ;
#2771 = CARTESIAN_POINT ( 'NONE',  ( 6.799999999999998934, -0.1000000000000000056, -6.250000000000001776 ) ) ;
#2772 = B_SPLINE_CURVE_WITH_KNOTS ( 'NONE', 3,
 ( #458, #962, #943, #1502, #1196, #3202, #2717, #181, #436, #1209, #2450 ),
 .UNSPECIFIED., .F., .F.,
 ( 4, 1, 1, 1, 1, 1, 1, 1, 4 ),
 ( 0.0000000000000000000, 7.119411377531697713E-05, 0.0001253807180207013494, 0.0001651100020028005097, 0.0001944705129611391413, 0.0002165091880699789527, 0.0002368460505636252290, 0.0002616574616772277982, 0.0002916933848734015820 ),
 .UNSPECIFIED. ) ;
#2773 = CARTESIAN_POINT ( 'NONE',  ( 2.534544591625957466, 8.099000000000009081, -0.5585160275692002685 ) ) ;
#2774 = VECTOR ( 'NONE', #1657, 1000.000000000000000 ) ;
#2775 = EDGE_LOOP ( 'NONE', ( #807, #1432, #2568, #1017 ) ) ;
#2776 = COLOUR_RGB ( '',0.1882352941176470562, 0.2039215686274509776, 0.2039215686274509776 ) ;
#2777 = CARTESIAN_POINT ( 'NONE',  ( 2.872478899915450690, 8.099000000000003752, 1.029461057620707942 ) ) ;
#2778 = ORIENTED_EDGE ( 'NONE', *, *, #2163, .T. ) ;
#2779 = DIRECTION ( 'NONE',  ( 0.0000000000000000000, 5.935818656752477363E-13, 1.000000000000000000 ) ) ;
#2780 = CARTESIAN_POINT ( 'NONE',  ( 1.376573076593529121, 8.099499999999999034, -0.04860091545332358154 ) ) ;
#2781 = VECTOR ( 'NONE', #1468, 1000.000000000000000 ) ;
#2782 = ORIENTED_EDGE ( 'NONE', *, *, #337, .T. ) ;
#2783 = EDGE_CURVE ( 'NONE', #2192, #158, #2851, .T. ) ;
#2784 = CARTESIAN_POINT ( 'NONE',  ( 2.596376824436136932, 8.099999999999996092, 2.983367566017468331 ) ) ;
#2785 = ORIENTED_EDGE ( 'NONE', *, *, #3164, .F. ) ;
#2786 = ORIENTED_EDGE ( 'NONE', *, *, #648, .T. ) ;
#2787 = LINE ( 'NONE', #3039, #134 ) ;
#2788 = CARTESIAN_POINT ( 'NONE',  ( 2.841121146727295876, 8.099000000000001975, 1.023092373749116657 ) ) ;
#2789 = ORIENTED_EDGE ( 'NONE', *, *, #1454, .F. ) ;
#2790 = CARTESIAN_POINT ( 'NONE',  ( -0.3518182619891390139, 8.100000000000001421, 1.518196722341963456 ) ) ;
#2791 = MECHANICAL_DESIGN_GEOMETRIC_PRESENTATION_REPRESENTATION (  '', ( #1171 ), #1619 ) ;
#2792 = CARTESIAN_POINT ( 'NONE',  ( 2.527121974974407159, 8.099500000000121602, 2.905894941721526958 ) ) ;
#2793 = CARTESIAN_POINT ( 'NONE',  ( 5.454741460268525799, 8.099000000000000199, -0.6221381465137671984 ) ) ;
#2794 = CARTESIAN_POINT ( 'NONE',  ( 2.591919769092053905, 8.099999999999999645, -3.225079322984354846 ) ) ;
#2795 = VERTEX_POINT ( 'NONE', #46 ) ;
#2796 = CARTESIAN_POINT ( 'NONE',  ( 5.526286168922237785, 8.099000000000001975, -0.7840866001374200422 ) ) ;
#2797 = DIRECTION ( 'NONE',  ( 1.000000000000000000, 0.0000000000000000000, -0.0000000000000000000 ) ) ;
#2798 = CARTESIAN_POINT ( 'NONE',  ( 3.015862783797936597, 8.099000000000000199, -2.144196970043178663 ) ) ;
#2799 = DIRECTION ( 'NONE',  ( 0.0000000000000000000, -1.000000000000000000, 0.0000000000000000000 ) ) ;
#2800 = CARTESIAN_POINT ( 'NONE',  ( 2.527121974974408936, 8.099500000000000810, -0.7393256465137674205 ) ) ;
#2801 = EDGE_CURVE ( 'NONE', #2133, #2922, #1256, .T. ) ;
#2802 = SURFACE_SIDE_STYLE ('',( #3251 ) ) ;
#2803 = VECTOR ( 'NONE', #2356, 1000.000000000000000 ) ;
#2804 = CARTESIAN_POINT ( 'NONE',  ( 2.738802887597120872, 8.099000000000001975, 1.010346511840633399 ) ) ;
#2805 = EDGE_CURVE ( 'NONE', #3118, #3159, #450, .T. ) ;
#2806 = ORIENTED_EDGE ( 'NONE', *, *, #2524, .T. ) ;
#2807 = CARTESIAN_POINT ( 'NONE',  ( 4.512416092621466923, 8.099000000000000199, -1.063314617102002702 ) ) ;
#2808 = VECTOR ( 'NONE', #2462, 1000.000000000000000 ) ;
#2809 = CARTESIAN_POINT ( 'NONE',  ( 5.524111430100934861, 8.099999999999999645, 2.306799863864647193 ) ) ;
#2810 = CARTESIAN_POINT ( 'NONE',  ( -1.063790309233245246, 8.099000000000000199, -1.115176899705278002 ) ) ;
#2811 = VERTEX_POINT ( 'NONE', #2071 ) ;
#2812 = VERTEX_POINT ( 'NONE', #338 ) ;
#2813 =( NAMED_UNIT ( * ) SI_UNIT ( $, .STERADIAN. ) SOLID_ANGLE_UNIT ( ) );
#2814 = B_SPLINE_CURVE_WITH_KNOTS ( 'NONE', 3,
 ( #2780, #2758, #1544, #1300 ),
 .UNSPECIFIED., .F., .F.,
 ( 4, 4 ),
 ( 0.0000000000000000000, 0.002030718527210217256 ),
 .UNSPECIFIED. ) ;
#2815 = DIRECTION ( 'NONE',  ( 0.0000000000000000000, -0.0000000000000000000, 1.000000000000000000 ) ) ;
#2816 = CARTESIAN_POINT ( 'NONE',  ( 2.700145872033230532, 8.099999999999999645, 1.010214794662703808 ) ) ;
#2817 = EDGE_LOOP ( 'NONE', ( #2308, #2710, #2064 ) ) ;
#2818 = VECTOR ( 'NONE', #1181, 1000.000000000000000 ) ;
#2819 = ORIENTED_EDGE ( 'NONE', *, *, #2592, .T. ) ;
#2820 = DIRECTION ( 'NONE',  ( -1.000000000000000000, -0.0000000000000000000, 0.0000000000000000000 ) ) ;
#2821 = CARTESIAN_POINT ( 'NONE',  ( 4.513281650943667067, 8.099000000000007304, -1.422054983032026154 ) ) ;
#2822 = EDGE_LOOP ( 'NONE', ( #2842, #2212 ) ) ;
#2823 = ORIENTED_EDGE ( 'NONE', *, *, #1222, .F. ) ;
#2824 = CARTESIAN_POINT ( 'NONE',  ( 2.553648418840090528, 8.099999999999997868, -2.824966230416924517 ) ) ;
#2825 = EDGE_CURVE ( 'NONE', #2292, #3207, #3050, .T. ) ;
#2826 = CARTESIAN_POINT ( 'NONE',  ( 5.220210403807397093, 8.099000000000520672, -2.143403294419240268 ) ) ;
#2827 = CARTESIAN_POINT ( 'NONE',  ( 5.409934474974407159, 8.099999999999999645, 2.597760750545056840 ) ) ;
#2828 = CARTESIAN_POINT ( 'NONE',  ( 4.533850305697678884, 8.099000000000007304, -1.454596921072827120 ) ) ;
#2829 = B_SPLINE_CURVE_WITH_KNOTS ( 'NONE', 3,
 ( #1526, #3032, #2002, #3279, #2766, #501, #2255, #749, #3268, #520, #2277 ),
 .UNSPECIFIED., .F., .F.,
 ( 4, 1, 1, 1, 1, 1, 1, 1, 4 ),
 ( 0.0000000000000000000, 3.045195993791533073E-05, 5.781127830626780790E-05, 8.221391005160230735E-05, 0.0001056701476073202567, 0.0001325370986857476519, 0.0001633625253341777284, 0.0002017389402613768950, 0.0002487123538810026807 ),
 .UNSPECIFIED. ) ;
#2830 = CARTESIAN_POINT ( 'NONE',  ( 5.524111430100934861, 8.099000000000270205, 2.306799863864647637 ) ) ;
#2831 = CARTESIAN_POINT ( 'NONE',  ( 5.257782445812909877, 8.100000000000001421, -3.821911677558024412 ) ) ;
#2832 = LINE ( 'NONE', #1087, #193 ) ;
#2833 = CARTESIAN_POINT ( 'NONE',  ( 4.517414010138523395, 8.099000000000001975, 0.6479542037590132475 ) ) ;
#2834 = CARTESIAN_POINT ( 'NONE',  ( 5.521773837465381085, 8.099999999999988987, 2.527604282305814909 ) ) ;
#2835 = CARTESIAN_POINT ( 'NONE',  ( 3.127884724692047591, 8.099000000000000199, -2.081004697233793888 ) ) ;
#2836 = EDGE_CURVE ( 'NONE', #170, #723, #3083, .T. ) ;
#2837 = VERTEX_POINT ( 'NONE', #1635 ) ;
#2838 = CARTESIAN_POINT ( 'NONE',  ( 5.240421146275321185, 8.099999999999988987, -2.113014822078770560 ) ) ;
#2839 = CARTESIAN_POINT ( 'NONE',  ( 5.527121974974407159, 8.099000000000000199, -3.757937778866709433 ) ) ;
#2840 = CARTESIAN_POINT ( 'NONE',  ( 5.482539587048249174, 8.099000000000266652, 2.189669165598443712 ) ) ;
#2841 = LINE ( 'NONE', #1229, #1400 ) ;
#2842 = ORIENTED_EDGE ( 'NONE', *, *, #2272, .T. ) ;
#2843 = CARTESIAN_POINT ( 'NONE',  ( 2.552194280735548215, 8.099000000000000199, -3.204032622821542553 ) ) ;
#2844 = EDGE_LOOP ( 'NONE', ( #1301, #1413, #3216 ) ) ;
#2845 = CARTESIAN_POINT ( 'NONE',  ( 5.279846964207174587, 8.099000000000518895, -2.091737445211156565 ) ) ;
#2846 = CARTESIAN_POINT ( 'NONE',  ( 5.517262668975861928, 8.099999999999990763, -0.9830835617457653886 ) ) ;
#2847 = VECTOR ( 'NONE', #815, 1000.000000000000000 ) ;
#2848 = ORIENTED_EDGE ( 'NONE', *, *, #356, .F. ) ;
#2849 = CARTESIAN_POINT ( 'NONE',  ( 3.183133787910861656, 8.099999999999992539, -2.078047704270698848 ) ) ;
#2850 = ORIENTED_EDGE ( 'NONE', *, *, #2879, .T. ) ;
#2851 = B_SPLINE_CURVE_WITH_KNOTS ( 'NONE', 3,
 ( #3097, #23, #2306, #310 ),
 .UNSPECIFIED., .F., .F.,
 ( 4, 4 ),
 ( 0.0000000000000000000, 0.002878727668943106398 ),
 .UNSPECIFIED. ) ;
#2852 = CARTESIAN_POINT ( 'NONE',  ( 4.463732825957348993, 8.099999999999999645, 0.6296449889787475440 ) ) ;
#2853 = CARTESIAN_POINT ( 'NONE',  ( 2.535671907225883537, 8.099999999999997868, -3.155582848684993280 ) ) ;
#2854 = ORIENTED_EDGE ( 'NONE', *, *, #2055, .T. ) ;
#2855 = CARTESIAN_POINT ( 'NONE',  ( 2.527121974974407603, 8.099500000000006139, 1.132227662309762461 ) ) ;
#2856 = CARTESIAN_POINT ( 'NONE',  ( 2.587273341204832988, 8.099999999999994316, -3.224649074246466629 ) ) ;
#2857 = CARTESIAN_POINT ( 'NONE',  ( 6.799999999999998934, -0.1000000000000000056, 6.250000000000001776 ) ) ;
#2858 = CARTESIAN_POINT ( 'NONE',  ( 3.321239622033230532, 8.099500000000160682, -2.216577484749061799 ) ) ;
#2859 = VERTEX_POINT ( 'NONE', #1874 ) ;
#2860 = DIRECTION ( 'NONE',  ( 0.9141579293309499699, 0.0000000000000000000, 0.4053582122534953314 ) ) ;
#2861 = CARTESIAN_POINT ( 'NONE',  ( 2.542806658282763976, 8.099000000000241783, -3.183825961006220506 ) ) ;
#2862 = CARTESIAN_POINT ( 'NONE',  ( 2.527500048245067354, 8.099999999999997868, -3.036658824354054431 ) ) ;
#2863 =( LENGTH_UNIT ( ) NAMED_UNIT ( * ) SI_UNIT ( .MILLI., .METRE. ) );
#2864 = EDGE_CURVE ( 'NONE', #1694, #2181, #2697, .T. ) ;
#2865 = SURFACE_STYLE_USAGE ( .BOTH. , #2401 ) ;
#2866 = CARTESIAN_POINT ( 'NONE',  ( 5.526322527666451379, 8.099999999999992539, -0.8947074071700915621 ) ) ;
#2867 = CARTESIAN_POINT ( 'NONE',  ( 3.020585177047682812, 8.099999999999992539, -2.137919652168535301 ) ) ;
#2868 = CARTESIAN_POINT ( 'NONE',  ( 2.527078872098694973, 8.099000000000000199, -3.003571512547285494 ) ) ;
#2869 = CARTESIAN_POINT ( 'NONE',  ( 4.419842594302565431, 8.099999999999996092, 0.6073457264552881707 ) ) ;
#2870 = CARTESIAN_POINT ( 'NONE',  ( 5.279854480030592434, 8.099999999999999645, -3.830439365127797480 ) ) ;
#2871 = CARTESIAN_POINT ( 'NONE',  ( 5.471956043627779209, 8.099999999999996092, -1.062063311439249924 ) ) ;
#2872 = VECTOR ( 'NONE', #974, 1000.000000000000000 ) ;
#2873 =( NAMED_UNIT ( * ) PLANE_ANGLE_UNIT ( ) SI_UNIT ( $, .RADIAN. ) );
#2874 = FACE_OUTER_BOUND ( 'NONE', #332, .T. ) ;
#2875 = CARTESIAN_POINT ( 'NONE',  ( 2.879597569693776116, 8.099000000000000199, 2.912887461200528438 ) ) ;
#2876 = CARTESIAN_POINT ( 'NONE',  ( 2.546520304723548289, 8.099000000000005528, -0.9816470518819286895 ) ) ;
#2877 = CARTESIAN_POINT ( 'NONE',  ( 3.799999999999998934, -0.1000000000000000056, -6.250000000000001776 ) ) ;
#2878 = ORIENTED_EDGE ( 'NONE', *, *, #895, .T. ) ;
#2879 = EDGE_CURVE ( 'NONE', #897, #674, #349, .T. ) ;
#2880 = VECTOR ( 'NONE', #620, 1000.000000000000000 ) ;
#2881 = EDGE_LOOP ( 'NONE', ( #2765, #1604, #1564, #304 ) ) ;
#2882 = CARTESIAN_POINT ( 'NONE',  ( 3.195780063209701094, 8.099500000000261934, -2.078020499454944048 ) ) ;
#2883 = CARTESIAN_POINT ( 'NONE',  ( 4.666827857327348283, 8.099499999999999034, -1.491393661219649447 ) ) ;
#2884 = VECTOR ( 'NONE', #2594, 1000.000000000000114 ) ;
#2885 = CARTESIAN_POINT ( 'NONE',  ( -5.913434642006757613, 8.099999999999999645, 8.200000000000001066 ) ) ;
#2886 = ORIENTED_EDGE ( 'NONE', *, *, #1666, .T. ) ;
#2887 = EDGE_CURVE ( 'NONE', #1555, #447, #732, .T. ) ;
#2888 = CARTESIAN_POINT ( 'NONE',  ( 5.509050972342427244, 8.100000000000003197, -1.013493521568059386 ) ) ;
#2889 = CARTESIAN_POINT ( 'NONE',  ( -3.799999999999998046, -0.1000000000000000056, -6.250000000000000000 ) ) ;
#2890 = VERTEX_POINT ( 'NONE', #1114 ) ;
#2891 = CARTESIAN_POINT ( 'NONE',  ( 2.527363751985781004, 8.099000000000000199, -0.7652963318971148787 ) ) ;
#2892 = CARTESIAN_POINT ( 'NONE',  ( -2.842766687186006003, 8.098999999999998423, -1.473381624114729727 ) ) ;
#2893 = CARTESIAN_POINT ( 'NONE',  ( 5.374778224974407159, 8.099999999999997868, -2.078020499454944048 ) ) ;
#2894 = ADVANCED_BREP_SHAPE_REPRESENTATION ( 'Coilcraft-XAL1580-741', ( #1960, #2898 ), #58 ) ;
#2895 = ORIENTED_EDGE ( 'NONE', *, *, #1771, .F. ) ;
#2896 =( NAMED_UNIT ( * ) PLANE_ANGLE_UNIT ( ) SI_UNIT ( $, .RADIAN. ) );
#2897 = FACE_OUTER_BOUND ( 'NONE', #1292, .T. ) ;
#2898 = AXIS2_PLACEMENT_3D ( 'NONE', #564, #2303, #44 ) ;
#2899 = ORIENTED_EDGE ( 'NONE', *, *, #2194, .F. ) ;
#2900 = CARTESIAN_POINT ( 'NONE',  ( 5.362349424229993389, 8.099000000000000199, -3.842571761608973180 ) ) ;
#2901 = CARTESIAN_POINT ( 'NONE',  ( 5.471956043627779209, 8.098999999999998423, -1.062063311439249924 ) ) ;
#2902 = CARTESIAN_POINT ( 'NONE',  ( 4.419842594302566319, 8.099000000000000199, 0.6073457264552882817 ) ) ;
#2903 = EDGE_CURVE ( 'NONE', #1180, #3128, #851, .T. ) ;
#2904 = VERTEX_POINT ( 'NONE', #2124 ) ;
#2905 = CARTESIAN_POINT ( 'NONE',  ( 4.463732825957348993, 8.100000000000001421, 0.6296449889787475440 ) ) ;
#2906 = CARTESIAN_POINT ( 'NONE',  ( 2.528827004642663301, 8.099000000000390997, 2.925820368108616787 ) ) ;
#2907 = DIRECTION ( 'NONE',  ( 0.0000000000000000000, 0.0000000000000000000, 1.000000000000000000 ) ) ;
#2908 =( NAMED_UNIT ( * ) PLANE_ANGLE_UNIT ( ) SI_UNIT ( $, .RADIAN. ) );
#2909 =( GEOMETRIC_REPRESENTATION_CONTEXT ( 3 ) GLOBAL_UNCERTAINTY_ASSIGNED_CONTEXT ( ( #2105 ) ) GLOBAL_UNIT_ASSIGNED_CONTEXT ( ( #1553, #533, #2012 ) ) REPRESENTATION_CONTEXT ( 'NONE', 'WORKASPACE' ) );
#2910 = CARTESIAN_POINT ( 'NONE',  ( 4.666827857327348283, 8.099499999999999034, -1.491393661219649447 ) ) ;
#2911 = DIRECTION ( 'NONE',  ( 0.4896940731790662693, 0.0000000000000000000, -0.8718943254163863399 ) ) ;
#2912 = CARTESIAN_POINT ( 'NONE',  ( 4.490427746770180306, 8.099000000000000199, 0.6386537984700954018 ) ) ;
#2913 =( NAMED_UNIT ( * ) SI_UNIT ( $, .STERADIAN. ) SOLID_ANGLE_UNIT ( ) );
#2914 = CARTESIAN_POINT ( 'NONE',  ( 3.029311322738440282, 8.098999999999998423, -2.126320281378254240 ) ) ;
#2915 =( GEOMETRIC_REPRESENTATION_CONTEXT ( 3 ) GLOBAL_UNCERTAINTY_ASSIGNED_CONTEXT ( ( #1733 ) ) GLOBAL_UNIT_ASSIGNED_CONTEXT ( ( #1706, #3233, #222 ) ) REPRESENTATION_CONTEXT ( 'NONE', 'WORKASPACE' ) );
#2916 = PLANE ( 'NONE',  #2674 ) ;
#2917 = LINE ( 'NONE', #1411, #1521 ) ;
#2918 = DIRECTION ( 'NONE',  ( 0.0000000000000000000, 1.000000000000000000, 0.0000000000000000000 ) ) ;
#2919 = CARTESIAN_POINT ( 'NONE',  ( 3.029311322738440282, 8.099000000000522448, -2.126320281378254240 ) ) ;
#2920 = VECTOR ( 'NONE', #728, 1000.000000000000000 ) ;
#2921 = CARTESIAN_POINT ( 'NONE',  ( 2.526999725465637336, 8.099000000000300403, -2.977833125840810613 ) ) ;
#2922 = VERTEX_POINT ( 'NONE', #1368 ) ;
#2923 = SURFACE_SIDE_STYLE ('',( #1117 ) ) ;
#2924 = DIRECTION ( 'NONE',  ( 0.0000000000000000000, 0.0000000000000000000, -1.000000000000000000 ) ) ;
#2925 = ORIENTED_EDGE ( 'NONE', *, *, #1083, .T. ) ;
#2926 = FACE_OUTER_BOUND ( 'NONE', #176, .T. ) ;
#2927 =( NAMED_UNIT ( * ) PLANE_ANGLE_UNIT ( ) SI_UNIT ( $, .RADIAN. ) );
#2928 = VERTEX_POINT ( 'NONE', #1627 ) ;
#2929 = LINE ( 'NONE', #3208, #1690 ) ;
#2930 = EDGE_CURVE ( 'NONE', #1820, #3128, #1369, .T. ) ;
#2931 = ORIENTED_EDGE ( 'NONE', *, *, #839, .F. ) ;
#2932 = CARTESIAN_POINT ( 'NONE',  ( 2.542678347864039345, 8.098999999999998423, 1.052126367889370417 ) ) ;
#2933 = CARTESIAN_POINT ( 'NONE',  ( 2.542963538740988572, 8.099000000000298627, -2.847728262263956811 ) ) ;
#2934 = ADVANCED_FACE ( 'NONE', ( #933 ), #64, .F. ) ;
#2935 =( NAMED_UNIT ( * ) SI_UNIT ( $, .STERADIAN. ) SOLID_ANGLE_UNIT ( ) );
#2936 = CARTESIAN_POINT ( 'NONE',  ( -3.305447789548204174, 8.099500000000000810, -0.8183461910438469822 ) ) ;
#2937 = ORIENTED_EDGE ( 'NONE', *, *, #133, .F. ) ;
#2938 = EDGE_CURVE ( 'NONE', #1195, #763, #2348, .T. ) ;
#2939 = CARTESIAN_POINT ( 'NONE',  ( 2.529904389740619486, 8.099000000000000199, -0.6103212975492867676 ) ) ;
#2940 = VERTEX_POINT ( 'NONE', #1139 ) ;
#2941 = CARTESIAN_POINT ( 'NONE',  ( 4.821239622033232308, 8.099000000000000199, -1.403158367102002479 ) ) ;
#2942 = CARTESIAN_POINT ( 'NONE',  ( -1.063790309233245246, 8.099999999999999645, -1.115176899705278002 ) ) ;
#2943 = CARTESIAN_POINT ( 'NONE',  ( 5.526752093791147402, 8.099000000000016186, -3.763523275981500937 ) ) ;
#2944 = EDGE_CURVE ( 'NONE', #2859, #2904, #2598, .T. ) ;
#2945 = ADVANCED_FACE ( 'NONE', ( #7 ), #2100, .T. ) ;
#2946 = CARTESIAN_POINT ( 'NONE',  ( 5.218937769171328789, 8.099999999999997868, -2.154943649074056111 ) ) ;
#2947 = CARTESIAN_POINT ( 'NONE',  ( 4.820712065491571607, 8.099999999999996092, -1.409904885875385760 ) ) ;
#2948 = CARTESIAN_POINT ( 'NONE',  ( 2.700145872033230532, 8.099000000000000199, 1.010214794662703808 ) ) ;
#2949 = CARTESIAN_POINT ( 'NONE',  ( 4.767573857833901307, 8.099000000000001975, 0.6463222483132240459 ) ) ;
#2950 = SURFACE_STYLE_USAGE ( .BOTH. , #2923 ) ;
#2951 = VECTOR ( 'NONE', #699, 1000.000000000000000 ) ;
#2952 = AXIS2_PLACEMENT_3D ( 'NONE', #2660, #2911, #1638 ) ;
#2953 = ORIENTED_EDGE ( 'NONE', *, *, #2836, .F. ) ;
#2954 = ADVANCED_FACE ( 'NONE', ( #1870 ), #1267, .T. ) ;
#2955 = VECTOR ( 'NONE', #3257, 1000.000000000000000 ) ;
#2956 = CARTESIAN_POINT ( 'NONE',  ( 5.519314015978189047, 8.099999999999997868, -2.131148989297656726 ) ) ;
#2957 = ORIENTED_EDGE ( 'NONE', *, *, #2965, .T. ) ;
#2958 = EDGE_CURVE ( 'NONE', #3183, #885, #1289, .T. ) ;
#2959 = CARTESIAN_POINT ( 'NONE',  ( -1.469949758052150779, 8.099000000000000199, -1.527614301280077358 ) ) ;
#2960 = PLANE ( 'NONE',  #643 ) ;
#2961 = LINE ( 'NONE', #2075, #2610 ) ;
#2962 = ORIENTED_EDGE ( 'NONE', *, *, #511, .T. ) ;
#2963 = CARTESIAN_POINT ( 'NONE',  ( 5.527121974974408047, 8.099499999999999034, -0.8385903523961205641 ) ) ;
#2964 = ORIENTED_EDGE ( 'NONE', *, *, #1404, .T. ) ;
#2965 = EDGE_CURVE ( 'NONE', #204, #934, #1210, .T. ) ;
#2966 = CARTESIAN_POINT ( 'NONE',  ( 5.444880182809848534, 8.099999999999997868, -3.836226627686126101 ) ) ;
#2967 = CARTESIAN_POINT ( 'NONE',  ( 7.700000000000003730, 8.099999999999999645, 8.200000000000001066 ) ) ;
#2968 = PRESENTATION_STYLE_ASSIGNMENT (( #2553 ) ) ;
#2969 = VERTEX_POINT ( 'NONE', #2077 ) ;
#2970 = PLANE ( 'NONE',  #1302 ) ;
#2971 = CARTESIAN_POINT ( 'NONE',  ( 5.387900587810134923, 8.099000000000016186, -3.842363265713347076 ) ) ;
#2972 = ORIENTED_EDGE ( 'NONE', *, *, #582, .T. ) ;
#2973 = ADVANCED_FACE ( 'NONE', ( #259 ), #43, .T. ) ;
#2974 = CARTESIAN_POINT ( 'NONE',  ( 5.218937769171328789, 8.099000000000000199, -2.154943649074056111 ) ) ;
#2975 = AXIS2_PLACEMENT_3D ( 'NONE', #38, #1549, #312 ) ;
#2976 = ORIENTED_EDGE ( 'NONE', *, *, #1062, .T. ) ;
#2977 = SURFACE_SIDE_STYLE ('',( #1431 ) ) ;
#2978 = FILL_AREA_STYLE ('',( #988 ) ) ;
#2979 = CARTESIAN_POINT ( 'NONE',  ( -1.063790309233245246, 8.099499999999997257, -1.115176899705278002 ) ) ;
#2980 = CARTESIAN_POINT ( 'NONE',  ( 4.512416092621466923, 8.099999999999999645, -1.403158367102002479 ) ) ;
#2981 = CARTESIAN_POINT ( 'NONE',  ( 4.789882400882086166, 8.099999999999999645, 0.6331478698513847148 ) ) ;
#2982 = CARTESIAN_POINT ( 'NONE',  ( 4.821239622033232308, 8.099000000000000199, -1.063314617102002702 ) ) ;
#2983 = DIRECTION ( 'NONE',  ( 2.644395542647572259E-16, 0.0000000000000000000, 1.000000000000000000 ) ) ;
#2984 = CARTESIAN_POINT ( 'NONE',  ( 5.527121974974407159, 8.099000000000000199, 2.407503397603881101 ) ) ;
#2985 = CARTESIAN_POINT ( 'NONE',  ( 0.7444809506092741058, 8.099999999999999645, 0.0002573522632255687004 ) ) ;
#2986 = CARTESIAN_POINT ( 'NONE',  ( -1.356103301359216307, 8.099500000000000810, 1.830682155412830525 ) ) ;
#2987 = EDGE_CURVE ( 'NONE', #2192, #2188, #1451, .T. ) ;
#2988 = ADVANCED_FACE ( 'NONE', ( #2269 ), #2627, .T. ) ;
#2989 = CARTESIAN_POINT ( 'NONE',  ( -0.2872918840364085957, 8.099999999999999645, -1.873356820965121905 ) ) ;
#2990 = CARTESIAN_POINT ( 'NONE',  ( -2.683080466713564594, 8.099999999999999645, -0.6490087894690590442 ) ) ;
#2991 = LINE ( 'NONE', #1317, #1894 ) ;
#2992 = B_SPLINE_CURVE_WITH_KNOTS ( 'NONE', 3,
 ( #3243, #2205, #1483, #698, #2458, #1744, #324, #662, #2193, #2856, #1705 ),
 .UNSPECIFIED., .F., .F.,
 ( 4, 1, 1, 1, 1, 1, 1, 1, 4 ),
 ( 0.0000000000000000000, 5.725924194459994948E-05, 0.0001042378824893983415, 0.0001412044620298390013, 0.0001698153864439826079, 0.0001914054784308606716, 0.0002075059911379020837, 0.0002220054765554009893, 0.0002359531929747673597 ),
 .UNSPECIFIED. ) ;
#2993 = CARTESIAN_POINT ( 'NONE',  ( 2.527121974974408936, 8.099000000000001975, -0.7393256465137673095 ) ) ;
#2994 = COLOUR_RGB ( '',0.8274509803921568096, 0.8392156862745098200, 0.8274509803921568096 ) ;
#2995 = DIRECTION ( 'NONE',  ( 0.0000000000000000000, -1.000000000000000000, -0.0000000000000000000 ) ) ;
#2996 = CARTESIAN_POINT ( 'NONE',  ( 4.512416092621466923, 8.099500000000000810, -1.403158367102002924 ) ) ;
#2997 = LINE ( 'NONE', #1147, #716 ) ;
#2998 = ORIENTED_EDGE ( 'NONE', *, *, #2702, .F. ) ;
#2999 = CARTESIAN_POINT ( 'NONE',  ( 5.483168446898242010, 8.099999999999988987, 2.613418528388452344 ) ) ;
#3000 = STYLED_ITEM ( 'NONE', ( #1294 ), #2734 ) ;
#3001 = DIRECTION ( 'NONE',  ( -0.0000000000000000000, -1.000000000000000000, 0.0000000000000000000 ) ) ;
#3002 = CARTESIAN_POINT ( 'NONE',  ( -5.913434642006757613, 8.099000000000000199, -6.795352941474990693 ) ) ;
#3003 = VERTEX_POINT ( 'NONE', #3149 ) ;
#3004 = CARTESIAN_POINT ( 'NONE',  ( 5.508784936989387759, 8.098999999999998423, -3.805184280439803945 ) ) ;
#3005 = EDGE_CURVE ( 'NONE', #2572, #1912, #494, .T. ) ;
#3006 = ORIENTED_EDGE ( 'NONE', *, *, #2805, .T. ) ;
#3007 = CARTESIAN_POINT ( 'NONE',  ( -1.978484010020657102, 8.100000000000003197, -1.642210364272211232 ) ) ;
#3008 = CARTESIAN_POINT ( 'NONE',  ( -2.946573773800170493, 8.099999999999999645, -0.06833162411471437048 ) ) ;
#3009 = LINE ( 'NONE', #1449, #3248 ) ;
#3010 = ADVANCED_FACE ( 'NONE', ( #2103 ), #2238, .T. ) ;
#3011 = CARTESIAN_POINT ( 'NONE',  ( 5.218298445562641774, 8.099000000000000199, -3.225079322984355290 ) ) ;
#3012 = ORIENTED_EDGE ( 'NONE', *, *, #817, .T. ) ;
#3013 = DIRECTION ( 'NONE',  ( 1.000000000000000000, 0.0000000000000000000, -0.0000000000000000000 ) ) ;
#3014 = AXIS2_PLACEMENT_3D ( 'NONE', #3047, #2036, #3280 ) ;
#3015 = CARTESIAN_POINT ( 'NONE',  ( 2.662607184688675854, 8.099999999999994316, 2.994764960851857616 ) ) ;
#3016 = CARTESIAN_POINT ( 'NONE',  ( -7.700000000000001954, 8.099999999999999645, -8.199999999999997513 ) ) ;
#3017 = ORIENTED_EDGE ( 'NONE', *, *, #3134, .F. ) ;
#3018 = LINE ( 'NONE', #3166, #900 ) ;
#3019 = ORIENTED_EDGE ( 'NONE', *, *, #2435, .F. ) ;
#3020 = CARTESIAN_POINT ( 'NONE',  ( -1.363987553327731694, 8.099000000000000199, 1.106863651475818999 ) ) ;
#3021 = CARTESIAN_POINT ( 'NONE',  ( 2.541342778683351344, 8.099000000000005528, -0.5152997252933445571 ) ) ;
#3022 = CARTESIAN_POINT ( 'NONE',  ( 2.902479109934295920, 8.099000000000000199, 1.039972050497611766 ) ) ;
#3023 = AXIS2_PLACEMENT_3D ( 'NONE', #1108, #3113, #1624 ) ;
#3024 = CARTESIAN_POINT ( 'NONE',  ( 2.964162416150877277, 8.099000000000007304, 1.063983177015644932 ) ) ;
#3025 = PLANE ( 'NONE',  #1066 ) ;
#3026 = CARTESIAN_POINT ( 'NONE',  ( 2.528827004642662857, 8.099000000000001975, 2.925820368108616343 ) ) ;
#3027 = CARTESIAN_POINT ( 'NONE',  ( 5.471595784181534583, 8.099000000000003752, -0.6228855599289653266 ) ) ;
#3028 = CARTESIAN_POINT ( 'NONE',  ( 2.964162416150877277, 8.099999999999999645, 1.063983177015644932 ) ) ;
#3029 =( GEOMETRIC_REPRESENTATION_CONTEXT ( 3 ) GLOBAL_UNCERTAINTY_ASSIGNED_CONTEXT ( ( #2026 ) ) GLOBAL_UNIT_ASSIGNED_CONTEXT ( ( #1344, #1337, #1841 ) ) REPRESENTATION_CONTEXT ( 'NONE', 'WORKASPACE' ) );
#3030 = CARTESIAN_POINT ( 'NONE',  ( 3.243434994722649733, 8.099000000000520672, -2.078652607809492459 ) ) ;
#3031 = LINE ( 'NONE', #1314, #1631 ) ;
#3032 = CARTESIAN_POINT ( 'NONE',  ( 2.527640538452372354, 8.099999999999994316, 1.122103743836776024 ) ) ;
#3033 = CARTESIAN_POINT ( 'NONE',  ( 5.279854480030592434, 8.099000000000012633, -3.830439365127797480 ) ) ;
#3034 = EDGE_CURVE ( 'NONE', #2969, #1640, #1367, .T. ) ;
#3035 = VECTOR ( 'NONE', #1512, 1000.000000000000000 ) ;
#3036 = EDGE_LOOP ( 'NONE', ( #3241, #3180 ) ) ;
#3037 = CARTESIAN_POINT ( 'NONE',  ( 5.454741460268524911, 8.099499999999999034, -1.063314617102002702 ) ) ;
#3038 = STYLED_ITEM ( 'NONE', ( #2409 ), #1952 ) ;
#3039 = CARTESIAN_POINT ( 'NONE',  ( 6.799999999999998934, -0.1000000000000000056, 6.250000000000001776 ) ) ;
#3040 = SURFACE_STYLE_FILL_AREA ( #864 ) ;
#3041 = ORIENTED_EDGE ( 'NONE', *, *, #1151, .F. ) ;
#3042 = CARTESIAN_POINT ( 'NONE',  ( 4.767573857833901307, 8.099000000000001975, 0.6463222483132240459 ) ) ;
#3043 = FACE_OUTER_BOUND ( 'NONE', #970, .T. ) ;
#3044 = CARTESIAN_POINT ( 'NONE',  ( 3.339293780857700789, 8.099000000000520672, -2.181316855179228131 ) ) ;
#3045 = ORIENTED_EDGE ( 'NONE', *, *, #1357, .T. ) ;
#3046 = CARTESIAN_POINT ( 'NONE',  ( 2.688422928431703163, 8.099999999999992539, 2.995249870203059661 ) ) ;
#3047 = CARTESIAN_POINT ( 'NONE',  ( 2.607774548503819290, 8.099000000000000199, -1.063314617102002702 ) ) ;
#3048 = CARTESIAN_POINT ( 'NONE',  ( -0.2872918840364085957, 8.099000000000000199, -1.873356820965123237 ) ) ;
#3049 = ORIENTED_EDGE ( 'NONE', *, *, #1926, .F. ) ;
#3050 = LINE ( 'NONE', #819, #571 ) ;
#3051 = CARTESIAN_POINT ( 'NONE',  ( 4.666827857327349172, 8.099999999999999645, -1.491393661219649669 ) ) ;
#3052 = ORIENTED_EDGE ( 'NONE', *, *, #2632, .T. ) ;
#3053 = CARTESIAN_POINT ( 'NONE',  ( 4.653041092621467811, 8.099500000000000810, 0.6572736181921154941 ) ) ;
#3054 = DIRECTION ( 'NONE',  ( -0.0000000000000000000, -0.0000000000000000000, 1.000000000000000000 ) ) ;
#3055 = ORIENTED_EDGE ( 'NONE', *, *, #63, .T. ) ;
#3056 = CARTESIAN_POINT ( 'NONE',  ( 2.542963538740989016, 8.099999999999997868, -2.847728262263957255 ) ) ;
#3057 = EDGE_CURVE ( 'NONE', #300, #2699, #596, .T. ) ;
#3058 = CARTESIAN_POINT ( 'NONE',  ( 5.499740248487296590, 8.099999999999999645, 2.209645495282464900 ) ) ;
#3059 = CARTESIAN_POINT ( 'NONE',  ( 2.880063151444995029, 8.099000000000000199, 1.028373199804565541 ) ) ;
#3060 = B_SPLINE_CURVE_WITH_KNOTS ( 'NONE', 3,
 ( #1647, #2114, #1124, #3115, #347, #2369, #2838, #1625, #867, #2121, #583 ),
 .UNSPECIFIED., .F., .F.,
 ( 4, 1, 1, 1, 1, 1, 1, 1, 4 ),
 ( 0.0000000000000000000, 3.731150085189898565E-05, 7.009397688967383038E-05, 9.738607693295941200E-05, 0.0001214828950149362283, 0.0001417731655382561029, 0.0001603362040952904094, 0.0001776385546324263940, 0.0001951051716750394692 ),
 .UNSPECIFIED. ) ;
#3061 = SURFACE_STYLE_USAGE ( .BOTH. , #2802 ) ;
#3062 = CARTESIAN_POINT ( 'NONE',  ( 4.767573857833901307, 8.099999999999994316, 0.6463222483132240459 ) ) ;
#3063 = AXIS2_PLACEMENT_3D ( 'NONE', #647, #2661, #1654 ) ;
#3064 = CARTESIAN_POINT ( 'NONE',  ( 5.446012816656509159, 8.100000000000001421, 2.164716092027760830 ) ) ;
#3065 = CARTESIAN_POINT ( 'NONE',  ( 5.419012773983033604, 8.099999999999987210, 2.601920052150273222 ) ) ;
#3066 = CARTESIAN_POINT ( 'NONE',  ( 4.599866741713837470, 8.099000000000003752, -1.485911206382575012 ) ) ;
#3067 = EDGE_CURVE ( 'NONE', #3126, #1020, #856, .T. ) ;
#3068 =( NAMED_UNIT ( * ) SI_UNIT ( $, .STERADIAN. ) SOLID_ANGLE_UNIT ( ) );
#3069 = COLOUR_RGB ( '',0.8274509803921568096, 0.8392156862745098200, 0.8274509803921568096 ) ;
#3070 = FACE_OUTER_BOUND ( 'NONE', #2577, .T. ) ;
#3071 = CARTESIAN_POINT ( 'NONE',  ( 2.872480430856760414, 8.099000000000000199, -0.6221381465137671984 ) ) ;
#3072 = PRESENTATION_LAYER_ASSIGNMENT (  '', '', ( #2385 ) ) ;
#3073 = LINE ( 'NONE', #2593, #2481 ) ;
#3074 = VECTOR ( 'NONE', #534, 1000.000000000000000 ) ;
#3075 = CARTESIAN_POINT ( 'NONE',  ( 2.879597569693776116, 8.099999999999987210, 2.912887461200528438 ) ) ;
#3076 = VECTOR ( 'NONE', #628, 1000.000000000000000 ) ;
#3077 = CARTESIAN_POINT ( 'NONE',  ( 5.527065906628455316, 8.100000000000003197, 2.354138460900758734 ) ) ;
#3078 = CARTESIAN_POINT ( 'NONE',  ( 2.713480168693667149, 8.099999999999994316, 1.010260229001081145 ) ) ;
#3079 = ORIENTED_EDGE ( 'NONE', *, *, #373, .T. ) ;
#3080 = VERTEX_POINT ( 'NONE', #1425 ) ;
#3081 = CARTESIAN_POINT ( 'NONE',  ( 4.572551966817469449, 8.100000000000001421, -1.479028877387306595 ) ) ;
#3082 = AXIS2_PLACEMENT_3D ( 'NONE', #1022, #509, #1543 ) ;
#3083 = B_SPLINE_CURVE_WITH_KNOTS ( 'NONE', 3,
 ( #3053, #1601, #350, #3117, #840, #3105, #2624, #2852, #1127, #2869, #1616 ),
 .UNSPECIFIED., .F., .F.,
 ( 4, 1, 1, 1, 1, 1, 1, 1, 4 ),
 ( 0.0000000000000000000, 3.930596082012962570E-05, 7.518502165009222039E-05, 0.0001070875475610949898, 0.0001364448156273280434, 0.0001645783214972349709, 0.0001924998160121689701, 0.0002208688936268320786, 0.0002523212202132585564 ),
 .UNSPECIFIED. ) ;
#3084 = CARTESIAN_POINT ( 'NONE',  ( 5.437508004386171656, 8.099500000000073641, 2.160720309368585834 ) ) ;
#3085 = CARTESIAN_POINT ( 'NONE',  ( 2.587273341204832988, 8.099000000000000199, -3.224649074246466629 ) ) ;
#3086 = ORIENTED_EDGE ( 'NONE', *, *, #2632, .F. ) ;
#3087 = CARTESIAN_POINT ( 'NONE',  ( 2.527640538452372354, 8.099000000000017963, 1.122103743836776024 ) ) ;
#3088 = LINE ( 'NONE', #1897, #215 ) ;
#3089 = EDGE_LOOP ( 'NONE', ( #2886, #1242, #1606 ) ) ;
#3090 = CARTESIAN_POINT ( 'NONE',  ( 5.257588865087630126, 8.099000000000526001, -2.100772313249706702 ) ) ;
#3091 = CARTESIAN_POINT ( 'NONE',  ( 5.306899464651202436, 8.099000000000014410, -3.837396805271579669 ) ) ;
#3092 = CARTESIAN_POINT ( 'NONE',  ( 3.078693250408104376, 8.100000000000001421, -2.090882916220118126 ) ) ;
#3093 = ORIENTED_EDGE ( 'NONE', *, *, #1260, .F. ) ;
#3094 = CARTESIAN_POINT ( 'NONE',  ( -5.913434642006757613, 8.099000000000000199, -6.795352941474990693 ) ) ;
#3095 = CARTESIAN_POINT ( 'NONE',  ( 3.321239622033230532, 8.099000000000000199, -2.216577484749061799 ) ) ;
#3096 = EDGE_CURVE ( 'NONE', #718, #2940, #3088, .T. ) ;
#3097 = CARTESIAN_POINT ( 'NONE',  ( 0.7444809506092741058, 8.099000000000000199, 0.0002573522632255687004 ) ) ;
#3098 = VERTEX_POINT ( 'NONE', #130 ) ;
#3099 = CARTESIAN_POINT ( 'NONE',  ( 2.577796673630440516, 8.099000000000001975, -3.223771556212778222 ) ) ;
#3100 = PLANE ( 'NONE',  #553 ) ;
#3101 = EDGE_CURVE ( 'NONE', #2538, #2572, #2656, .T. ) ;
#3102 = CARTESIAN_POINT ( 'NONE',  ( 5.306769773464120377, 8.099000000000522448, -2.083782948210247898 ) ) ;
#3103 = CARTESIAN_POINT ( 'NONE',  ( -6.799999999999998934, 0.0000000000000000000, -6.250000000000000000 ) ) ;
#3104 = CARTESIAN_POINT ( 'NONE',  ( -3.198548576949789002, 8.099999999999999645, -1.189930049311564098 ) ) ;
#3105 = CARTESIAN_POINT ( 'NONE',  ( 4.517414010138523395, 8.099999999999999645, 0.6479542037590132475 ) ) ;
#3106 = CARTESIAN_POINT ( 'NONE',  ( 2.528188313681721588, 8.099000000000000199, -3.071375468959329780 ) ) ;
#3107 = CARTESIAN_POINT ( 'NONE',  ( 2.684496750294941059, 8.099000000000017963, 1.010271843298344407 ) ) ;
#3108 = CARTESIAN_POINT ( 'NONE',  ( 2.527121974974408936, 8.099999999999999645, -0.7393256465137674205 ) ) ;
#3109 = CARTESIAN_POINT ( 'NONE',  ( -3.198548576949789002, 8.098999999999998423, -1.189930049311564098 ) ) ;
#3110 = CARTESIAN_POINT ( 'NONE',  ( 3.159872469309626730, 8.100000000000001421, -2.078097744292115134 ) ) ;
#3111 = EDGE_CURVE ( 'NONE', #1086, #2665, #3009, .T. ) ;
#3112 = VECTOR ( 'NONE', #2510, 1000.000000000000000 ) ;
#3113 = DIRECTION ( 'NONE',  ( 1.000000000000000000, 0.0000000000000000000, -1.057758217059028854E-16 ) ) ;
#3114 = FACE_OUTER_BOUND ( 'NONE', #2500, .T. ) ;
#3115 = CARTESIAN_POINT ( 'NONE',  ( 5.306769773464120377, 8.099999999999992539, -2.083782948210247898 ) ) ;
#3116 = CARTESIAN_POINT ( 'NONE',  ( 2.529272604377409195, 8.099000000000000199, -2.912432544213367613 ) ) ;
#3117 = CARTESIAN_POINT ( 'NONE',  ( 4.579175297725285532, 8.100000000000001421, 0.6558689013132087409 ) ) ;
#3118 = VERTEX_POINT ( 'NONE', #441 ) ;
#3119 = CARTESIAN_POINT ( 'NONE',  ( 2.542806658282763976, 8.099000000000000199, -3.183825961006220062 ) ) ;
#3120 = PRESENTATION_STYLE_ASSIGNMENT (( #1650 ) ) ;
#3121 = DIRECTION ( 'NONE',  ( 1.000000000000000000, 0.0000000000000000000, -0.0000000000000000000 ) ) ;
#3122 = ORIENTED_EDGE ( 'NONE', *, *, #3143, .T. ) ;
#3123 = CARTESIAN_POINT ( 'NONE',  ( 2.740693402904323950, 8.099000000000000199, 2.994840051111351986 ) ) ;
#3124 = CARTESIAN_POINT ( 'NONE',  ( 2.527815571442511011, 8.099000000000005528, -0.8138289069925794816 ) ) ;
#3125 = SURFACE_STYLE_USAGE ( .BOTH. , #865 ) ;
#3126 = VERTEX_POINT ( 'NONE', #1723 ) ;
#3127 = FILL_AREA_STYLE_COLOUR ( '', #238 ) ;
#3128 = VERTEX_POINT ( 'NONE', #927 ) ;
#3129 = SURFACE_STYLE_FILL_AREA ( #1792 ) ;
#3130 = CARTESIAN_POINT ( 'NONE',  ( 5.279854480030592434, 8.099000000000000199, -3.830439365127797480 ) ) ;
#3131 = ORIENTED_EDGE ( 'NONE', *, *, #1296, .T. ) ;
#3132 = CARTESIAN_POINT ( 'NONE',  ( 5.509050972342427244, 8.099000000000005528, -1.013493521568059386 ) ) ;
#3133 = CARTESIAN_POINT ( 'NONE',  ( 2.528625001114389814, 8.099000000000017963, 1.102884072275896798 ) ) ;
#3134 = EDGE_CURVE ( 'NONE', #712, #2060, #2337, .T. ) ;
#3135 = CARTESIAN_POINT ( 'NONE',  ( 2.527815571442511011, 8.098999999999998423, -0.8138289069925794816 ) ) ;
#3136 = CARTESIAN_POINT ( 'NONE',  ( 2.880063151444995029, 8.099000000000000199, 1.445187221133291899 ) ) ;
#3137 = CARTESIAN_POINT ( 'NONE',  ( 3.059851504703098080, 8.099000000000000199, -2.099531447967012632 ) ) ;
#3138 = EDGE_LOOP ( 'NONE', ( #1755, #1173, #1559, #1617 ) ) ;
#3139 = UNCERTAINTY_MEASURE_WITH_UNIT (LENGTH_MEASURE( 1.000000000000000082E-05 ), #1639, 'distance_accuracy_value', 'NONE');
#3140 = CARTESIAN_POINT ( 'NONE',  ( 2.564929640599984406, 8.099000000000000199, -0.4519849819648516509 ) ) ;
#3141 = VERTEX_POINT ( 'NONE', #946 ) ;
#3142 = CARTESIAN_POINT ( 'NONE',  ( 3.316377512042953057, 8.099000000000001975, -2.089359366741358137 ) ) ;
#3143 = EDGE_CURVE ( 'NONE', #2969, #2811, #2929, .T. ) ;
#3144 = DIRECTION ( 'NONE',  ( 0.5282357734468456911, 0.0000000000000000000, 0.8490977373960036934 ) ) ;
#3145 = CARTESIAN_POINT ( 'NONE',  ( 2.546520304723548289, 8.098999999999998423, -0.9816470518819286895 ) ) ;
#3146 = CARTESIAN_POINT ( 'NONE',  ( 2.570110216410145032, 8.099000000000005528, -1.041551916952510926 ) ) ;
#3147 = AXIS2_PLACEMENT_3D ( 'NONE', #1306, #1298, #2282 ) ;
#3148 = ADVANCED_FACE ( 'NONE', ( #2266 ), #48, .F. ) ;
#3149 = CARTESIAN_POINT ( 'NONE',  ( 4.821239622033232308, 8.099999999999999645, -1.063314617102002479 ) ) ;
#3150 = CARTESIAN_POINT ( 'NONE',  ( 4.821239622033232308, 8.099499999999999034, -1.403158367102002479 ) ) ;
#3151 = FACE_OUTER_BOUND ( 'NONE', #168, .T. ) ;
#3152 = VECTOR ( 'NONE', #449, 1000.000000000000000 ) ;
#3153 = CARTESIAN_POINT ( 'NONE',  ( 4.437813479715853049, 8.099000000000001975, 0.6159613282912047572 ) ) ;
#3154 = VECTOR ( 'NONE', #3001, 1000.000000000000000 ) ;
#3155 = CARTESIAN_POINT ( 'NONE',  ( 2.869166698700244655, 8.099999999999996092, 2.945973522601802674 ) ) ;
#3156 = CARTESIAN_POINT ( 'NONE',  ( 5.454741460268525799, 8.099000000000000199, -0.6221381465137671984 ) ) ;
#3157 = ORIENTED_EDGE ( 'NONE', *, *, #1062, .F. ) ;
#3158 = LINE ( 'NONE', #2657, #1316 ) ;
#3159 = VERTEX_POINT ( 'NONE', #2203 ) ;
#3160 = CARTESIAN_POINT ( 'NONE',  ( 5.527121974974406271, 8.099500000000166011, -2.162809102396119787 ) ) ;
#3161 = VECTOR ( 'NONE', #2278, 1000.000000000000000 ) ;
#3162 = DIRECTION ( 'NONE',  ( -0.0000000000000000000, -1.000000000000000000, -0.0000000000000000000 ) ) ;
#3163 = ORIENTED_EDGE ( 'NONE', *, *, #2658, .T. ) ;
#3164 = EDGE_CURVE ( 'NONE', #2354, #3080, #2086, .T. ) ;
#3165 = CARTESIAN_POINT ( 'NONE',  ( 5.517262668975861928, 8.099999999999994316, -0.9830835617457653886 ) ) ;
#3166 = CARTESIAN_POINT ( 'NONE',  ( 4.512416092621466923, 8.099999999999999645, 8.200000000000001066 ) ) ;
#3167 = ADVANCED_FACE ( 'NONE', ( #2692 ), #1217, .T. ) ;
#3168 = ORIENTED_EDGE ( 'NONE', *, *, #2194, .T. ) ;
#3169 = CARTESIAN_POINT ( 'NONE',  ( -1.063790309233245246, 8.099499999999997257, -1.115176899705278002 ) ) ;
#3170 = DIRECTION ( 'NONE',  ( -1.000000000000000000, 0.0000000000000000000, -0.0000000000000000000 ) ) ;
#3171 = SHAPE_DEFINITION_REPRESENTATION ( #794, #2894 ) ;
#3172 = ORIENTED_EDGE ( 'NONE', *, *, #720, .T. ) ;
#3173 = CARTESIAN_POINT ( 'NONE',  ( 2.527294357608363740, 8.099000000000001975, -0.6715158441237943920 ) ) ;
#3174 = VECTOR ( 'NONE', #1851, 1000.000000000000000 ) ;
#3175 = PRESENTATION_LAYER_ASSIGNMENT (  '', '', ( #78 ) ) ;
#3176 = ORIENTED_EDGE ( 'NONE', *, *, #2123, .T. ) ;
#3177 = CARTESIAN_POINT ( 'NONE',  ( 4.512416092621466923, 8.099000000000000199, -1.063314617102002702 ) ) ;
#3178 = CARTESIAN_POINT ( 'NONE',  ( 2.527121974974408047, 8.099500000000119826, -3.017588514160825852 ) ) ;
#3179 = EDGE_CURVE ( 'NONE', #158, #769, #1600, .T. ) ;
#3180 = ORIENTED_EDGE ( 'NONE', *, *, #976, .F. ) ;
#3181 = SURFACE_SIDE_STYLE ('',( #1748 ) ) ;
#3182 = CARTESIAN_POINT ( 'NONE',  ( 4.653041092621467811, 8.099500000000000810, 0.6572736181921154941 ) ) ;
#3183 = VERTEX_POINT ( 'NONE', #991 ) ;
#3184 = DIRECTION ( 'NONE',  ( -1.000000000000000000, 0.0000000000000000000, 0.0000000000000000000 ) ) ;
#3185 = AXIS2_PLACEMENT_3D ( 'NONE', #1764, #2767, #2520 ) ;
#3186 = CARTESIAN_POINT ( 'NONE',  ( 5.387900587810134923, 8.098999999999998423, -3.842363265713347076 ) ) ;
#3187 = CARTESIAN_POINT ( 'NONE',  ( 2.542678347864039345, 8.099999999999997868, 1.052126367889370417 ) ) ;
#3188 = CARTESIAN_POINT ( 'NONE',  ( 2.527078872098694973, 8.099000000000298627, -3.003571512547285494 ) ) ;
#3189 = CARTESIAN_POINT ( 'NONE',  ( 5.362359748237385482, 8.099000000000000199, -2.078495239554033702 ) ) ;
#3190 = DIRECTION ( 'NONE',  ( 0.0000000000000000000, 0.0000000000000000000, 1.000000000000000000 ) ) ;
#3191 = ADVANCED_FACE ( 'NONE', ( #408 ), #2257, .F. ) ;
#3192 = LINE ( 'NONE', #984, #2951 ) ;
#3193 = CARTESIAN_POINT ( 'NONE',  ( 4.797950715771255759, 8.099000000000000199, -1.456651981697282050 ) ) ;
#3194 = CARTESIAN_POINT ( 'NONE',  ( 2.527640538452372354, 8.099999999999999645, 1.122103743836776024 ) ) ;
#3195 = FACE_OUTER_BOUND ( 'NONE', #608, .T. ) ;
#3196 = CARTESIAN_POINT ( 'NONE',  ( 3.015862783797936597, 8.099999999999999645, -2.144196970043178663 ) ) ;
#3197 = ORIENTED_EDGE ( 'NONE', *, *, #1424, .F. ) ;
#3198 = CARTESIAN_POINT ( 'NONE',  ( 2.586438060217869594, 8.099000000000001975, -1.060381676289658293 ) ) ;
#3199 = CARTESIAN_POINT ( 'NONE',  ( 5.525889235651956888, 8.099999999999999645, -2.146651453493212180 ) ) ;
#3200 = ORIENTED_EDGE ( 'NONE', *, *, #1813, .F. ) ;
#3201 = PRESENTATION_LAYER_ASSIGNMENT (  '', '', ( #687 ) ) ;
#3202 = CARTESIAN_POINT ( 'NONE',  ( 5.501051929283685027, 8.099000000000316390, 2.595857421757130190 ) ) ;
#3203 = CARTESIAN_POINT ( 'NONE',  ( -3.305447789548204174, 8.099999999999999645, -0.8183461910438468712 ) ) ;
#3204 = ORIENTED_EDGE ( 'NONE', *, *, #750, .T. ) ;
#3205 = CARTESIAN_POINT ( 'NONE',  ( 5.492742851701676088, 8.099000000000000199, -3.817856300661557789 ) ) ;
#3206 = EDGE_CURVE ( 'NONE', #1366, #2230, #2098, .T. ) ;
#3207 = VERTEX_POINT ( 'NONE', #2771 ) ;
#3208 = CARTESIAN_POINT ( 'NONE',  ( 0.5665766199005988213, 8.099000000000000199, -1.873356820965127012 ) ) ;
#3209 = CARTESIAN_POINT ( 'NONE',  ( 5.526018709164537412, 8.099000000000017963, -3.774597961316592087 ) ) ;
#3210 = VECTOR ( 'NONE', #2387, 1000.000000000000000 ) ;
#3211 = ADVANCED_FACE ( 'NONE', ( #2739 ), #2265, .T. ) ;
#3212 = VERTEX_POINT ( 'NONE', #745 ) ;
#3213 = CARTESIAN_POINT ( 'NONE',  ( 5.227264275142110783, 8.099000000000001975, -2.126667136036297645 ) ) ;
#3214 = AXIS2_PLACEMENT_3D ( 'NONE', #1287, #2519, #2779 ) ;
#3215 = CARTESIAN_POINT ( 'NONE',  ( 7.700000000000002842, 8.099999999999999645, 8.200000000000001066 ) ) ;
#3216 = ORIENTED_EDGE ( 'NONE', *, *, #398, .F. ) ;
#3217 = DIRECTION ( 'NONE',  ( -4.073019528368149171E-33, 1.000000000000000000, 0.0000000000000000000 ) ) ;
#3218 = ORIENTED_EDGE ( 'NONE', *, *, #2259, .T. ) ;
#3219 = DIRECTION ( 'NONE',  ( 0.0000000000000000000, 3.930173276491439033E-13, 1.000000000000000000 ) ) ;
#3220 = CARTESIAN_POINT ( 'NONE',  ( 2.529904389740619486, 8.099999999999997868, -0.6103212975492867676 ) ) ;
#3221 = CARTESIAN_POINT ( 'NONE',  ( 5.523295018003805623, 8.099000000000000199, -0.9437940167502082423 ) ) ;
#3222 = DIRECTION ( 'NONE',  ( 0.0000000000000000000, -1.000000000000000000, 0.0000000000000000000 ) ) ;
#3223 = CARTESIAN_POINT ( 'NONE',  ( 0.3799915805305330574, 8.100000000000001421, 2.304560501869515221 ) ) ;
#3224 = EDGE_CURVE ( 'NONE', #1288, #1168, #57, .T. ) ;
#3225 = ADVANCED_FACE ( 'NONE', ( #1013 ), #3239, .T. ) ;
#3226 = CARTESIAN_POINT ( 'NONE',  ( -2.410638734430110119, 8.099000000000000199, -1.557792647736772729 ) ) ;
#3227 = B_SPLINE_CURVE_WITH_KNOTS ( 'NONE', 3,
 ( #2756, #2742, #481, #1773, #2240, #748, #2777, #1021, #2008, #2231, #3024 ),
 .UNSPECIFIED., .F., .F.,
 ( 4, 1, 1, 1, 1, 1, 1, 1, 4 ),
 ( 0.0000000000000000000, 4.001823263702279334E-05, 7.599729343708349434E-05, 0.0001093686067913406308, 0.0001422586987806182001, 0.0001740599961211754352, 0.0002052569381896426068, 0.0002375556830022108575, 0.0002718899969209021515 ),
 .UNSPECIFIED. ) ;
#3228 = CARTESIAN_POINT ( 'NONE',  ( 5.509294117060668405, 8.099000000000000199, -0.6679017776763627179 ) ) ;
#3229 = CARTESIAN_POINT ( 'NONE',  ( -5.913434642006757613, 8.099000000000000199, 6.795352941474994246 ) ) ;
#3230 = CARTESIAN_POINT ( 'NONE',  ( -1.063790309233245246, 8.099000000000000199, -1.115176899705278002 ) ) ;
#3231 = PRESENTATION_LAYER_ASSIGNMENT (  '', '', ( #3000 ) ) ;
#3232 = VECTOR ( 'NONE', #850, 1000.000000000000000 ) ;
#3233 =( NAMED_UNIT ( * ) PLANE_ANGLE_UNIT ( ) SI_UNIT ( $, .RADIAN. ) );
#3234 =( LENGTH_UNIT ( ) NAMED_UNIT ( * ) SI_UNIT ( .MILLI., .METRE. ) );
#3235 = UNCERTAINTY_MEASURE_WITH_UNIT (LENGTH_MEASURE( 1.000000000000000082E-05 ), #301, 'distance_accuracy_value', 'NONE');
#3236 = CARTESIAN_POINT ( 'NONE',  ( 3.799999999999998934, -0.1000000000000000056, 6.250000000000000888 ) ) ;
#3237 = ORIENTED_EDGE ( 'NONE', *, *, #2461, .T. ) ;
#3238 = EDGE_CURVE ( 'NONE', #2812, #1947, #320, .T. ) ;
#3239 = PLANE ( 'NONE',  #305 ) ;
#3240 = CARTESIAN_POINT ( 'NONE',  ( 4.697978137523155517, 8.099999999999997868, 0.6567529280937444147 ) ) ;
#3241 = ORIENTED_EDGE ( 'NONE', *, *, #568, .F. ) ;
#3242 = ADVANCED_FACE ( 'NONE', ( #567 ), #118, .T. ) ;
#3243 = CARTESIAN_POINT ( 'NONE',  ( 2.527121974974408047, 8.099500000000119826, -3.017588514160825852 ) ) ;
#3244 = DIRECTION ( 'NONE',  ( 0.0000000000000000000, -1.000000000000000000, -0.0000000000000000000 ) ) ;
#3245 = ORIENTED_EDGE ( 'NONE', *, *, #1729, .T. ) ;
#3246 = SURFACE_SIDE_STYLE ('',( #2769 ) ) ;
#3247 = CARTESIAN_POINT ( 'NONE',  ( -3.305447789548204174, 8.099000000000000199, -0.8183461910438468712 ) ) ;
#3248 = VECTOR ( 'NONE', #1200, 1000.000000000000000 ) ;
#3249 = VERTEX_POINT ( 'NONE', #289 ) ;
#3250 = CARTESIAN_POINT ( 'NONE',  ( 5.527121974974408047, 8.100000000000003197, -3.757937778866709433 ) ) ;
#3251 = SURFACE_STYLE_FILL_AREA ( #1805 ) ;
#3252 = CARTESIAN_POINT ( 'NONE',  ( 2.527121974974407603, 8.099000000000000199, 2.905894941721526958 ) ) ;
#3253 = B_SPLINE_CURVE_WITH_KNOTS ( 'NONE', 3,
 ( #1909, #119, #1426, #2407, #917, #899, #2912, #413, #3153, #2902, #400 ),
 .UNSPECIFIED., .F., .F.,
 ( 4, 1, 1, 1, 1, 1, 1, 1, 4 ),
 ( 0.0000000000000000000, 3.931629717596081530E-05, 7.520479318399537962E-05, 0.0001071157085568723619, 0.0001364806967541652629, 0.0001646216009402914741, 0.0001925504380184556445, 0.0002209269758980432084, 0.0002523875735566565091 ),
 .UNSPECIFIED. ) ;
#3254 = CARTESIAN_POINT ( 'NONE',  ( 5.523325773407519179, 8.099999999999992539, -0.7361262470247282863 ) ) ;
#3255 = VERTEX_POINT ( 'NONE', #1065 ) ;
#3256 = CARTESIAN_POINT ( 'NONE',  ( 5.227458881647438993, 8.099999999999996092, -3.795410855370171532 ) ) ;
#3257 = DIRECTION ( 'NONE',  ( -1.057758217059028854E-16, 0.0000000000000000000, -1.000000000000000000 ) ) ;
#3258 = CARTESIAN_POINT ( 'NONE',  ( 4.666827857327348283, 8.099499999999999034, -1.491393661219649447 ) ) ;
#3259 = ORIENTED_EDGE ( 'NONE', *, *, #1019, .T. ) ;
#3260 = CARTESIAN_POINT ( 'NONE',  ( 1.418470714388810006, 8.099999999999999645, 1.256952234152984182 ) ) ;
#3261 = CARTESIAN_POINT ( 'NONE',  ( -7.700000000000000178, 0.0000000000000000000, 8.200000000000001066 ) ) ;
#3262 = CARTESIAN_POINT ( 'NONE',  ( 0.7508659899793622694, 8.099999999999999645, -0.4617611516737861743 ) ) ;
#3263 = CARTESIAN_POINT ( 'NONE',  ( 4.513281650943667067, 8.099000000000001975, -1.422054983032026154 ) ) ;
#3264 = CARTESIAN_POINT ( 'NONE',  ( 5.460577331757827224, 8.098999999999998423, -0.6223969411508578631 ) ) ;
#3265 = CARTESIAN_POINT ( 'NONE',  ( 5.218949112569363002, 8.099999999999990763, -3.766498627886657680 ) ) ;
#3266 = EDGE_CURVE ( 'NONE', #531, #3183, #293, .T. ) ;
#3267 = CARTESIAN_POINT ( 'NONE',  ( -1.470371411595450262, 8.099000000000000199, -0.5909946162407192505 ) ) ;
#3268 = CARTESIAN_POINT ( 'NONE',  ( 2.656062583936775745, 8.099999999999994316, 1.010375499619985629 ) ) ;
#3269 = CARTESIAN_POINT ( 'NONE',  ( 5.218298445562640886, 8.099500000000006139, -3.760695131807885616 ) ) ;
#3270 = EDGE_CURVE ( 'NONE', #723, #2928, #2179, .T. ) ;
#3271 = B_SPLINE_CURVE_WITH_KNOTS ( 'NONE', 3,
 ( #1095, #1054, #863, #2400, #2092, #2130, #353, #1641, #1383, #121, #99 ),
 .UNSPECIFIED., .F., .F.,
 ( 4, 1, 1, 1, 1, 1, 1, 1, 4 ),
 ( 0.0000000000000000000, 5.794529972327486028E-05, 0.0001056545080674668025, 0.0001440885968278592219, 0.0001748757485843114093, 0.0001977065491389014458, 0.0002162625825653451367, 0.0002316831681224811848, 0.0002490475965299128848 ),
 .UNSPECIFIED. ) ;
#3272 = DIRECTION ( 'NONE',  ( 0.0000000000000000000, 1.000000000000000000, 0.0000000000000000000 ) ) ;
#3273 = DIRECTION ( 'NONE',  ( 0.0000000000000000000, -0.0000000000000000000, 1.000000000000000000 ) ) ;
#3274 = EDGE_CURVE ( 'NONE', #3212, #3118, #2302, .T. ) ;
#3275 = VECTOR ( 'NONE', #114, 1000.000000000000000 ) ;
#3276 = ORIENTED_EDGE ( 'NONE', *, *, #2328, .T. ) ;
#3277 = CARTESIAN_POINT ( 'NONE',  ( 5.409934474974407159, 8.099000000000000199, 2.597760750545056840 ) ) ;
#3278 = VECTOR ( 'NONE', #3273, 1000.000000000000000 ) ;
#3279 = CARTESIAN_POINT ( 'NONE',  ( 2.532650878307209030, 8.099999999999997868, 1.075761104681659974 ) ) ;
#3280 = DIRECTION ( 'NONE',  ( 1.000000000000000000, 0.0000000000000000000, -0.0000000000000000000 ) ) ;
#3281 = VERTEX_POINT ( 'NONE', #3037 ) ;
ENDSEC;
END-ISO-10303-21;
