ISO-10303-21;
HEADER;
FILE_DESCRIPTION (( 'STEP AP214' ),
    '1' );
FILE_NAME ('NVMFS5C645NLAFT1G.STEP',
    '2025-02-18T11:18:13',
    ( '' ),
    ( '' ),
    'SwSTEP 2.0',
    'SolidWorks 2020',
    '' );
FILE_SCHEMA (( 'AUTOMOTIVE_DESIGN' ));
ENDSEC;

DATA;
#1 = AXIS2_PLACEMENT_3D ( 'NONE', #3051, #1195, #2161 ) ;
#2 = CIRCLE ( 'NONE', #2846, 0.03499999999999987843 ) ;
#3 = ORIENTED_EDGE ( 'NONE', *, *, #3758, .T. ) ;
#4 = DIRECTION ( 'NONE',  ( 0.000000000000000000, 0.000000000000000000, 1.000000000000000000 ) ) ;
#5 = CARTESIAN_POINT ( 'NONE',  ( 2.446846872942029627, -2.912038606604139712, -0.1900000000000000022 ) ) ;
#6 = AXIS2_PLACEMENT_3D ( 'NONE', #2842, #1314, #3793 ) ;
#7 = COLOUR_RGB ( '',0.2000000000000000111, 0.2000000000000000111, 0.2000000000000000111 ) ;
#8 = CARTESIAN_POINT ( 'NONE',  ( -0.6350000000000000089, 1.149999999999999911, -0.5000000000000000000 ) ) ;
#9 = DIRECTION ( 'NONE',  ( -0.000000000000000000, 1.000000000000000000, 0.000000000000000000 ) ) ;
#10 = ORIENTED_EDGE ( 'NONE', *, *, #96, .F. ) ;
#11 = DIRECTION ( 'NONE',  ( -1.239088197126295087E-14, 1.000000000000000000, 0.000000000000000000 ) ) ;
#12 = DIRECTION ( 'NONE',  ( 1.000000000000000000, 0.000000000000000000, 0.000000000000000000 ) ) ;
#13 = CARTESIAN_POINT ( 'NONE',  ( 1.674682176580450044, 2.500000000000000000, -0.5000000000000000000 ) ) ;
#14 = VECTOR ( 'NONE', #2285, 1000.000000000000000 ) ;
#15 =( LENGTH_UNIT ( ) NAMED_UNIT ( * ) SI_UNIT ( .MILLI., .METRE. ) );
#16 = EDGE_CURVE ( 'NONE', #2100, #2457, #3910, .T. ) ;
#17 = VERTEX_POINT ( 'NONE', #3971 ) ;
#18 = DIRECTION ( 'NONE',  ( 0.000000000000000000, -1.000000000000000000, 0.000000000000000000 ) ) ;
#19 = CYLINDRICAL_SURFACE ( 'NONE', #1851, 0.03499999999999998251 ) ;
#20 = STYLED_ITEM ( 'NONE', ( #2983 ), #2759 ) ;
#21 = DIRECTION ( 'NONE',  ( -1.000000000000000000, 0.000000000000000000, 0.000000000000000000 ) ) ;
#22 = DIRECTION ( 'NONE',  ( 0.000000000000000000, 0.000000000000000000, 1.000000000000000000 ) ) ;
#23 = EDGE_CURVE ( 'NONE', #2797, #1224, #2577, .T. ) ;
#24 = FILL_AREA_STYLE ('',( #1525 ) ) ;
#25 = VECTOR ( 'NONE', #129, 1000.000000000000000 ) ;
#26 = CARTESIAN_POINT ( 'NONE',  ( -1.674682176580450044, 2.500000000000000000, -0.5000000000000000000 ) ) ;
#27 = ORIENTED_EDGE ( 'NONE', *, *, #213, .T. ) ;
#28 = ADVANCED_FACE ( 'NONE', ( #1128 ), #2684, .F. ) ;
#29 = FACE_OUTER_BOUND ( 'NONE', #128, .T. ) ;
#30 = VECTOR ( 'NONE', #1960, 1000.000000000000000 ) ;
#31 = CARTESIAN_POINT ( 'NONE',  ( -2.419999999999999929, -2.939999999999999947, -0.4699999999999999734 ) ) ;
#32 = ORIENTED_EDGE ( 'NONE', *, *, #3028, .F. ) ;
#33 = SURFACE_SIDE_STYLE ('',( #1246 ) ) ;
#34 = FACE_OUTER_BOUND ( 'NONE', #3132, .T. ) ;
#35 = LINE ( 'NONE', #3616, #601 ) ;
#36 = ORIENTED_EDGE ( 'NONE', *, *, #2112, .F. ) ;
#37 = VECTOR ( 'NONE', #2004, 1000.000000000000000 ) ;
#38 = DIRECTION ( 'NONE',  ( 0.000000000000000000, 0.000000000000000000, 1.000000000000000000 ) ) ;
#39 =( NAMED_UNIT ( * ) PLANE_ANGLE_UNIT ( ) SI_UNIT ( $, .RADIAN. ) );
#40 = LINE ( 'NONE', #686, #1663 ) ;
#41 = FILL_AREA_STYLE_COLOUR ( '', #1759 ) ;
#42 = CARTESIAN_POINT ( 'NONE',  ( -2.109999999999999876, 3.075000000000000178, -0.5000000000000000000 ) ) ;
#43 = ADVANCED_FACE ( 'NONE', ( #3999 ), #2370, .T. ) ;
#44 = PLANE ( 'NONE',  #1131 ) ;
#45 = CARTESIAN_POINT ( 'NONE',  ( -1.674682176580450044, 2.934361085619389797, -0.5000000000000000000 ) ) ;
#46 = EDGE_LOOP ( 'NONE', ( #2226, #2753 ) ) ;
#47 = ORIENTED_EDGE ( 'NONE', *, *, #341, .T. ) ;
#48 = ADVANCED_FACE ( 'NONE', ( #471 ), #2637, .F. ) ;
#49 = LINE ( 'NONE', #1309, #1658 ) ;
#50 = ORIENTED_EDGE ( 'NONE', *, *, #1209, .F. ) ;
#51 = EDGE_CURVE ( 'NONE', #2331, #3152, #3636, .T. ) ;
#52 = EDGE_CURVE ( 'NONE', #892, #4056, #1042, .T. ) ;
#53 = LINE ( 'NONE', #3643, #2092 ) ;
#54 = CARTESIAN_POINT ( 'NONE',  ( -2.429269594412790223, 0.2200000000000000011, -0.4699999999999999734 ) ) ;
#55 = DIRECTION ( 'NONE',  ( 0.000000000000000000, -1.000000000000000000, 0.000000000000000000 ) ) ;
#56 = ADVANCED_FACE ( 'NONE', ( #1413 ), #3656, .F. ) ;
#57 = EDGE_LOOP ( 'NONE', ( #555, #3884, #3993, #2277 ) ) ;
#58 = ORIENTED_EDGE ( 'NONE', *, *, #1724, .T. ) ;
#59 = DIRECTION ( 'NONE',  ( -1.000000000000000000, 0.000000000000000000, 0.000000000000000000 ) ) ;
#60 = LINE ( 'NONE', #1282, #1527 ) ;
#61 = CARTESIAN_POINT ( 'NONE',  ( -2.135317823419550010, 2.934361085619389797, -0.5000000000000000000 ) ) ;
#62 = LINE ( 'NONE', #291, #3405 ) ;
#63 = SURFACE_SIDE_STYLE ('',( #2902 ) ) ;
#64 = PLANE ( 'NONE',  #819 ) ;
#65 = CARTESIAN_POINT ( 'NONE',  ( 1.590000000000000080, -2.936507972946180267, -0.4699999999999999734 ) ) ;
#66 = ORIENTED_EDGE ( 'NONE', *, *, #3647, .T. ) ;
#67 = ORIENTED_EDGE ( 'NONE', *, *, #3458, .T. ) ;
#68 = VECTOR ( 'NONE', #2847, 1000.000000000000000 ) ;
#69 = PLANE ( 'NONE',  #1210 ) ;
#70 = LINE ( 'NONE', #1416, #3742 ) ;
#71 = DIRECTION ( 'NONE',  ( 0.9945218953682735119, 0.000000000000000000, 0.1045284632676530545 ) ) ;
#72 = ORIENTED_EDGE ( 'NONE', *, *, #3924, .F. ) ;
#73 = DIRECTION ( 'NONE',  ( 0.000000000000000000, -1.000000000000000000, 0.000000000000000000 ) ) ;
#74 = PRESENTATION_STYLE_ASSIGNMENT (( #1401 ) ) ;
#75 = AXIS2_PLACEMENT_3D ( 'NONE', #126, #3640, #2055 ) ;
#76 =( GEOMETRIC_REPRESENTATION_CONTEXT ( 3 ) GLOBAL_UNCERTAINTY_ASSIGNED_CONTEXT ( ( #2705 ) ) GLOBAL_UNIT_ASSIGNED_CONTEXT ( ( #2520, #39, #1609 ) ) REPRESENTATION_CONTEXT ( 'NONE', 'WORKASPACE' ) );
#77 = EDGE_CURVE ( 'NONE', #600, #1750, #2598, .T. ) ;
#78 = ORIENTED_EDGE ( 'NONE', *, *, #425, .F. ) ;
#79 = ORIENTED_EDGE ( 'NONE', *, *, #288, .F. ) ;
#80 = STYLED_ITEM ( 'NONE', ( #2590 ), #2892 ) ;
#81 = LINE ( 'NONE', #3797, #68 ) ;
#82 = SURFACE_STYLE_FILL_AREA ( #2565 ) ;
#83 = AXIS2_PLACEMENT_3D ( 'NONE', #112, #2325, #1063 ) ;
#84 =( LENGTH_UNIT ( ) NAMED_UNIT ( * ) SI_UNIT ( .MILLI., .METRE. ) );
#85 = ORIENTED_EDGE ( 'NONE', *, *, #2289, .T. ) ;
#86 = FACE_OUTER_BOUND ( 'NONE', #1257, .T. ) ;
#87 = ORIENTED_EDGE ( 'NONE', *, *, #576, .F. ) ;
#88 = CIRCLE ( 'NONE', #1279, 0.03499999999999999639 ) ;
#89 = CARTESIAN_POINT ( 'NONE',  ( -2.000000000000000000, -2.936507972946180267, -0.5000000000000000000 ) ) ;
#90 = ORIENTED_EDGE ( 'NONE', *, *, #509, .T. ) ;
#91 = EDGE_LOOP ( 'NONE', ( #3670, #2372, #1802, #607, #299, #3652 ) ) ;
#92 =( GEOMETRIC_REPRESENTATION_CONTEXT ( 3 ) GLOBAL_UNCERTAINTY_ASSIGNED_CONTEXT ( ( #1180 ) ) GLOBAL_UNIT_ASSIGNED_CONTEXT ( ( #2651, #2337, #1366 ) ) REPRESENTATION_CONTEXT ( 'NONE', 'WORKASPACE' ) );
#93 = CARTESIAN_POINT ( 'NONE',  ( -0.6350000000000000089, 2.500000000000000000, -0.5000000000000000000 ) ) ;
#94 = LINE ( 'NONE', #1111, #2323 ) ;
#95 = VERTEX_POINT ( 'NONE', #110 ) ;
#96 = EDGE_CURVE ( 'NONE', #2457, #848, #772, .T. ) ;
#97 = LINE ( 'NONE', #439, #274 ) ;
#98 = VERTEX_POINT ( 'NONE', #747 ) ;
#99 = ORIENTED_EDGE ( 'NONE', *, *, #3745, .T. ) ;
#100 = SURFACE_STYLE_FILL_AREA ( #1997 ) ;
#101 = ADVANCED_FACE ( 'NONE', ( #1721 ), #3900, .T. ) ;
#102 = CARTESIAN_POINT ( 'NONE',  ( 2.419999999999999929, -2.939999999999999947, -0.4699999999999999734 ) ) ;
#103 = LINE ( 'NONE', #3976, #1150 ) ;
#104 = CARTESIAN_POINT ( 'NONE',  ( -2.100000000000000089, -2.137027193381950241, -0.4699999999999999734 ) ) ;
#105 = ORIENTED_EDGE ( 'NONE', *, *, #2093, .F. ) ;
#106 = ORIENTED_EDGE ( 'NONE', *, *, #1443, .F. ) ;
#107 = VECTOR ( 'NONE', #3878, 1000.000000000000000 ) ;
#108 = EDGE_CURVE ( 'NONE', #2001, #1618, #3318, .T. ) ;
#109 = DIRECTION ( 'NONE',  ( -9.984339835042528750E-16, 1.000000000000000000, 0.000000000000000000 ) ) ;
#110 = CARTESIAN_POINT ( 'NONE',  ( -2.000000000000000000, 1.149999999999999911, -0.5000000000000000000 ) ) ;
#111 = LINE ( 'NONE', #2110, #540 ) ;
#112 = CARTESIAN_POINT ( 'NONE',  ( -2.034999999999999698, -2.936507972946180267, -0.5000000000000000000 ) ) ;
#113 = LINE ( 'NONE', #1707, #1795 ) ;
#114 = ORIENTED_EDGE ( 'NONE', *, *, #645, .T. ) ;
#115 = DIRECTION ( 'NONE',  ( 1.000000000000000000, 0.000000000000000000, 0.000000000000000000 ) ) ;
#116 = PLANE ( 'NONE',  #414 ) ;
#117 = ORIENTED_EDGE ( 'NONE', *, *, #693, .F. ) ;
#118 = ORIENTED_EDGE ( 'NONE', *, *, #2254, .T. ) ;
#119 = LINE ( 'NONE', #2045, #1255 ) ;
#120 = DIRECTION ( 'NONE',  ( 0.000000000000000000, 0.000000000000000000, 1.000000000000000000 ) ) ;
#121 = ORIENTED_EDGE ( 'NONE', *, *, #966, .T. ) ;
#122 = ORIENTED_EDGE ( 'NONE', *, *, #2237, .F. ) ;
#123 = DIRECTION ( 'NONE',  ( -1.000000000000000000, 0.000000000000000000, 0.000000000000000000 ) ) ;
#124 = CARTESIAN_POINT ( 'NONE',  ( 2.000000000000000000, 1.149999999999999911, -0.5000000000000000000 ) ) ;
#125 = EDGE_CURVE ( 'NONE', #4059, #1912, #2286, .T. ) ;
#126 = CARTESIAN_POINT ( 'NONE',  ( -2.439999999999999947, 0.2449999999999999956, -0.5000000000000000000 ) ) ;
#127 =( LENGTH_UNIT ( ) NAMED_UNIT ( * ) SI_UNIT ( .MILLI., .METRE. ) );
#128 = EDGE_LOOP ( 'NONE', ( #3951, #2607, #3180, #2502 ) ) ;
#129 = DIRECTION ( 'NONE',  ( 0.000000000000000000, 0.000000000000000000, 1.000000000000000000 ) ) ;
#130 = ORIENTED_EDGE ( 'NONE', *, *, #1592, .T. ) ;
#131 =( LENGTH_UNIT ( ) NAMED_UNIT ( * ) SI_UNIT ( .MILLI., .METRE. ) );
#132 = VECTOR ( 'NONE', #3571, 1000.000000000000000 ) ;
#133 = PLANE ( 'NONE',  #1813 ) ;
#134 = CARTESIAN_POINT ( 'NONE',  ( -1.539999999999999813, -2.936507972946180267, -0.4699999999999999734 ) ) ;
#135 = ORIENTED_EDGE ( 'NONE', *, *, #3314, .T. ) ;
#136 = UNCERTAINTY_MEASURE_WITH_UNIT (LENGTH_MEASURE( 1.000000000000000082E-05 ), #2859, 'distance_accuracy_value', 'NONE');
#137 = DIRECTION ( 'NONE',  ( 1.000000000000000000, 0.000000000000000000, 0.000000000000000000 ) ) ;
#138 = CARTESIAN_POINT ( 'NONE',  ( 2.439999999999999947, 0.6550000000000000266, -0.4699999999999999734 ) ) ;
#139 = COLOUR_RGB ( '',0.2000000000000000111, 0.2000000000000000111, 0.2000000000000000111 ) ;
#140 = EDGE_CURVE ( 'NONE', #4026, #376, #3564, .T. ) ;
#141 = ORIENTED_EDGE ( 'NONE', *, *, #1097, .T. ) ;
#142 = STYLED_ITEM ( 'NONE', ( #2855 ), #3225 ) ;
#143 = EDGE_CURVE ( 'NONE', #902, #180, #1087, .T. ) ;
#144 = CARTESIAN_POINT ( 'NONE',  ( 2.034999999999999698, -2.137027193381950241, -0.4699999999999999734 ) ) ;
#145 = VECTOR ( 'NONE', #2554, 1000.000000000000000 ) ;
#146 = EDGE_CURVE ( 'NONE', #235, #2584, #2344, .T. ) ;
#147 = DIRECTION ( 'NONE',  ( 1.606225440719260007E-15, 1.000000000000000000, 0.000000000000000000 ) ) ;
#148 = CARTESIAN_POINT ( 'NONE',  ( -2.419999999999999929, -2.939999999999999947, -0.2390299093405380271 ) ) ;
#149 = VERTEX_POINT ( 'NONE', #1494 ) ;
#150 = ORIENTED_EDGE ( 'NONE', *, *, #140, .T. ) ;
#151 = EDGE_CURVE ( 'NONE', #2054, #4053, #1531, .T. ) ;
#152 = DIRECTION ( 'NONE',  ( 0.000000000000000000, 0.000000000000000000, 1.000000000000000000 ) ) ;
#153 = LINE ( 'NONE', #172, #2275 ) ;
#154 = DIRECTION ( 'NONE',  ( 1.000000000000000000, 0.000000000000000000, 0.000000000000000000 ) ) ;
#155 = VECTOR ( 'NONE', #3379, 1000.000000000000000 ) ;
#156 = DIRECTION ( 'NONE',  ( 0.000000000000000000, 0.000000000000000000, -1.000000000000000000 ) ) ;
#157 = ORIENTED_EDGE ( 'NONE', *, *, #1669, .F. ) ;
#158 = FACE_OUTER_BOUND ( 'NONE', #2955, .T. ) ;
#159 = VECTOR ( 'NONE', #395, 1000.000000000000000 ) ;
#160 = CARTESIAN_POINT ( 'NONE',  ( -2.000000000000000000, -2.949999999999999734, -0.5000000000000000000 ) ) ;
#161 = ORIENTED_EDGE ( 'NONE', *, *, #1393, .T. ) ;
#162 = SURFACE_SIDE_STYLE ('',( #1436 ) ) ;
#163 = CARTESIAN_POINT ( 'NONE',  ( -2.000000000000000000, 0.6800000000000000488, -0.5000000000000000000 ) ) ;
#164 = CARTESIAN_POINT ( 'NONE',  ( 2.446846872942035400, -2.932474686002150666, -0.1900000000000000300 ) ) ;
#165 = EDGE_CURVE ( 'NONE', #870, #2920, #3678, .T. ) ;
#166 = ORIENTED_EDGE ( 'NONE', *, *, #151, .T. ) ;
#167 = EDGE_CURVE ( 'NONE', #2644, #2833, #1352, .T. ) ;
#168 = ORIENTED_EDGE ( 'NONE', *, *, #3452, .F. ) ;
#169 = DIRECTION ( 'NONE',  ( 1.000000000000000000, 0.000000000000000000, 0.000000000000000000 ) ) ;
#170 = LINE ( 'NONE', #488, #3331 ) ;
#171 = FACE_OUTER_BOUND ( 'NONE', #3645, .T. ) ;
#172 = CARTESIAN_POINT ( 'NONE',  ( 2.339516684270820157, 2.877619075396179671, 0.4686584962143680588 ) ) ;
#173 = CARTESIAN_POINT ( 'NONE',  ( 1.554999999999999938, -2.936507972946180267, -0.5000000000000000000 ) ) ;
#174 = ORIENTED_EDGE ( 'NONE', *, *, #2712, .F. ) ;
#175 = ORIENTED_EDGE ( 'NONE', *, *, #1958, .T. ) ;
#176 = CARTESIAN_POINT ( 'NONE',  ( -0.4046821765804490267, 2.934361085619389797, -0.4699999999999999734 ) ) ;
#177 = DIRECTION ( 'NONE',  ( 0.000000000000000000, -1.000000000000000000, 0.000000000000000000 ) ) ;
#178 = ORIENTED_EDGE ( 'NONE', *, *, #448, .F. ) ;
#179 = PRESENTATION_STYLE_ASSIGNMENT (( #1769 ) ) ;
#180 = VERTEX_POINT ( 'NONE', #996 ) ;
#181 = CARTESIAN_POINT ( 'NONE',  ( 0.4046821765804490267, 2.500000000000000000, -0.5000000000000000000 ) ) ;
#182 = EDGE_CURVE ( 'NONE', #257, #1292, #1685, .T. ) ;
#183 = VERTEX_POINT ( 'NONE', #2262 ) ;
#184 = FILL_AREA_STYLE ('',( #211 ) ) ;
#185 = CARTESIAN_POINT ( 'NONE',  ( 0.8400000000000000799, 2.934361085619389797, -0.5000000000000000000 ) ) ;
#186 = EDGE_CURVE ( 'NONE', #3389, #2812, #3542, .T. ) ;
#187 = FACE_OUTER_BOUND ( 'NONE', #1196, .T. ) ;
#188 = AXIS2_PLACEMENT_3D ( 'NONE', #2516, #681, #951 ) ;
#189 = CARTESIAN_POINT ( 'NONE',  ( -1.699999999999999956, 2.934361085619389797, -0.5000000000000000000 ) ) ;
#190 = ORIENTED_EDGE ( 'NONE', *, *, #849, .T. ) ;
#191 = SURFACE_SIDE_STYLE ('',( #2738 ) ) ;
#192 = VERTEX_POINT ( 'NONE', #3217 ) ;
#193 = VECTOR ( 'NONE', #177, 1000.000000000000000 ) ;
#194 = CARTESIAN_POINT ( 'NONE',  ( -2.135317823419550010, 2.934361085619389797, -0.5000000000000000000 ) ) ;
#195 = DIRECTION ( 'NONE',  ( 1.000000000000000000, 0.000000000000000000, 0.000000000000000000 ) ) ;
#196 = EDGE_CURVE ( 'NONE', #3335, #235, #362, .T. ) ;
#197 = VECTOR ( 'NONE', #3759, 1000.000000000000000 ) ;
#198 = PLANE ( 'NONE',  #2264 ) ;
#199 = VERTEX_POINT ( 'NONE', #3267 ) ;
#200 = CARTESIAN_POINT ( 'NONE',  ( -2.419999999999999929, -2.939999999999999947, -0.1900000000000000022 ) ) ;
#201 = EDGE_CURVE ( 'NONE', #3146, #825, #1683, .T. ) ;
#202 = VECTOR ( 'NONE', #835, 1000.000000000000000 ) ;
#203 = VECTOR ( 'NONE', #2241, 1000.000000000000000 ) ;
#204 = FACE_OUTER_BOUND ( 'NONE', #3334, .T. ) ;
#205 = CARTESIAN_POINT ( 'NONE',  ( -2.000000000000000000, -2.939999999999999947, -0.2200000000000000011 ) ) ;
#206 = UNCERTAINTY_MEASURE_WITH_UNIT (LENGTH_MEASURE( 1.000000000000000082E-05 ), #3719, 'distance_accuracy_value', 'NONE');
#207 = ORIENTED_EDGE ( 'NONE', *, *, #1701, .F. ) ;
#208 = AXIS2_PLACEMENT_3D ( 'NONE', #2650, #3953, #2024 ) ;
#209 = LINE ( 'NONE', #2134, #1347 ) ;
#210 = VERTEX_POINT ( 'NONE', #3563 ) ;
#211 = FILL_AREA_STYLE_COLOUR ( '', #1810 ) ;
#212 =( GEOMETRIC_REPRESENTATION_CONTEXT ( 3 ) GLOBAL_UNCERTAINTY_ASSIGNED_CONTEXT ( ( #3738 ) ) GLOBAL_UNIT_ASSIGNED_CONTEXT ( ( #1422, #1789, #862 ) ) REPRESENTATION_CONTEXT ( 'NONE', 'WORKASPACE' ) );
#213 = EDGE_CURVE ( 'NONE', #3152, #1602, #411, .T. ) ;
#214 =( NAMED_UNIT ( * ) PLANE_ANGLE_UNIT ( ) SI_UNIT ( $, .RADIAN. ) );
#215 = CARTESIAN_POINT ( 'NONE',  ( 2.000000000000000000, -2.137027193381950241, -0.5000000000000000000 ) ) ;
#216 = AXIS2_PLACEMENT_3D ( 'NONE', #1798, #3777, #2757 ) ;
#217 = CARTESIAN_POINT ( 'NONE',  ( 2.000000000000000000, -3.075000000000000178, -0.5000000000000000000 ) ) ;
#218 = CARTESIAN_POINT ( 'NONE',  ( 0.4299999999999999933, 3.075000000000000178, -0.5000000000000000000 ) ) ;
#219 = ORIENTED_EDGE ( 'NONE', *, *, #1485, .F. ) ;
#220 = ORIENTED_EDGE ( 'NONE', *, *, #557, .F. ) ;
#221 = EDGE_CURVE ( 'NONE', #272, #1784, #3317, .T. ) ;
#222 = FACE_OUTER_BOUND ( 'NONE', #46, .T. ) ;
#223 = VERTEX_POINT ( 'NONE', #1411 ) ;
#224 = VERTEX_POINT ( 'NONE', #138 ) ;
#225 = EDGE_CURVE ( 'NONE', #3052, #2668, #1703, .T. ) ;
#226 = VECTOR ( 'NONE', #3210, 1000.000000000000000 ) ;
#227 = ADVANCED_FACE ( 'NONE', ( #450 ), #3938, .T. ) ;
#228 = CARTESIAN_POINT ( 'NONE',  ( 1.699999999999999956, 2.934361085619389797, -0.5000000000000000000 ) ) ;
#229 = EDGE_CURVE ( 'NONE', #3597, #1784, #1472, .T. ) ;
#230 = VECTOR ( 'NONE', #727, 1000.000000000000000 ) ;
#231 = CARTESIAN_POINT ( 'NONE',  ( -2.429269594412790223, 0.2200000000000000011, -0.5000000000000000000 ) ) ;
#232 = ORIENTED_EDGE ( 'NONE', *, *, #645, .F. ) ;
#233 = LINE ( 'NONE', #1175, #3346 ) ;
#234 = PLANE ( 'NONE',  #2033 ) ;
#235 = VERTEX_POINT ( 'NONE', #1782 ) ;
#236 = ORIENTED_EDGE ( 'NONE', *, *, #2681, .F. ) ;
#237 = CARTESIAN_POINT ( 'NONE',  ( -2.000000000000000000, -2.137027193381950241, -0.5000000000000000000 ) ) ;
#238 = EDGE_LOOP ( 'NONE', ( #2124, #1115, #1441, #2863 ) ) ;
#239 = EDGE_CURVE ( 'NONE', #864, #2823, #2382, .T. ) ;
#240 = ADVANCED_FACE ( 'NONE', ( #3654 ), #771, .T. ) ;
#241 = FACE_OUTER_BOUND ( 'NONE', #646, .T. ) ;
#242 = ADVANCED_FACE ( 'NONE', ( #1766 ), #3978, .T. ) ;
#243 = ORIENTED_EDGE ( 'NONE', *, *, #3760, .F. ) ;
#244 = DIRECTION ( 'NONE',  ( 1.000000000000000000, 0.000000000000000000, 0.000000000000000000 ) ) ;
#245 = DIRECTION ( 'NONE',  ( 0.000000000000000000, -1.000000000000000000, 0.000000000000000000 ) ) ;
#246 = CARTESIAN_POINT ( 'NONE',  ( 1.699999999999999956, 2.939999999999999947, -0.2200000000000000011 ) ) ;
#247 = DIRECTION ( 'NONE',  ( 1.606225440719260007E-15, 1.000000000000000000, 0.000000000000000000 ) ) ;
#248 = EDGE_LOOP ( 'NONE', ( #1876, #2128, #3069, #2631, #2232, #166 ) ) ;
#249 = AXIS2_PLACEMENT_3D ( 'NONE', #1818, #4037, #2428 ) ;
#250 = UNCERTAINTY_MEASURE_WITH_UNIT (LENGTH_MEASURE( 1.000000000000000082E-05 ), #1338, 'distance_accuracy_value', 'NONE');
#251 = ORIENTED_EDGE ( 'NONE', *, *, #3310, .T. ) ;
#252 = STYLED_ITEM ( 'NONE', ( #958 ), #1877 ) ;
#253 = ADVANCED_FACE ( 'NONE', ( #158 ), #1720, .F. ) ;
#254 = VECTOR ( 'NONE', #1358, 1000.000000000000000 ) ;
#255 =( GEOMETRIC_REPRESENTATION_CONTEXT ( 3 ) GLOBAL_UNCERTAINTY_ASSIGNED_CONTEXT ( ( #770 ) ) GLOBAL_UNIT_ASSIGNED_CONTEXT ( ( #84, #3560, #2911 ) ) REPRESENTATION_CONTEXT ( 'NONE', 'WORKASPACE' ) );
#256 = CARTESIAN_POINT ( 'NONE',  ( -2.000000000000000000, -2.500000000000000000, -0.5000000000000000000 ) ) ;
#257 = VERTEX_POINT ( 'NONE', #746 ) ;
#258 = ORIENTED_EDGE ( 'NONE', *, *, #2116, .F. ) ;
#259 = PRESENTATION_LAYER_ASSIGNMENT (  '', '', ( #323 ) ) ;
#260 = CARTESIAN_POINT ( 'NONE',  ( -0.8400000000000000799, 2.934361085619389797, -0.5000000000000000000 ) ) ;
#261 = EDGE_CURVE ( 'NONE', #192, #1208, #470, .T. ) ;
#262 = DIRECTION ( 'NONE',  ( 0.000000000000000000, 0.000000000000000000, 1.000000000000000000 ) ) ;
#263 = CARTESIAN_POINT ( 'NONE',  ( -2.439999999999999947, -2.939999999999999947, -0.4699999999999999734 ) ) ;
#264 = VECTOR ( 'NONE', #4061, 1000.000000000000000 ) ;
#265 = ORIENTED_EDGE ( 'NONE', *, *, #2014, .T. ) ;
#266 = EDGE_CURVE ( 'NONE', #574, #192, #3297, .T. ) ;
#267 = LINE ( 'NONE', #2536, #1864 ) ;
#268 = CARTESIAN_POINT ( 'NONE',  ( 0.8653178234195509910, 2.934361085619389797, -0.5000000000000000000 ) ) ;
#269 = DIRECTION ( 'NONE',  ( -1.000000000000000000, 0.000000000000000000, 0.000000000000000000 ) ) ;
#270 = MECHANICAL_DESIGN_GEOMETRIC_PRESENTATION_REPRESENTATION (  '', ( #2087 ), #1676 ) ;
#271 = VECTOR ( 'NONE', #3853, 1000.000000000000000 ) ;
#272 = VERTEX_POINT ( 'NONE', #1433 ) ;
#273 = DIRECTION ( 'NONE',  ( -0.1039620511844971951, 0.1039620511844980000, -0.9891328443778539814 ) ) ;
#274 = VECTOR ( 'NONE', #734, 1000.000000000000000 ) ;
#275 = CARTESIAN_POINT ( 'NONE',  ( -2.439999999999999947, -2.939999999999999947, -0.4699999999999999734 ) ) ;
#276 = DIRECTION ( 'NONE',  ( 0.1039620511844979861, 0.1039620511844979861, -0.9891328443778538704 ) ) ;
#277 = CARTESIAN_POINT ( 'NONE',  ( -2.000000000000000000, -3.075000000000000178, -0.5000000000000000000 ) ) ;
#278 =( GEOMETRIC_REPRESENTATION_CONTEXT ( 3 ) GLOBAL_UNCERTAINTY_ASSIGNED_CONTEXT ( ( #1127 ) ) GLOBAL_UNIT_ASSIGNED_CONTEXT ( ( #2234, #1337, #3775 ) ) REPRESENTATION_CONTEXT ( 'NONE', 'WORKASPACE' ) );
#279 = ORIENTED_EDGE ( 'NONE', *, *, #4051, .F. ) ;
#280 = DIRECTION ( 'NONE',  ( 0.000000000000000000, 0.000000000000000000, 1.000000000000000000 ) ) ;
#281 = EDGE_LOOP ( 'NONE', ( #1249, #3285, #854, #3720 ) ) ;
#282 = DIRECTION ( 'NONE',  ( 0.000000000000000000, 0.000000000000000000, -1.000000000000000000 ) ) ;
#283 = CARTESIAN_POINT ( 'NONE',  ( 2.439999999999999947, 2.939999999999999947, -0.4699999999999999734 ) ) ;
#284 = CARTESIAN_POINT ( 'NONE',  ( -1.699999999999999956, 2.939999999999999947, -0.4699999999999999734 ) ) ;
#285 = DIRECTION ( 'NONE',  ( 0.000000000000000000, 1.000000000000000000, 0.000000000000000000 ) ) ;
#286 = EDGE_CURVE ( 'NONE', #2539, #149, #838, .T. ) ;
#287 = CARTESIAN_POINT ( 'NONE',  ( -2.000000000000000000, 0.6550000000000000266, -0.5000000000000000000 ) ) ;
#288 = EDGE_CURVE ( 'NONE', #1618, #1232, #3296, .T. ) ;
#289 = ORIENTED_EDGE ( 'NONE', *, *, #1376, .F. ) ;
#290 = CARTESIAN_POINT ( 'NONE',  ( 2.180488922046790012, 2.426592021952190148, 0.4775565596233640187 ) ) ;
#291 = CARTESIAN_POINT ( 'NONE',  ( 0.4299999999999999933, 2.934361085619389797, -0.5000000000000000000 ) ) ;
#292 = ORIENTED_EDGE ( 'NONE', *, *, #1376, .T. ) ;
#293 = CARTESIAN_POINT ( 'NONE',  ( -2.109999999999999876, 2.939999999999999947, -0.5000000000000000000 ) ) ;
#294 = CARTESIAN_POINT ( 'NONE',  ( 2.377619075396179671, -2.839516684270820157, 0.4686584962143680588 ) ) ;
#295 = VERTEX_POINT ( 'NONE', #3675 ) ;
#296 = VERTEX_POINT ( 'NONE', #3635 ) ;
#297 = DIRECTION ( 'NONE',  ( -1.000000000000000000, 0.000000000000000000, 0.000000000000000000 ) ) ;
#298 = DIRECTION ( 'NONE',  ( 0.000000000000000000, 1.000000000000000000, 0.000000000000000000 ) ) ;
#299 = ORIENTED_EDGE ( 'NONE', *, *, #3567, .T. ) ;
#300 = FACE_OUTER_BOUND ( 'NONE', #2168, .T. ) ;
#301 = EDGE_CURVE ( 'NONE', #1020, #629, #2656, .T. ) ;
#302 = LINE ( 'NONE', #2867, #3602 ) ;
#303 = DIRECTION ( 'NONE',  ( 0.000000000000000000, 0.000000000000000000, -1.000000000000000000 ) ) ;
#304 = EDGE_LOOP ( 'NONE', ( #1084, #105, #1986, #1382 ) ) ;
#305 = CARTESIAN_POINT ( 'NONE',  ( -2.000000000000000000, -3.075000000000000178, -0.2200000000000000011 ) ) ;
#306 = EDGE_CURVE ( 'NONE', #1213, #3087, #2051, .T. ) ;
#307 = CARTESIAN_POINT ( 'NONE',  ( -2.432474686002150221, 2.946846872942035400, -0.1900000000000000300 ) ) ;
#308 = SURFACE_STYLE_USAGE ( .BOTH. , #3166 ) ;
#309 = FACE_OUTER_BOUND ( 'NONE', #1206, .T. ) ;
#310 = ORIENTED_EDGE ( 'NONE', *, *, #3680, .T. ) ;
#311 = LINE ( 'NONE', #1590, #1075 ) ;
#312 = EDGE_CURVE ( 'NONE', #3432, #1041, #2718, .T. ) ;
#313 = LINE ( 'NONE', #42, #1148 ) ;
#314 = CARTESIAN_POINT ( 'NONE',  ( 1.699999999999999956, 2.934361085619389797, -0.5000000000000000000 ) ) ;
#315 = VECTOR ( 'NONE', #1594, 1000.000000000000000 ) ;
#316 = DIRECTION ( 'NONE',  ( 0.000000000000000000, 0.000000000000000000, -1.000000000000000000 ) ) ;
#317 = PRESENTATION_LAYER_ASSIGNMENT (  '', '', ( #529 ) ) ;
#318 = ORIENTED_EDGE ( 'NONE', *, *, #957, .F. ) ;
#319 = ORIENTED_EDGE ( 'NONE', *, *, #1470, .T. ) ;
#320 = VECTOR ( 'NONE', #1273, 1000.000000000000000 ) ;
#321 = CARTESIAN_POINT ( 'NONE',  ( 1.780488922046789879, 2.426592021952190148, 0.4775565596233640187 ) ) ;
#322 = LINE ( 'NONE', #2269, #1727 ) ;
#323 = STYLED_ITEM ( 'NONE', ( #2723 ), #2782 ) ;
#324 = AXIS2_PLACEMENT_3D ( 'NONE', #1256, #3865, #656 ) ;
#325 = ORIENTED_EDGE ( 'NONE', *, *, #839, .F. ) ;
#326 =( NAMED_UNIT ( * ) PLANE_ANGLE_UNIT ( ) SI_UNIT ( $, .RADIAN. ) );
#327 = CARTESIAN_POINT ( 'NONE',  ( -2.000000000000000000, 0.2200000000000000011, -0.4699999999999999734 ) ) ;
#328 = AXIS2_PLACEMENT_3D ( 'NONE', #636, #3191, #684 ) ;
#329 = VECTOR ( 'NONE', #1936, 1000.000000000000114 ) ;
#330 = SURFACE_STYLE_FILL_AREA ( #2893 ) ;
#331 = LINE ( 'NONE', #1234, #2198 ) ;
#332 = ORIENTED_EDGE ( 'NONE', *, *, #140, .F. ) ;
#333 = ADVANCED_FACE ( 'NONE', ( #2407 ), #2479, .T. ) ;
#334 = DIRECTION ( 'NONE',  ( 1.239088197126291458E-14, 0.000000000000000000, 1.000000000000000000 ) ) ;
#335 = AXIS2_PLACEMENT_3D ( 'NONE', #93, #2575, #3549 ) ;
#336 = CARTESIAN_POINT ( 'NONE',  ( -2.342810809058290200, -2.842810809058290200, 0.4650000000000000244 ) ) ;
#337 = CARTESIAN_POINT ( 'NONE',  ( -2.109999999999999876, 2.500000000000000000, -0.5000000000000000000 ) ) ;
#338 = EDGE_CURVE ( 'NONE', #2762, #2405, #1804, .T. ) ;
#339 = MECHANICAL_DESIGN_GEOMETRIC_PRESENTATION_REPRESENTATION (  '', ( #3281 ), #2028 ) ;
#340 = DIRECTION ( 'NONE',  ( 0.000000000000000000, 0.000000000000000000, 1.000000000000000000 ) ) ;
#341 = EDGE_CURVE ( 'NONE', #2619, #4026, #1178, .T. ) ;
#342 = CARTESIAN_POINT ( 'NONE',  ( -2.429269594412790223, 0.6800000000000000488, -0.5000000000000000000 ) ) ;
#343 = ADVANCED_FACE ( 'NONE', ( #2496 ), #928, .T. ) ;
#344 = ORIENTED_EDGE ( 'NONE', *, *, #2480, .T. ) ;
#345 = EDGE_LOOP ( 'NONE', ( #860, #4001, #1027, #1028 ) ) ;
#346 = EDGE_CURVE ( 'NONE', #4084, #2797, #3764, .T. ) ;
#347 = FILL_AREA_STYLE_COLOUR ( '', #882 ) ;
#348 = VECTOR ( 'NONE', #3240, 1000.000000000000000 ) ;
#349 = DIRECTION ( 'NONE',  ( 1.606225440719260007E-15, 1.000000000000000000, 0.000000000000000000 ) ) ;
#350 = ORIENTED_EDGE ( 'NONE', *, *, #465, .T. ) ;
#351 = CARTESIAN_POINT ( 'NONE',  ( -0.4046821765804490267, 2.934361085619389797, -0.4699999999999999734 ) ) ;
#352 = DIRECTION ( 'NONE',  ( -0.000000000000000000, 1.000000000000000000, 0.000000000000000000 ) ) ;
#353 = CIRCLE ( 'NONE', #4041, 0.02000000000000005246 ) ;
#354 = CARTESIAN_POINT ( 'NONE',  ( 1.980488922046789835, 2.426592021952190148, 0.4775565596233640187 ) ) ;
#355 = ORIENTED_EDGE ( 'NONE', *, *, #883, .T. ) ;
#356 = EDGE_LOOP ( 'NONE', ( #2141, #3986, #2843, #1460 ) ) ;
#357 = DIRECTION ( 'NONE',  ( -1.000000000000000000, 8.031127203596350323E-16, 0.000000000000000000 ) ) ;
#358 = DIRECTION ( 'NONE',  ( -1.000000000000000000, 0.000000000000000000, 0.000000000000000000 ) ) ;
#359 = DIRECTION ( 'NONE',  ( 0.000000000000000000, -1.000000000000000000, 0.000000000000000000 ) ) ;
#360 = DIRECTION ( 'NONE',  ( 1.000000000000000000, 0.000000000000000000, 0.000000000000000000 ) ) ;
#361 = CARTESIAN_POINT ( 'NONE',  ( 1.780488922046789879, 2.426592021952190148, 0.5000000000000000000 ) ) ;
#362 = LINE ( 'NONE', #2905, #757 ) ;
#363 = CARTESIAN_POINT ( 'NONE',  ( 0.8653178234195509910, 2.500000000000000000, -0.5000000000000000000 ) ) ;
#364 = EDGE_LOOP ( 'NONE', ( #355, #3040, #79 ) ) ;
#365 = ORIENTED_EDGE ( 'NONE', *, *, #3002, .T. ) ;
#366 = EDGE_CURVE ( 'NONE', #2250, #769, #1886, .T. ) ;
#367 = CARTESIAN_POINT ( 'NONE',  ( 0.8400000000000000799, 2.939999999999999947, -0.5000000000000000000 ) ) ;
#368 = DIRECTION ( 'NONE',  ( -1.000000000000000000, 0.000000000000000000, 0.000000000000000000 ) ) ;
#369 = DIRECTION ( 'NONE',  ( -9.856383386231820124E-16, 1.000000000000000000, 0.000000000000000000 ) ) ;
#370 = ORIENTED_EDGE ( 'NONE', *, *, #2854, .F. ) ;
#371 = FILL_AREA_STYLE_COLOUR ( '', #562 ) ;
#372 = EDGE_CURVE ( 'NONE', #3052, #3206, #1048, .T. ) ;
#373 = DIRECTION ( 'NONE',  ( -1.606225440719270065E-15, -1.000000000000000000, 0.000000000000000000 ) ) ;
#374 = LINE ( 'NONE', #2821, #1392 ) ;
#375 = ORIENTED_EDGE ( 'NONE', *, *, #1420, .T. ) ;
#376 = VERTEX_POINT ( 'NONE', #3559 ) ;
#377 = DIRECTION ( 'NONE',  ( 0.000000000000000000, 1.000000000000000000, 0.000000000000000000 ) ) ;
#378 = LINE ( 'NONE', #2615, #3631 ) ;
#379 =( NAMED_UNIT ( * ) PLANE_ANGLE_UNIT ( ) SI_UNIT ( $, .RADIAN. ) );
#380 = ORIENTED_EDGE ( 'NONE', *, *, #1591, .T. ) ;
#381 = LINE ( 'NONE', #2546, #1522 ) ;
#382 = ORIENTED_EDGE ( 'NONE', *, *, #1089, .T. ) ;
#383 = FACE_OUTER_BOUND ( 'NONE', #2242, .T. ) ;
#384 = APPLICATION_CONTEXT ( 'automotive_design' ) ;
#385 = ORIENTED_EDGE ( 'NONE', *, *, #2581, .F. ) ;
#386 = ORIENTED_EDGE ( 'NONE', *, *, #2912, .F. ) ;
#387 = AXIS2_PLACEMENT_3D ( 'NONE', #469, #2406, #137 ) ;
#388 = EDGE_CURVE ( 'NONE', #1922, #1224, #2297, .T. ) ;
#389 = VECTOR ( 'NONE', #704, 1000.000000000000000 ) ;
#390 = FACE_OUTER_BOUND ( 'NONE', #3096, .T. ) ;
#391 = SURFACE_SIDE_STYLE ('',( #3245 ) ) ;
#392 = EDGE_CURVE ( 'NONE', #3700, #2861, #954, .T. ) ;
#393 = VECTOR ( 'NONE', #298, 1000.000000000000000 ) ;
#394 = VERTEX_POINT ( 'NONE', #13 ) ;
#395 = DIRECTION ( 'NONE',  ( 0.000000000000000000, -1.000000000000000000, 0.000000000000000000 ) ) ;
#396 =( NAMED_UNIT ( * ) PLANE_ANGLE_UNIT ( ) SI_UNIT ( $, .RADIAN. ) );
#397 = VECTOR ( 'NONE', #1066, 1000.000000000000000 ) ;
#398 = VERTEX_POINT ( 'NONE', #2542 ) ;
#399 = EDGE_CURVE ( 'NONE', #398, #1849, #3233, .T. ) ;
#400 = ORIENTED_EDGE ( 'NONE', *, *, #1512, .T. ) ;
#401 = ORIENTED_EDGE ( 'NONE', *, *, #3418, .F. ) ;
#402 = MECHANICAL_DESIGN_GEOMETRIC_PRESENTATION_REPRESENTATION (  '', ( #80 ), #2012 ) ;
#403 =( GEOMETRIC_REPRESENTATION_CONTEXT ( 3 ) GLOBAL_UNCERTAINTY_ASSIGNED_CONTEXT ( ( #1388 ) ) GLOBAL_UNIT_ASSIGNED_CONTEXT ( ( #2053, #3980, #3612 ) ) REPRESENTATION_CONTEXT ( 'NONE', 'WORKASPACE' ) );
#404 = DIRECTION ( 'NONE',  ( 1.000000000000000000, -8.031127203596350323E-16, 0.000000000000000000 ) ) ;
#405 = CARTESIAN_POINT ( 'NONE',  ( -2.429269594412790223, 0.6550000000000000266, -0.4699999999999999734 ) ) ;
#406 = DIRECTION ( 'NONE',  ( 1.000000000000000000, 4.336808689942010636E-15, 0.000000000000000000 ) ) ;
#407 = COLOUR_RGB ( '',0.2000000000000000111, 0.2000000000000000111, 0.2000000000000000111 ) ;
#408 = CARTESIAN_POINT ( 'NONE',  ( 0.8400000000000000799, 3.075000000000000178, -0.5000000000000000000 ) ) ;
#409 = ORIENTED_EDGE ( 'NONE', *, *, #1259, .T. ) ;
#410 = MECHANICAL_DESIGN_GEOMETRIC_PRESENTATION_REPRESENTATION (  '', ( #142 ), #3074 ) ;
#411 = LINE ( 'NONE', #1908, #155 ) ;
#412 = DIRECTION ( 'NONE',  ( 1.000000000000000000, 0.000000000000000000, 0.000000000000000000 ) ) ;
#413 = CARTESIAN_POINT ( 'NONE',  ( 2.429269594412790223, 0.6800000000000000488, -0.4699999999999999734 ) ) ;
#414 = AXIS2_PLACEMENT_3D ( 'NONE', #758, #3282, #1380 ) ;
#415 = PRODUCT_DEFINITION_FORMATION_WITH_SPECIFIED_SOURCE ( 'ANY', '', #3799, .NOT_KNOWN. ) ;
#416 = CARTESIAN_POINT ( 'NONE',  ( -2.439999999999999947, -2.939999999999999947, -0.2200000000000000011 ) ) ;
#417 = ORIENTED_EDGE ( 'NONE', *, *, #1099, .T. ) ;
#418 = CARTESIAN_POINT ( 'NONE',  ( -1.590000000000000080, -3.075000000000000178, -0.5000000000000000000 ) ) ;
#419 = LINE ( 'NONE', #1073, #1283 ) ;
#420 = ORIENTED_EDGE ( 'NONE', *, *, #2804, .F. ) ;
#421 = COLOUR_RGB ( '',0.2000000000000000111, 0.2000000000000000111, 0.2000000000000000111 ) ;
#422 = EDGE_LOOP ( 'NONE', ( #1454, #1188, #1911, #3121 ) ) ;
#423 = CARTESIAN_POINT ( 'NONE',  ( 2.135317823419550010, 2.500000000000000000, -0.5000000000000000000 ) ) ;
#424 = AXIS2_PLACEMENT_3D ( 'NONE', #1335, #2870, #2578 ) ;
#425 = EDGE_CURVE ( 'NONE', #600, #1670, #3579, .T. ) ;
#426 = DIRECTION ( 'NONE',  ( -1.000000000000000000, 0.000000000000000000, 0.000000000000000000 ) ) ;
#427 = CARTESIAN_POINT ( 'NONE',  ( -2.000000000000000000, -2.137027193381950241, -0.4699999999999999734 ) ) ;
#428 = ORIENTED_EDGE ( 'NONE', *, *, #790, .T. ) ;
#429 = PLANE ( 'NONE',  #2013 ) ;
#430 = ORIENTED_EDGE ( 'NONE', *, *, #504, .T. ) ;
#431 =( GEOMETRIC_REPRESENTATION_CONTEXT ( 3 ) GLOBAL_UNCERTAINTY_ASSIGNED_CONTEXT ( ( #3684 ) ) GLOBAL_UNIT_ASSIGNED_CONTEXT ( ( #798, #3367, #1418 ) ) REPRESENTATION_CONTEXT ( 'NONE', 'WORKASPACE' ) );
#432 = UNCERTAINTY_MEASURE_WITH_UNIT (LENGTH_MEASURE( 1.000000000000000082E-05 ), #3724, 'distance_accuracy_value', 'NONE');
#433 = DIRECTION ( 'NONE',  ( -1.248042479380319792E-16, 1.000000000000000000, 0.000000000000000000 ) ) ;
#434 = ORIENTED_EDGE ( 'NONE', *, *, #201, .T. ) ;
#435 = CARTESIAN_POINT ( 'NONE',  ( -1.554999999999999938, -2.500000000000000000, -0.5000000000000000000 ) ) ;
#436 =( NAMED_UNIT ( * ) PLANE_ANGLE_UNIT ( ) SI_UNIT ( $, .RADIAN. ) );
#437 = LINE ( 'NONE', #3970, #2392 ) ;
#438 = ORIENTED_EDGE ( 'NONE', *, *, #1059, .T. ) ;
#439 = CARTESIAN_POINT ( 'NONE',  ( -0.8400000000000000799, 3.075000000000000178, -0.5000000000000000000 ) ) ;
#440 = ORIENTED_EDGE ( 'NONE', *, *, #2456, .F. ) ;
#441 = EDGE_CURVE ( 'NONE', #829, #1849, #2253, .T. ) ;
#442 = CARTESIAN_POINT ( 'NONE',  ( -2.034999999999999698, -2.137027193381950241, -0.4699999999999999734 ) ) ;
#443 =( NAMED_UNIT ( * ) PLANE_ANGLE_UNIT ( ) SI_UNIT ( $, .RADIAN. ) );
#444 = DIRECTION ( 'NONE',  ( 1.000000000000000000, 9.984339835042528750E-16, 0.000000000000000000 ) ) ;
#445 = ORIENTED_EDGE ( 'NONE', *, *, #3107, .F. ) ;
#446 = CARTESIAN_POINT ( 'NONE',  ( 1.674682176580450044, 2.934361085619389797, -0.4699999999999999734 ) ) ;
#447 = EDGE_LOOP ( 'NONE', ( #332, #2917, #2162, #1971 ) ) ;
#448 = EDGE_CURVE ( 'NONE', #3517, #3599, #2923, .T. ) ;
#449 = CARTESIAN_POINT ( 'NONE',  ( 1.554999999999999938, -2.500000000000000000, -0.5000000000000000000 ) ) ;
#450 = FACE_OUTER_BOUND ( 'NONE', #3433, .T. ) ;
#451 = PLANE ( 'NONE',  #1926 ) ;
#452 = ORIENTED_EDGE ( 'NONE', *, *, #3340, .F. ) ;
#453 = CARTESIAN_POINT ( 'NONE',  ( 2.439999999999999947, 2.939999999999999947, -0.2200000000000000011 ) ) ;
#454 = VECTOR ( 'NONE', #2921, 1000.000000000000000 ) ;
#455 = DIRECTION ( 'NONE',  ( -1.000000000000000000, 0.000000000000000000, 0.000000000000000000 ) ) ;
#456 = LINE ( 'NONE', #148, #3755 ) ;
#457 = VECTOR ( 'NONE', #4090, 1000.000000000000000 ) ;
#458 = ORIENTED_EDGE ( 'NONE', *, *, #3306, .T. ) ;
#459 = ORIENTED_EDGE ( 'NONE', *, *, #3796, .T. ) ;
#460 = DIRECTION ( 'NONE',  ( 1.000000000000000000, -4.336808689942020891E-15, 0.000000000000000000 ) ) ;
#461 = CARTESIAN_POINT ( 'NONE',  ( 2.135317823419550010, 2.500000000000000000, -0.4699999999999999734 ) ) ;
#462 = VECTOR ( 'NONE', #3033, 1000.000000000000000 ) ;
#463 = COLOUR_RGB ( '',0.2000000000000000111, 0.2000000000000000111, 0.2000000000000000111 ) ;
#464 = CYLINDRICAL_SURFACE ( 'NONE', #3280, 0.2000000000000000944 ) ;
#465 = EDGE_CURVE ( 'NONE', #2799, #864, #378, .T. ) ;
#466 = ORIENTED_EDGE ( 'NONE', *, *, #77, .T. ) ;
#467 = AXIS2_PLACEMENT_3D ( 'NONE', #4081, #2404, #2714 ) ;
#468 = ORIENTED_EDGE ( 'NONE', *, *, #3428, .F. ) ;
#469 = CARTESIAN_POINT ( 'NONE',  ( -2.419999999999999929, 2.919999999999999929, -0.1900000000000000022 ) ) ;
#470 = LINE ( 'NONE', #2035, #1030 ) ;
#471 = FACE_OUTER_BOUND ( 'NONE', #1173, .T. ) ;
#472 = ADVANCED_FACE ( 'NONE', ( #1647 ), #1998, .F. ) ;
#473 = CARTESIAN_POINT ( 'NONE',  ( -2.000000000000000000, -2.949999999999999734, -0.4699999999999999734 ) ) ;
#474 = ORIENTED_EDGE ( 'NONE', *, *, #239, .T. ) ;
#475 = COLOUR_RGB ( '',0.2000000000000000111, 0.2000000000000000111, 0.2000000000000000111 ) ;
#476 = ADVANCED_FACE ( 'NONE', ( #2588 ), #3889, .T. ) ;
#477 = ADVANCED_FACE ( 'NONE', ( #3427 ), #3102, .T. ) ;
#478 = PLANE ( 'NONE',  #2136 ) ;
#479 = PRESENTATION_LAYER_ASSIGNMENT (  '', '', ( #2087 ) ) ;
#480 = DIRECTION ( 'NONE',  ( -1.000000000000000000, 0.000000000000000000, 0.000000000000000000 ) ) ;
#481 = VECTOR ( 'NONE', #460, 1000.000000000000000 ) ;
#482 = VECTOR ( 'NONE', #2057, 1000.000000000000000 ) ;
#483 = DIRECTION ( 'NONE',  ( -1.000000000000000000, 8.031127203596350323E-16, 0.000000000000000000 ) ) ;
#484 = UNCERTAINTY_MEASURE_WITH_UNIT (LENGTH_MEASURE( 1.000000000000000082E-05 ), #1613, 'distance_accuracy_value', 'NONE');
#485 = ORIENTED_EDGE ( 'NONE', *, *, #3097, .T. ) ;
#486 = ORIENTED_EDGE ( 'NONE', *, *, #1772, .T. ) ;
#487 = SPHERICAL_SURFACE ( 'NONE', #3199, 0.03499999999999999639 ) ;
#488 = CARTESIAN_POINT ( 'NONE',  ( -2.342810809058290200, -2.839516684270820157, 0.5000000000000000000 ) ) ;
#489 = UNCERTAINTY_MEASURE_WITH_UNIT (LENGTH_MEASURE( 1.000000000000000082E-05 ), #15, 'distance_accuracy_value', 'NONE');
#490 = CARTESIAN_POINT ( 'NONE',  ( 0.8400000000000000799, 2.500000000000000000, -0.5000000000000000000 ) ) ;
#491 = FILL_AREA_STYLE ('',( #723 ) ) ;
#492 = VECTOR ( 'NONE', #2878, 1000.000000000000000 ) ;
#493 = FACE_OUTER_BOUND ( 'NONE', #2271, .T. ) ;
#494 = LINE ( 'NONE', #2107, #4127 ) ;
#495 = ORIENTED_EDGE ( 'NONE', *, *, #1471, .T. ) ;
#496 = LINE ( 'NONE', #3701, #3872 ) ;
#497 = DIRECTION ( 'NONE',  ( 0.000000000000000000, 1.000000000000000000, 0.000000000000000000 ) ) ;
#498 = VECTOR ( 'NONE', #1853, 1000.000000000000000 ) ;
#499 = CARTESIAN_POINT ( 'NONE',  ( 2.000000000000000000, 1.149999999999999911, -0.5000000000000000000 ) ) ;
#500 = ORIENTED_EDGE ( 'NONE', *, *, #3145, .T. ) ;
#501 = FILL_AREA_STYLE ('',( #820 ) ) ;
#502 = UNCERTAINTY_MEASURE_WITH_UNIT (LENGTH_MEASURE( 1.000000000000000082E-05 ), #1765, 'distance_accuracy_value', 'NONE');
#503 = EDGE_LOOP ( 'NONE', ( #2163, #168, #3253, #1094 ) ) ;
#504 = EDGE_CURVE ( 'NONE', #892, #192, #2210, .T. ) ;
#505 = SURFACE_STYLE_USAGE ( .BOTH. , #1492 ) ;
#506 = FILL_AREA_STYLE_COLOUR ( '', #884 ) ;
#507 = ORIENTED_EDGE ( 'NONE', *, *, #4014, .F. ) ;
#508 = ORIENTED_EDGE ( 'NONE', *, *, #3780, .F. ) ;
#509 = EDGE_CURVE ( 'NONE', #4049, #902, #2219, .T. ) ;
#510 = FACE_BOUND ( 'NONE', #3286, .T. ) ;
#511 = DIRECTION ( 'NONE',  ( 0.000000000000000000, 0.000000000000000000, 1.000000000000000000 ) ) ;
#512 = LINE ( 'NONE', #3376, #4085 ) ;
#513 = FACE_OUTER_BOUND ( 'NONE', #2364, .T. ) ;
#514 = DIRECTION ( 'NONE',  ( 0.000000000000000000, -1.000000000000000000, 0.000000000000000000 ) ) ;
#515 = ORIENTED_EDGE ( 'NONE', *, *, #341, .F. ) ;
#516 = ORIENTED_EDGE ( 'NONE', *, *, #3875, .T. ) ;
#517 = SURFACE_SIDE_STYLE ('',( #2770 ) ) ;
#518 = CARTESIAN_POINT ( 'NONE',  ( 2.100000000000000089, -2.137027193381950241, -0.5000000000000000000 ) ) ;
#519 = DIRECTION ( 'NONE',  ( 0.000000000000000000, 0.000000000000000000, -1.000000000000000000 ) ) ;
#520 = SURFACE_SIDE_STYLE ('',( #1092 ) ) ;
#521 = EDGE_LOOP ( 'NONE', ( #2398, #2492, #3447, #3007, #1939, #1015 ) ) ;
#522 = EDGE_CURVE ( 'NONE', #1267, #1764, #1245, .T. ) ;
#523 = ADVANCED_FACE ( 'NONE', ( #3465 ), #608, .F. ) ;
#524 = ORIENTED_EDGE ( 'NONE', *, *, #2140, .T. ) ;
#525 = DIRECTION ( 'NONE',  ( 0.000000000000000000, 0.000000000000000000, 1.000000000000000000 ) ) ;
#526 = CARTESIAN_POINT ( 'NONE',  ( 2.439999999999999947, 2.939999999999999947, -0.4699999999999999734 ) ) ;
#527 = VECTOR ( 'NONE', #2906, 1000.000000000000000 ) ;
#528 = EDGE_CURVE ( 'NONE', #1498, #180, #701, .T. ) ;
#529 = STYLED_ITEM ( 'NONE', ( #3626 ), #1064 ) ;
#530 = CARTESIAN_POINT ( 'NONE',  ( 2.342810809058290200, 2.877619075396179671, 0.4686584962143680588 ) ) ;
#531 = VERTEX_POINT ( 'NONE', #3815 ) ;
#532 = STYLED_ITEM ( 'NONE', ( #3469 ), #1951 ) ;
#533 = DIRECTION ( 'NONE',  ( 1.000000000000000000, 0.000000000000000000, 0.000000000000000000 ) ) ;
#534 = PRESENTATION_STYLE_ASSIGNMENT (( #3396 ) ) ;
#535 = AXIS2_PLACEMENT_3D ( 'NONE', #2139, #2455, #1855 ) ;
#536 = AXIS2_PLACEMENT_3D ( 'NONE', #1397, #1068, #2329 ) ;
#537 = ORIENTED_EDGE ( 'NONE', *, *, #911, .T. ) ;
#538 = FACE_OUTER_BOUND ( 'NONE', #521, .T. ) ;
#539 = AXIS2_PLACEMENT_3D ( 'NONE', #873, #1826, #3057 ) ;
#540 = VECTOR ( 'NONE', #2976, 1000.000000000000000 ) ;
#541 = LINE ( 'NONE', #1435, #4016 ) ;
#542 = EDGE_LOOP ( 'NONE', ( #1966, #1250, #1834, #586 ) ) ;
#543 = VECTOR ( 'NONE', #511, 1000.000000000000000 ) ;
#544 = CARTESIAN_POINT ( 'NONE',  ( 2.439999999999999947, -2.939999999999999947, -0.2390299093405380271 ) ) ;
#545 = VECTOR ( 'NONE', #763, 1000.000000000000000 ) ;
#546 = DIRECTION ( 'NONE',  ( -1.000000000000000000, -1.248042479380319792E-16, 0.000000000000000000 ) ) ;
#547 =( NAMED_UNIT ( * ) PLANE_ANGLE_UNIT ( ) SI_UNIT ( $, .RADIAN. ) );
#548 = EDGE_LOOP ( 'NONE', ( #3768, #236, #2880, #459 ) ) ;
#549 = AXIS2_PLACEMENT_3D ( 'NONE', #781, #2710, #3328 ) ;
#550 = CARTESIAN_POINT ( 'NONE',  ( 2.135317823419550010, 2.500000000000000000, -0.4699999999999999734 ) ) ;
#551 = LINE ( 'NONE', #4047, #264 ) ;
#552 = CARTESIAN_POINT ( 'NONE',  ( -0.8400000000000000799, 2.939999999999999947, -0.4699999999999999734 ) ) ;
#553 = VECTOR ( 'NONE', #2421, 1000.000000000000114 ) ;
#554 = PLANE ( 'NONE',  #1 ) ;
#555 = ORIENTED_EDGE ( 'NONE', *, *, #3890, .T. ) ;
#556 = ORIENTED_EDGE ( 'NONE', *, *, #2640, .F. ) ;
#557 = EDGE_CURVE ( 'NONE', #3264, #3197, #942, .T. ) ;
#558 = VECTOR ( 'NONE', #1145, 1000.000000000000000 ) ;
#559 = LINE ( 'NONE', #1859, #1402 ) ;
#560 = UNCERTAINTY_MEASURE_WITH_UNIT (LENGTH_MEASURE( 1.000000000000000082E-05 ), #2436, 'distance_accuracy_value', 'NONE');
#561 = ORIENTED_EDGE ( 'NONE', *, *, #2531, .T. ) ;
#562 = COLOUR_RGB ( '',0.2000000000000000111, 0.2000000000000000111, 0.2000000000000000111 ) ;
#563 = CARTESIAN_POINT ( 'NONE',  ( -2.575000000000000178, 0.6550000000000000266, -0.5000000000000000000 ) ) ;
#564 = EDGE_LOOP ( 'NONE', ( #2310, #2739, #2635, #2185 ) ) ;
#565 = VECTOR ( 'NONE', #1310, 1000.000000000000000 ) ;
#566 = DIRECTION ( 'NONE',  ( -1.248042479380319792E-16, 1.000000000000000000, 0.000000000000000000 ) ) ;
#567 = CARTESIAN_POINT ( 'NONE',  ( -2.429269594412790223, 0.2200000000000000011, -0.4699999999999999734 ) ) ;
#568 = DIRECTION ( 'NONE',  ( -9.856383386231820124E-16, 1.000000000000000000, 0.000000000000000000 ) ) ;
#569 = EDGE_LOOP ( 'NONE', ( #3568, #2943, #2781, #4002 ) ) ;
#570 = CARTESIAN_POINT ( 'NONE',  ( -0.8400000000000000799, 2.934361085619389797, -0.5000000000000000000 ) ) ;
#571 = LINE ( 'NONE', #526, #827 ) ;
#572 = DIRECTION ( 'NONE',  ( 1.000000000000000000, 0.000000000000000000, 0.000000000000000000 ) ) ;
#573 = LINE ( 'NONE', #1779, #3605 ) ;
#574 = VERTEX_POINT ( 'NONE', #351 ) ;
#575 = ORIENTED_EDGE ( 'NONE', *, *, #4123, .T. ) ;
#576 = EDGE_CURVE ( 'NONE', #2600, #1267, #717, .T. ) ;
#577 = DIRECTION ( 'NONE',  ( 0.000000000000000000, 0.000000000000000000, 1.000000000000000000 ) ) ;
#578 = DIRECTION ( 'NONE',  ( 0.000000000000000000, 0.000000000000000000, -1.000000000000000000 ) ) ;
#579 = CARTESIAN_POINT ( 'NONE',  ( -2.109999999999999876, 2.934361085619389797, -0.5000000000000000000 ) ) ;
#580 = EDGE_LOOP ( 'NONE', ( #1836, #1280, #1656, #1033 ) ) ;
#581 = ADVANCED_FACE ( 'NONE', ( #2645 ), #1311, .F. ) ;
#582 = VERTEX_POINT ( 'NONE', #3947 ) ;
#583 = EDGE_LOOP ( 'NONE', ( #1291, #350, #474, #2152 ) ) ;
#584 = CARTESIAN_POINT ( 'NONE',  ( 1.699999999999999956, 2.934361085619389797, -0.4699999999999999734 ) ) ;
#585 = SPHERICAL_SURFACE ( 'NONE', #2992, 0.03499999999999999639 ) ;
#586 = ORIENTED_EDGE ( 'NONE', *, *, #1134, .F. ) ;
#587 = DIRECTION ( 'NONE',  ( -0.9945218953682735119, 0.000000000000000000, 0.1045284632676530129 ) ) ;
#588 = CARTESIAN_POINT ( 'NONE',  ( -2.429269594412790223, 0.6550000000000000266, -0.5000000000000000000 ) ) ;
#589 = VERTEX_POINT ( 'NONE', #3279 ) ;
#590 = VECTOR ( 'NONE', #2974, 1000.000000000000000 ) ;
#591 = ORIENTED_EDGE ( 'NONE', *, *, #346, .T. ) ;
#592 = DIRECTION ( 'NONE',  ( -0.9945218953682735119, 0.000000000000000000, -0.1045284632676529157 ) ) ;
#593 = CARTESIAN_POINT ( 'NONE',  ( -0.8400000000000000799, 2.939999999999999947, -0.5000000000000000000 ) ) ;
#594 = VECTOR ( 'NONE', #1299, 1000.000000000000000 ) ;
#595 = AXIS2_PLACEMENT_3D ( 'NONE', #1947, #2274, #1313 ) ;
#596 = PRESENTATION_LAYER_ASSIGNMENT (  '', '', ( #2725 ) ) ;
#597 = AXIS2_PLACEMENT_3D ( 'NONE', #1503, #3095, #2167 ) ;
#598 = CARTESIAN_POINT ( 'NONE',  ( 1.674682176580450044, 2.934361085619389797, -0.5000000000000000000 ) ) ;
#599 = ORIENTED_EDGE ( 'NONE', *, *, #965, .T. ) ;
#600 = VERTEX_POINT ( 'NONE', #1640 ) ;
#601 = VECTOR ( 'NONE', #269, 1000.000000000000000 ) ;
#602 = COLOUR_RGB ( '',0.2000000000000000111, 0.2000000000000000111, 0.2000000000000000111 ) ;
#603 = EDGE_CURVE ( 'NONE', #2425, #3642, #353, .T. ) ;
#604 = LINE ( 'NONE', #2838, #393 ) ;
#605 = CIRCLE ( 'NONE', #3820, 0.03499999999999987843 ) ;
#606 = DIRECTION ( 'NONE',  ( 0.000000000000000000, -1.000000000000000000, 0.000000000000000000 ) ) ;
#607 = ORIENTED_EDGE ( 'NONE', *, *, #3479, .T. ) ;
#608 = PLANE ( 'NONE',  #2956 ) ;
#609 =( GEOMETRIC_REPRESENTATION_CONTEXT ( 3 ) GLOBAL_UNCERTAINTY_ASSIGNED_CONTEXT ( ( #3375 ) ) GLOBAL_UNIT_ASSIGNED_CONTEXT ( ( #3847, #1260, #2261 ) ) REPRESENTATION_CONTEXT ( 'NONE', 'WORKASPACE' ) );
#610 = DIRECTION ( 'NONE',  ( 0.000000000000000000, 0.000000000000000000, 1.000000000000000000 ) ) ;
#611 = SURFACE_STYLE_USAGE ( .BOTH. , #1643 ) ;
#612 = LINE ( 'NONE', #2822, #3000 ) ;
#613 = VECTOR ( 'NONE', #1130, 1000.000000000000000 ) ;
#614 = ORIENTED_EDGE ( 'NONE', *, *, #3097, .F. ) ;
#615 = CARTESIAN_POINT ( 'NONE',  ( -2.377619075396179671, 2.839516684270820157, 0.4686584962143680588 ) ) ;
#616 = VECTOR ( 'NONE', #2694, 1000.000000000000000 ) ;
#617 = DIRECTION ( 'NONE',  ( 0.000000000000000000, 1.000000000000000000, 0.000000000000000000 ) ) ;
#618 = FILL_AREA_STYLE_COLOUR ( '', #3122 ) ;
#619 = CARTESIAN_POINT ( 'NONE',  ( -1.699999999999999956, 2.939999999999999947, -0.4699999999999999734 ) ) ;
#620 = LINE ( 'NONE', #2169, #3065 ) ;
#621 = LINE ( 'NONE', #1023, #2270 ) ;
#622 = CARTESIAN_POINT ( 'NONE',  ( -2.000000000000000000, 1.149999999999999911, -0.4699999999999999734 ) ) ;
#623 = VECTOR ( 'NONE', #3939, 1000.000000000000000 ) ;
#624 = EDGE_LOOP ( 'NONE', ( #1822, #776, #243, #1937 ) ) ;
#625 = EDGE_CURVE ( 'NONE', #3487, #1985, #2558, .T. ) ;
#626 = LINE ( 'NONE', #584, #3419 ) ;
#627 = CARTESIAN_POINT ( 'NONE',  ( -2.135317823419550010, 2.500000000000000000, -0.5000000000000000000 ) ) ;
#628 = EDGE_CURVE ( 'NONE', #1856, #864, #3248, .T. ) ;
#629 = VERTEX_POINT ( 'NONE', #1665 ) ;
#630 = PLANE ( 'NONE',  #2524 ) ;
#631 = FILL_AREA_STYLE ('',( #3492 ) ) ;
#632 = CARTESIAN_POINT ( 'NONE',  ( 2.135317823419550010, 2.934361085619389797, -0.5000000000000000000 ) ) ;
#633 = ORIENTED_EDGE ( 'NONE', *, *, #2231, .T. ) ;
#634 = ORIENTED_EDGE ( 'NONE', *, *, #2712, .T. ) ;
#635 = CARTESIAN_POINT ( 'NONE',  ( -2.439999999999999947, 2.939999999999999947, -0.4699999999999999734 ) ) ;
#636 = CARTESIAN_POINT ( 'NONE',  ( 0.000000000000000000, 2.949999999999999734, -0.2200000000000000011 ) ) ;
#637 = ORIENTED_EDGE ( 'NONE', *, *, #2740, .F. ) ;
#638 = CYLINDRICAL_SURFACE ( 'NONE', #2729, 0.02000000000000005246 ) ;
#639 = LINE ( 'NONE', #2883, #14 ) ;
#640 = ORIENTED_EDGE ( 'NONE', *, *, #2522, .F. ) ;
#641 = EDGE_LOOP ( 'NONE', ( #4063, #556, #4092, #507 ) ) ;
#642 = DIRECTION ( 'NONE',  ( 1.000000000000000000, 2.464095846557959961E-16, 0.000000000000000000 ) ) ;
#643 = CARTESIAN_POINT ( 'NONE',  ( -2.449999999999999734, 0.000000000000000000, -0.2200000000000000011 ) ) ;
#644 = CARTESIAN_POINT ( 'NONE',  ( 2.209652562907709950, 2.500000000000000000, -0.5000000000000000000 ) ) ;
#645 = EDGE_CURVE ( 'NONE', #3076, #3054, #2914, .T. ) ;
#646 = EDGE_LOOP ( 'NONE', ( #3254, #2749, #495, #319 ) ) ;
#647 =( NAMED_UNIT ( * ) PLANE_ANGLE_UNIT ( ) SI_UNIT ( $, .RADIAN. ) );
#648 = DIRECTION ( 'NONE',  ( -0.1039620511844979861, 0.1039620511844979861, -0.9891328443778538704 ) ) ;
#649 = EDGE_CURVE ( 'NONE', #1571, #1306, #2246, .T. ) ;
#650 = DIRECTION ( 'NONE',  ( -1.000000000000000000, 0.000000000000000000, 0.000000000000000000 ) ) ;
#651 = ORIENTED_EDGE ( 'NONE', *, *, #1938, .F. ) ;
#652 = DIRECTION ( 'NONE',  ( -1.000000000000000000, 1.302334173856840009E-15, 1.239088197126290038E-14 ) ) ;
#653 = ADVANCED_FACE ( 'NONE', ( #1009 ), #2272, .F. ) ;
#654 = EDGE_CURVE ( 'NONE', #3054, #1000, #2836, .T. ) ;
#655 = CARTESIAN_POINT ( 'NONE',  ( -2.000000000000000000, 1.149999999999999911, -0.4699999999999999734 ) ) ;
#656 = DIRECTION ( 'NONE',  ( -1.000000000000000000, -1.239088197126295087E-14, 0.000000000000000000 ) ) ;
#657 = VERTEX_POINT ( 'NONE', #2813 ) ;
#658 = DIRECTION ( 'NONE',  ( 1.000000000000000000, 2.464095846557959961E-16, 0.000000000000000000 ) ) ;
#659 = EDGE_CURVE ( 'NONE', #2175, #2484, #1186, .T. ) ;
#660 = MECHANICAL_DESIGN_GEOMETRIC_PRESENTATION_REPRESENTATION (  '', ( #3595 ), #2313 ) ;
#661 =( NAMED_UNIT ( * ) SI_UNIT ( $, .STERADIAN. ) SOLID_ANGLE_UNIT ( ) );
#662 = DIRECTION ( 'NONE',  ( 0.000000000000000000, 0.000000000000000000, -1.000000000000000000 ) ) ;
#663 = PRESENTATION_LAYER_ASSIGNMENT (  '', '', ( #532 ) ) ;
#664 = DIRECTION ( 'NONE',  ( -0.000000000000000000, 1.000000000000000000, 0.000000000000000000 ) ) ;
#665 = AXIS2_PLACEMENT_3D ( 'NONE', #1052, #3601, #2062 ) ;
#666 = ORIENTED_EDGE ( 'NONE', *, *, #1772, .F. ) ;
#667 = ORIENTED_EDGE ( 'NONE', *, *, #2695, .F. ) ;
#668 = AXIS2_PLACEMENT_3D ( 'NONE', #3343, #4042, #1184 ) ;
#669 = FILL_AREA_STYLE ('',( #347 ) ) ;
#670 = CARTESIAN_POINT ( 'NONE',  ( 2.342810809058290200, 2.842810809058290200, 0.4650000000000000244 ) ) ;
#671 = AXIS2_PLACEMENT_3D ( 'NONE', #924, #9, #3470 ) ;
#672 = ORIENTED_EDGE ( 'NONE', *, *, #2553, .T. ) ;
#673 = LINE ( 'NONE', #4098, #1010 ) ;
#674 = CIRCLE ( 'NONE', #814, 0.03499999999999998251 ) ;
#675 = VECTOR ( 'NONE', #3239, 1000.000000000000000 ) ;
#676 = CYLINDRICAL_SURFACE ( 'NONE', #595, 0.03499999999999998251 ) ;
#677 = DIRECTION ( 'NONE',  ( 0.000000000000000000, -1.000000000000000000, 0.000000000000000000 ) ) ;
#678 = ORIENTED_EDGE ( 'NONE', *, *, #2860, .T. ) ;
#679 = AXIS2_PLACEMENT_3D ( 'NONE', #2027, #742, #3290 ) ;
#680 = ORIENTED_EDGE ( 'NONE', *, *, #1093, .F. ) ;
#681 = DIRECTION ( 'NONE',  ( -0.000000000000000000, 1.000000000000000000, 0.000000000000000000 ) ) ;
#682 = DIRECTION ( 'NONE',  ( 0.000000000000000000, 0.000000000000000000, 1.000000000000000000 ) ) ;
#683 = VECTOR ( 'NONE', #3771, 1000.000000000000000 ) ;
#684 = DIRECTION ( 'NONE',  ( 1.000000000000000000, 0.000000000000000000, 0.000000000000000000 ) ) ;
#685 = FACE_OUTER_BOUND ( 'NONE', #2648, .T. ) ;
#686 = CARTESIAN_POINT ( 'NONE',  ( 2.109999999999999876, 2.939999999999999947, -0.4699999999999999734 ) ) ;
#687 = SURFACE_STYLE_USAGE ( .BOTH. , #3539 ) ;
#688 = SURFACE_STYLE_FILL_AREA ( #4125 ) ;
#689 = CARTESIAN_POINT ( 'NONE',  ( -1.699999999999999956, 2.939999999999999947, -0.2390299093405380271 ) ) ;
#690 = DIRECTION ( 'NONE',  ( 1.000000000000000000, 0.000000000000000000, 0.000000000000000000 ) ) ;
#691 = DIRECTION ( 'NONE',  ( -1.000000000000000000, 0.000000000000000000, 0.000000000000000000 ) ) ;
#692 = ORIENTED_EDGE ( 'NONE', *, *, #2609, .T. ) ;
#693 = EDGE_CURVE ( 'NONE', #2970, #3517, #1229, .T. ) ;
#694 = FACE_OUTER_BOUND ( 'NONE', #1466, .T. ) ;
#695 = VECTOR ( 'NONE', #123, 1000.000000000000000 ) ;
#696 = CARTESIAN_POINT ( 'NONE',  ( 0.000000000000000000, 0.000000000000000000, -0.2200000000000000011 ) ) ;
#697 = ORIENTED_EDGE ( 'NONE', *, *, #2480, .F. ) ;
#698 =( NAMED_UNIT ( * ) SI_UNIT ( $, .STERADIAN. ) SOLID_ANGLE_UNIT ( ) );
#699 = SURFACE_SIDE_STYLE ('',( #2961 ) ) ;
#700 = CARTESIAN_POINT ( 'NONE',  ( -2.109999999999999876, 2.939999999999999947, -0.4699999999999999734 ) ) ;
#701 = CIRCLE ( 'NONE', #1034, 0.2000000000000000944 ) ;
#702 = ORIENTED_EDGE ( 'NONE', *, *, #1724, .F. ) ;
#703 = ORIENTED_EDGE ( 'NONE', *, *, #3852, .T. ) ;
#704 = DIRECTION ( 'NONE',  ( -7.375524982894588548E-17, -1.000000000000000000, 0.000000000000000000 ) ) ;
#705 = CARTESIAN_POINT ( 'NONE',  ( 2.429269594412790223, 0.2200000000000000011, -0.5000000000000000000 ) ) ;
#706 = ADVANCED_FACE ( 'NONE', ( #3154 ), #2504, .T. ) ;
#707 =( NAMED_UNIT ( * ) PLANE_ANGLE_UNIT ( ) SI_UNIT ( $, .RADIAN. ) );
#708 = EDGE_CURVE ( 'NONE', #3423, #2175, #4132, .T. ) ;
#709 = DIRECTION ( 'NONE',  ( 0.000000000000000000, 0.000000000000000000, 1.000000000000000000 ) ) ;
#710 = EDGE_LOOP ( 'NONE', ( #2155, #1151, #3657, #2268 ) ) ;
#711 = ORIENTED_EDGE ( 'NONE', *, *, #3855, .F. ) ;
#712 = EDGE_CURVE ( 'NONE', #1733, #1224, #1270, .T. ) ;
#713 = SURFACE_STYLE_USAGE ( .BOTH. , #3570 ) ;
#714 = CARTESIAN_POINT ( 'NONE',  ( 2.439999999999999947, 2.939999999999999947, -0.2200000000000000011 ) ) ;
#715 = FILL_AREA_STYLE_COLOUR ( '', #463 ) ;
#716 = ORIENTED_EDGE ( 'NONE', *, *, #1237, .T. ) ;
#717 = LINE ( 'NONE', #418, #2626 ) ;
#718 = DIRECTION ( 'NONE',  ( 0.000000000000000000, 1.000000000000000000, 0.000000000000000000 ) ) ;
#719 = ORIENTED_EDGE ( 'NONE', *, *, #3782, .T. ) ;
#720 = ORIENTED_EDGE ( 'NONE', *, *, #2359, .F. ) ;
#721 = CARTESIAN_POINT ( 'NONE',  ( 0.4299999999999999933, 2.934361085619389797, -0.5000000000000000000 ) ) ;
#722 = PRESENTATION_STYLE_ASSIGNMENT (( #1343 ) ) ;
#723 = FILL_AREA_STYLE_COLOUR ( '', #1152 ) ;
#724 = LINE ( 'NONE', #1762, #462 ) ;
#725 =( LENGTH_UNIT ( ) NAMED_UNIT ( * ) SI_UNIT ( .MILLI., .METRE. ) );
#726 = ORIENTED_EDGE ( 'NONE', *, *, #165, .F. ) ;
#727 = DIRECTION ( 'NONE',  ( -1.606225440719260007E-15, 1.000000000000000000, 0.000000000000000000 ) ) ;
#728 = CARTESIAN_POINT ( 'NONE',  ( 2.429269594412790223, 0.2449999999999999956, -0.4699999999999999734 ) ) ;
#729 = SURFACE_STYLE_USAGE ( .BOTH. , #391 ) ;
#730 = VECTOR ( 'NONE', #1304, 1000.000000000000000 ) ;
#731 = ORIENTED_EDGE ( 'NONE', *, *, #2289, .F. ) ;
#732 = PRESENTATION_STYLE_ASSIGNMENT (( #3620 ) ) ;
#733 = ADVANCED_FACE ( 'NONE', ( #2222 ), #19, .T. ) ;
#734 = DIRECTION ( 'NONE',  ( 0.000000000000000000, 0.000000000000000000, 1.000000000000000000 ) ) ;
#735 = VECTOR ( 'NONE', #3274, 1000.000000000000000 ) ;
#736 = ORIENTED_EDGE ( 'NONE', *, *, #182, .F. ) ;
#737 = ORIENTED_EDGE ( 'NONE', *, *, #3730, .F. ) ;
#738 = CIRCLE ( 'NONE', #467, 0.02000000000000005246 ) ;
#739 = VECTOR ( 'NONE', #1290, 1000.000000000000000 ) ;
#740 = DIRECTION ( 'NONE',  ( 0.000000000000000000, 0.000000000000000000, 1.000000000000000000 ) ) ;
#741 = CARTESIAN_POINT ( 'NONE',  ( -1.699999999999999956, 2.934361085619389797, -0.4699999999999999734 ) ) ;
#742 = DIRECTION ( 'NONE',  ( 1.000000000000000000, 0.000000000000000000, 0.000000000000000000 ) ) ;
#743 = FACE_OUTER_BOUND ( 'NONE', #3416, .T. ) ;
#744 = ORIENTED_EDGE ( 'NONE', *, *, #2359, .T. ) ;
#745 = LINE ( 'NONE', #3266, #1452 ) ;
#746 = CARTESIAN_POINT ( 'NONE',  ( -2.439999999999999947, -2.919999999999999929, -0.1900000000000000022 ) ) ;
#747 = CARTESIAN_POINT ( 'NONE',  ( -2.429269594412790223, 0.6550000000000000266, -0.5000000000000000000 ) ) ;
#748 = SURFACE_STYLE_FILL_AREA ( #4128 ) ;
#749 = ORIENTED_EDGE ( 'NONE', *, *, #1958, .F. ) ;
#750 = VECTOR ( 'NONE', #2630, 1000.000000000000000 ) ;
#751 = CARTESIAN_POINT ( 'NONE',  ( 1.590000000000000080, -2.939999999999999947, -0.5000000000000000000 ) ) ;
#752 = LINE ( 'NONE', #3945, #1200 ) ;
#753 = CARTESIAN_POINT ( 'NONE',  ( 1.590000000000000080, -3.075000000000000178, -0.5000000000000000000 ) ) ;
#754 = EDGE_CURVE ( 'NONE', #4088, #223, #2700, .T. ) ;
#755 = ORIENTED_EDGE ( 'NONE', *, *, #2474, .F. ) ;
#756 =( BOUNDED_CURVE ( )  B_SPLINE_CURVE ( 3, ( #2396, #3371, #3408, #3710 ),
 .UNSPECIFIED., .F., .T. ) 
 B_SPLINE_CURVE_WITH_KNOTS ( ( 4, 4 ),
 ( 5.503250352303568960, 7.063120262055603504 ),
 .UNSPECIFIED. ) 
 CURVE ( )  GEOMETRIC_REPRESENTATION_ITEM ( )  RATIONAL_B_SPLINE_CURVE ( ( 1.000000000000000000, 0.8073061876035805273, 0.8073061876035805273, 1.000000000000000000 ) ) 
 REPRESENTATION_ITEM ( '' )  );
#757 = VECTOR ( 'NONE', #3920, 1000.000000000000000 ) ;
#758 = CARTESIAN_POINT ( 'NONE',  ( 0.4299999999999999933, 2.939999999999999947, -0.5000000000000000000 ) ) ;
#759 = EDGE_CURVE ( 'NONE', #4067, #1146, #496, .T. ) ;
#760 = VERTEX_POINT ( 'NONE', #1410 ) ;
#761 = ORIENTED_EDGE ( 'NONE', *, *, #2525, .F. ) ;
#762 =( NAMED_UNIT ( * ) PLANE_ANGLE_UNIT ( ) SI_UNIT ( $, .RADIAN. ) );
#763 = DIRECTION ( 'NONE',  ( -7.375524982894588548E-17, -1.000000000000000000, 0.000000000000000000 ) ) ;
#764 = CARTESIAN_POINT ( 'NONE',  ( 2.439999999999999947, -2.919999999999999929, -0.1900000000000000022 ) ) ;
#765 = ADVANCED_FACE ( 'NONE', ( #1682 ), #3995, .T. ) ;
#766 = PLANE ( 'NONE',  #3462 ) ;
#767 = ORIENTED_EDGE ( 'NONE', *, *, #2844, .T. ) ;
#768 = DIRECTION ( 'NONE',  ( -0.1039620511844979861, -0.1039620511844979861, -0.9891328443778538704 ) ) ;
#769 = VERTEX_POINT ( 'NONE', #2050 ) ;
#770 = UNCERTAINTY_MEASURE_WITH_UNIT (LENGTH_MEASURE( 1.000000000000000082E-05 ), #84, 'distance_accuracy_value', 'NONE');
#771 = PLANE ( 'NONE',  #2471 ) ;
#772 = LINE ( 'NONE', #1390, #1482 ) ;
#773 = FACE_OUTER_BOUND ( 'NONE', #1811, .T. ) ;
#774 = ORIENTED_EDGE ( 'NONE', *, *, #2498, .T. ) ;
#775 = LINE ( 'NONE', #1661, #254 ) ;
#776 = ORIENTED_EDGE ( 'NONE', *, *, #817, .T. ) ;
#777 = EDGE_CURVE ( 'NONE', #3522, #296, #2319, .T. ) ;
#778 = CARTESIAN_POINT ( 'NONE',  ( 0.4046821765804490267, 2.500000000000000000, -0.5000000000000000000 ) ) ;
#779 = ORIENTED_EDGE ( 'NONE', *, *, #1845, .F. ) ;
#780 = ORIENTED_EDGE ( 'NONE', *, *, #1489, .T. ) ;
#781 = CARTESIAN_POINT ( 'NONE',  ( -0.8653178234195509910, 2.934361085619389797, -0.5000000000000000000 ) ) ;
#782 = EDGE_CURVE ( 'NONE', #2484, #937, #3250, .T. ) ;
#783 = CARTESIAN_POINT ( 'NONE',  ( 2.000000000000000000, 0.6550000000000000266, -0.2200000000000000011 ) ) ;
#784 = DIRECTION ( 'NONE',  ( 0.000000000000000000, 0.000000000000000000, 1.000000000000000000 ) ) ;
#785 = LINE ( 'NONE', #3992, #3183 ) ;
#786 = LINE ( 'NONE', #2125, #1803 ) ;
#787 = ORIENTED_EDGE ( 'NONE', *, *, #3407, .F. ) ;
#788 = EDGE_CURVE ( 'NONE', #2817, #1688, #2994, .T. ) ;
#789 = SURFACE_SIDE_STYLE ('',( #2636 ) ) ;
#790 = EDGE_CURVE ( 'NONE', #1823, #235, #745, .T. ) ;
#791 = CARTESIAN_POINT ( 'NONE',  ( 1.699999999999999956, 2.934361085619389797, -0.5000000000000000000 ) ) ;
#792 = DIRECTION ( 'NONE',  ( 0.000000000000000000, 0.000000000000000000, 1.000000000000000000 ) ) ;
#793 = CARTESIAN_POINT ( 'NONE',  ( 0.4299999999999999933, 3.075000000000000178, -0.5000000000000000000 ) ) ;
#794 = ADVANCED_FACE ( 'NONE', ( #1370 ), #3653, .T. ) ;
#795 = ORIENTED_EDGE ( 'NONE', *, *, #2918, .F. ) ;
#796 = CARTESIAN_POINT ( 'NONE',  ( 2.000000000000000000, 0.6800000000000000488, -0.5000000000000000000 ) ) ;
#797 = FILL_AREA_STYLE ('',( #823 ) ) ;
#798 =( LENGTH_UNIT ( ) NAMED_UNIT ( * ) SI_UNIT ( .MILLI., .METRE. ) );
#799 = CIRCLE ( 'NONE', #3805, 0.02000000000000005246 ) ;
#800 = PLANE ( 'NONE',  #3905 ) ;
#801 = ORIENTED_EDGE ( 'NONE', *, *, #1169, .F. ) ;
#802 = ORIENTED_EDGE ( 'NONE', *, *, #1393, .F. ) ;
#803 = CARTESIAN_POINT ( 'NONE',  ( -1.554999999999999938, -2.500000000000000000, -0.5000000000000000000 ) ) ;
#804 = CARTESIAN_POINT ( 'NONE',  ( -2.000000000000000000, -3.075000000000000178, -0.5000000000000000000 ) ) ;
#805 = AXIS2_PLACEMENT_3D ( 'NONE', #3291, #1679, #156 ) ;
#806 = LINE ( 'NONE', #2298, #3284 ) ;
#807 = CARTESIAN_POINT ( 'NONE',  ( 2.429269594412790223, 0.2449999999999999956, -0.4699999999999999734 ) ) ;
#808 = ORIENTED_EDGE ( 'NONE', *, *, #146, .F. ) ;
#809 =( GEOMETRIC_REPRESENTATION_CONTEXT ( 3 ) GLOBAL_UNCERTAINTY_ASSIGNED_CONTEXT ( ( #4005 ) ) GLOBAL_UNIT_ASSIGNED_CONTEXT ( ( #2879, #4121, #2518 ) ) REPRESENTATION_CONTEXT ( 'NONE', 'WORKASPACE' ) );
#810 = VERTEX_POINT ( 'NONE', #837 ) ;
#811 = PRESENTATION_LAYER_ASSIGNMENT (  '', '', ( #1333 ) ) ;
#812 = FILL_AREA_STYLE ('',( #2677 ) ) ;
#813 = CARTESIAN_POINT ( 'NONE',  ( -2.446846872942029627, 0.000000000000000000, -0.1900000000000000022 ) ) ;
#814 = AXIS2_PLACEMENT_3D ( 'NONE', #944, #3791, #1916 ) ;
#815 = CARTESIAN_POINT ( 'NONE',  ( -1.699999999999999956, 3.075000000000000178, -0.2200000000000000011 ) ) ;
#816 = VERTEX_POINT ( 'NONE', #3781 ) ;
#817 = EDGE_CURVE ( 'NONE', #2771, #3819, #3949, .T. ) ;
#818 = ORIENTED_EDGE ( 'NONE', *, *, #1209, .T. ) ;
#819 = AXIS2_PLACEMENT_3D ( 'NONE', #1981, #3500, #3237 ) ;
#820 = FILL_AREA_STYLE_COLOUR ( '', #2390 ) ;
#821 = COLOUR_RGB ( '',0.2000000000000000111, 0.2000000000000000111, 0.2000000000000000111 ) ;
#822 = ADVANCED_FACE ( 'NONE', ( #1198 ), #3055, .F. ) ;
#823 = FILL_AREA_STYLE_COLOUR ( '', #3886 ) ;
#824 =( GEOMETRIC_REPRESENTATION_CONTEXT ( 3 ) GLOBAL_UNCERTAINTY_ASSIGNED_CONTEXT ( ( #250 ) ) GLOBAL_UNIT_ASSIGNED_CONTEXT ( ( #1338, #396, #2433 ) ) REPRESENTATION_CONTEXT ( 'NONE', 'WORKASPACE' ) );
#825 = VERTEX_POINT ( 'NONE', #1842 ) ;
#826 = PRESENTATION_STYLE_ASSIGNMENT (( #2076 ) ) ;
#827 = VECTOR ( 'NONE', #3413, 1000.000000000000000 ) ;
#828 = FILL_AREA_STYLE ('',( #2449 ) ) ;
#829 = VERTEX_POINT ( 'NONE', #194 ) ;
#830 = ORIENTED_EDGE ( 'NONE', *, *, #2300, .F. ) ;
#831 = CARTESIAN_POINT ( 'NONE',  ( -2.439999999999999947, 0.2449999999999999956, -0.4699999999999999734 ) ) ;
#832 = PLANE ( 'NONE',  #1336 ) ;
#833 = DIRECTION ( 'NONE',  ( -9.984339835042528750E-16, 1.000000000000000000, 0.000000000000000000 ) ) ;
#834 = LINE ( 'NONE', #173, #3898 ) ;
#835 = DIRECTION ( 'NONE',  ( 0.000000000000000000, 0.000000000000000000, 1.000000000000000000 ) ) ;
#836 = ORIENTED_EDGE ( 'NONE', *, *, #3890, .F. ) ;
#837 = CARTESIAN_POINT ( 'NONE',  ( -2.109999999999999876, 3.075000000000000178, -0.2200000000000000011 ) ) ;
#838 = LINE ( 'NONE', #1086, #3082 ) ;
#839 = EDGE_CURVE ( 'NONE', #2356, #2574, #1540, .T. ) ;
#840 = CARTESIAN_POINT ( 'NONE',  ( 0.4299999999999999933, 3.075000000000000178, -0.5000000000000000000 ) ) ;
#841 = DIRECTION ( 'NONE',  ( 0.000000000000000000, 1.000000000000000000, 0.000000000000000000 ) ) ;
#842 = LINE ( 'NONE', #473, #1269 ) ;
#843 = ORIENTED_EDGE ( 'NONE', *, *, #3940, .T. ) ;
#844 =( LENGTH_UNIT ( ) NAMED_UNIT ( * ) SI_UNIT ( .MILLI., .METRE. ) );
#845 = EDGE_CURVE ( 'NONE', #3606, #2771, #2494, .T. ) ;
#846 = FACE_OUTER_BOUND ( 'NONE', #1560, .T. ) ;
#847 = UNCERTAINTY_MEASURE_WITH_UNIT (LENGTH_MEASURE( 1.000000000000000082E-05 ), #131, 'distance_accuracy_value', 'NONE');
#848 = VERTEX_POINT ( 'NONE', #4119 ) ;
#849 = EDGE_CURVE ( 'NONE', #3264, #1570, #1646, .T. ) ;
#850 = CARTESIAN_POINT ( 'NONE',  ( 0.8400000000000000799, 2.939999999999999947, -0.2200000000000000011 ) ) ;
#851 = ORIENTED_EDGE ( 'NONE', *, *, #372, .T. ) ;
#852 = CARTESIAN_POINT ( 'NONE',  ( 2.109999999999999876, 2.939999999999999947, -0.4699999999999999734 ) ) ;
#853 = CARTESIAN_POINT ( 'NONE',  ( -2.439999999999999947, 2.939999999999999947, -0.4699999999999999734 ) ) ;
#854 = ORIENTED_EDGE ( 'NONE', *, *, #1639, .F. ) ;
#855 = SURFACE_STYLE_USAGE ( .BOTH. , #191 ) ;
#856 = ORIENTED_EDGE ( 'NONE', *, *, #3948, .T. ) ;
#857 = CARTESIAN_POINT ( 'NONE',  ( -1.699999999999999956, 3.075000000000000178, -0.5000000000000000000 ) ) ;
#858 = ORIENTED_EDGE ( 'NONE', *, *, #3418, .T. ) ;
#859 = DIRECTION ( 'NONE',  ( 1.000000000000000000, 0.000000000000000000, 0.000000000000000000 ) ) ;
#860 = ORIENTED_EDGE ( 'NONE', *, *, #2120, .T. ) ;
#861 = DIRECTION ( 'NONE',  ( 1.000000000000000000, 0.000000000000000000, 0.000000000000000000 ) ) ;
#862 =( NAMED_UNIT ( * ) SI_UNIT ( $, .STERADIAN. ) SOLID_ANGLE_UNIT ( ) );
#863 = ADVANCED_FACE ( 'NONE', ( #2897 ), #1608, .T. ) ;
#864 = VERTEX_POINT ( 'NONE', #305 ) ;
#865 = SURFACE_SIDE_STYLE ('',( #4134 ) ) ;
#866 = FACE_OUTER_BOUND ( 'NONE', #898, .T. ) ;
#867 = DIRECTION ( 'NONE',  ( 0.000000000000000000, -1.000000000000000000, 0.000000000000000000 ) ) ;
#868 = VECTOR ( 'NONE', #2453, 1000.000000000000000 ) ;
#869 = LINE ( 'NONE', #906, #1398 ) ;
#870 = VERTEX_POINT ( 'NONE', #3495 ) ;
#871 = ORIENTED_EDGE ( 'NONE', *, *, #649, .F. ) ;
#872 = CARTESIAN_POINT ( 'NONE',  ( -2.000000000000000000, 0.6800000000000000488, -0.5000000000000000000 ) ) ;
#873 = CARTESIAN_POINT ( 'NONE',  ( 1.590000000000000080, -3.075000000000000178, -0.5000000000000000000 ) ) ;
#874 = VECTOR ( 'NONE', #2257, 1000.000000000000000 ) ;
#875 = ORIENTED_EDGE ( 'NONE', *, *, #388, .T. ) ;
#876 = MECHANICAL_DESIGN_GEOMETRIC_PRESENTATION_REPRESENTATION (  '', ( #1941 ), #403 ) ;
#877 = FACE_OUTER_BOUND ( 'NONE', #447, .T. ) ;
#878 = STYLED_ITEM ( 'NONE', ( #2957 ), #3117 ) ;
#879 = DIRECTION ( 'NONE',  ( -1.000000000000000000, 0.000000000000000000, 0.000000000000000000 ) ) ;
#880 = VECTOR ( 'NONE', #1584, 1000.000000000000000 ) ;
#881 = LINE ( 'NONE', #2371, #3762 ) ;
#882 = COLOUR_RGB ( '',0.2000000000000000111, 0.2000000000000000111, 0.2000000000000000111 ) ;
#883 = EDGE_CURVE ( 'NONE', #1618, #1511, #929, .T. ) ;
#884 = COLOUR_RGB ( '',0.2000000000000000111, 0.2000000000000000111, 0.2000000000000000111 ) ;
#885 = ORIENTED_EDGE ( 'NONE', *, *, #1924, .T. ) ;
#886 = PRODUCT_CONTEXT ( 'NONE', #384, 'mechanical' ) ;
#887 =( NAMED_UNIT ( * ) SI_UNIT ( $, .STERADIAN. ) SOLID_ANGLE_UNIT ( ) );
#888 = CARTESIAN_POINT ( 'NONE',  ( -2.109999999999999876, 2.934361085619389797, -0.5000000000000000000 ) ) ;
#889 = ADVANCED_FACE ( 'NONE', ( #3558 ), #1016, .T. ) ;
#890 = LINE ( 'NONE', #2160, #3481 ) ;
#891 = CARTESIAN_POINT ( 'NONE',  ( -2.135317823419550010, 2.934361085619389797, -0.5000000000000000000 ) ) ;
#892 = VERTEX_POINT ( 'NONE', #3888 ) ;
#893 = ORIENTED_EDGE ( 'NONE', *, *, #3567, .F. ) ;
#894 = CARTESIAN_POINT ( 'NONE',  ( 2.109999999999999876, 2.939999999999999947, -0.5000000000000000000 ) ) ;
#895 = EDGE_CURVE ( 'NONE', #2833, #3409, #799, .T. ) ;
#896 = VECTOR ( 'NONE', #3996, 1000.000000000000000 ) ;
#897 = SURFACE_STYLE_FILL_AREA ( #3420 ) ;
#898 = EDGE_LOOP ( 'NONE', ( #428, #2316, #4103, #2302 ) ) ;
#899 = PLANE ( 'NONE',  #3607 ) ;
#900 = FACE_OUTER_BOUND ( 'NONE', #2080, .T. ) ;
#901 = ORIENTED_EDGE ( 'NONE', *, *, #1845, .T. ) ;
#902 = VERTEX_POINT ( 'NONE', #290 ) ;
#903 = ORIENTED_EDGE ( 'NONE', *, *, #3006, .T. ) ;
#904 = FACE_OUTER_BOUND ( 'NONE', #4072, .T. ) ;
#905 = LINE ( 'NONE', #268, #2868 ) ;
#906 = CARTESIAN_POINT ( 'NONE',  ( 2.575000000000000178, 0.2449999999999999956, -0.5000000000000000000 ) ) ;
#907 = ORIENTED_EDGE ( 'NONE', *, *, #970, .T. ) ;
#908 = DIRECTION ( 'NONE',  ( -1.000000000000000000, 0.000000000000000000, 0.000000000000000000 ) ) ;
#909 = DIRECTION ( 'NONE',  ( 0.000000000000000000, 0.000000000000000000, 1.000000000000000000 ) ) ;
#910 = DIRECTION ( 'NONE',  ( 0.000000000000000000, -1.000000000000000000, 0.000000000000000000 ) ) ;
#911 = EDGE_CURVE ( 'NONE', #1618, #3027, #1252, .T. ) ;
#912 = ADVANCED_FACE ( 'NONE', ( #991 ), #3188, .T. ) ;
#913 =( NAMED_UNIT ( * ) PLANE_ANGLE_UNIT ( ) SI_UNIT ( $, .RADIAN. ) );
#914 = ORIENTED_EDGE ( 'NONE', *, *, #3875, .F. ) ;
#915 = EDGE_LOOP ( 'NONE', ( #795, #2926, #265, #2485 ) ) ;
#916 = FILL_AREA_STYLE ('',( #3832 ) ) ;
#917 = DIRECTION ( 'NONE',  ( 1.000000000000000000, 0.000000000000000000, 0.000000000000000000 ) ) ;
#918 = ORIENTED_EDGE ( 'NONE', *, *, #3316, .T. ) ;
#919 = DIRECTION ( 'NONE',  ( 0.000000000000000000, 0.000000000000000000, 1.000000000000000000 ) ) ;
#920 = DIRECTION ( 'NONE',  ( 1.000000000000000000, -1.606225440719260007E-15, 0.000000000000000000 ) ) ;
#921 = DIRECTION ( 'NONE',  ( 0.000000000000000000, 0.000000000000000000, 1.000000000000000000 ) ) ;
#922 =( LENGTH_UNIT ( ) NAMED_UNIT ( * ) SI_UNIT ( .MILLI., .METRE. ) );
#923 = DIRECTION ( 'NONE',  ( 0.000000000000000000, 0.000000000000000000, 1.000000000000000000 ) ) ;
#924 = CARTESIAN_POINT ( 'NONE',  ( -0.4046821765804490267, 2.934361085619389797, -0.5000000000000000000 ) ) ;
#925 = ORIENTED_EDGE ( 'NONE', *, *, #366, .T. ) ;
#926 = CARTESIAN_POINT ( 'NONE',  ( -0.8400000000000000799, 2.934361085619389797, -0.4699999999999999734 ) ) ;
#927 = CARTESIAN_POINT ( 'NONE',  ( -2.135317823419550010, 2.500000000000000000, -0.5000000000000000000 ) ) ;
#928 = PLANE ( 'NONE',  #2417 ) ;
#929 = CIRCLE ( 'NONE', #1788, 0.03499999999999987843 ) ;
#930 = VECTOR ( 'NONE', #349, 1000.000000000000000 ) ;
#931 = SURFACE_STYLE_USAGE ( .BOTH. , #1959 ) ;
#932 =( GEOMETRIC_REPRESENTATION_CONTEXT ( 3 ) GLOBAL_UNCERTAINTY_ASSIGNED_CONTEXT ( ( #3608 ) ) GLOBAL_UNIT_ASSIGNED_CONTEXT ( ( #1476, #1149, #3384 ) ) REPRESENTATION_CONTEXT ( 'NONE', 'WORKASPACE' ) );
#933 = PRESENTATION_LAYER_ASSIGNMENT (  '', '', ( #2324 ) ) ;
#934 = ADVANCED_FACE ( 'NONE', ( #3472 ), #2825, .T. ) ;
#935 = CYLINDRICAL_SURFACE ( 'NONE', #3257, 0.03499999999999999639 ) ;
#936 = EDGE_LOOP ( 'NONE', ( #3357, #279, #4093, #2019 ) ) ;
#937 = VERTEX_POINT ( 'NONE', #3863 ) ;
#938 = AXIS2_PLACEMENT_3D ( 'NONE', #2366, #2409, #1448 ) ;
#939 = EDGE_CURVE ( 'NONE', #3158, #1244, #1342, .T. ) ;
#940 = DIRECTION ( 'NONE',  ( 0.000000000000000000, 1.000000000000000000, 0.000000000000000000 ) ) ;
#941 = ORIENTED_EDGE ( 'NONE', *, *, #3138, .T. ) ;
#942 = LINE ( 'NONE', #3489, #107 ) ;
#943 = AXIS2_PLACEMENT_3D ( 'NONE', #1925, #3842, #1953 ) ;
#944 = CARTESIAN_POINT ( 'NONE',  ( -2.342810809058290200, 2.842810809058290200, 0.4650000000000000244 ) ) ;
#945 = DIRECTION ( 'NONE',  ( 0.000000000000000000, 0.000000000000000000, 1.000000000000000000 ) ) ;
#946 = CARTESIAN_POINT ( 'NONE',  ( 2.000000000000000000, 0.6550000000000000266, -0.4699999999999999734 ) ) ;
#947 = DIRECTION ( 'NONE',  ( -1.000000000000000000, 0.000000000000000000, 0.000000000000000000 ) ) ;
#948 = PRESENTATION_LAYER_ASSIGNMENT (  '', '', ( #4025 ) ) ;
#949 = VECTOR ( 'NONE', #1942, 1000.000000000000000 ) ;
#950 = ORIENTED_EDGE ( 'NONE', *, *, #1509, .F. ) ;
#951 = DIRECTION ( 'NONE',  ( 1.000000000000000000, 0.000000000000000000, 0.000000000000000000 ) ) ;
#952 = CARTESIAN_POINT ( 'NONE',  ( 2.109999999999999876, 3.075000000000000178, -0.5000000000000000000 ) ) ;
#953 = VECTOR ( 'NONE', #1080, 1000.000000000000000 ) ;
#954 = LINE ( 'NONE', #2848, #1887 ) ;
#955 = LINE ( 'NONE', #3844, #1201 ) ;
#956 = CARTESIAN_POINT ( 'NONE',  ( 0.000000000000000000, 0.000000000000000000, -0.4699999999999999734 ) ) ;
#957 = EDGE_CURVE ( 'NONE', #1020, #295, #1583, .T. ) ;
#958 = PRESENTATION_STYLE_ASSIGNMENT (( #2526 ) ) ;
#959 = ORIENTED_EDGE ( 'NONE', *, *, #3600, .F. ) ;
#960 = ORIENTED_EDGE ( 'NONE', *, *, #1491, .F. ) ;
#961 = EDGE_CURVE ( 'NONE', #1360, #2001, #4007, .T. ) ;
#962 = CARTESIAN_POINT ( 'NONE',  ( 2.419999999999999929, 2.939999999999999947, -0.4699999999999999734 ) ) ;
#963 = AXIS2_PLACEMENT_3D ( 'NONE', #3611, #792, #2658 ) ;
#964 = VERTEX_POINT ( 'NONE', #3841 ) ;
#965 = EDGE_CURVE ( 'NONE', #295, #257, #1923, .T. ) ;
#966 = EDGE_CURVE ( 'NONE', #2294, #3083, #1627, .T. ) ;
#967 = FACE_OUTER_BOUND ( 'NONE', #2991, .T. ) ;
#968 = LINE ( 'NONE', #3527, #3688 ) ;
#969 = LINE ( 'NONE', #1538, #3268 ) ;
#970 = EDGE_CURVE ( 'NONE', #1711, #1945, #1903, .T. ) ;
#971 = VERTEX_POINT ( 'NONE', #3231 ) ;
#972 = CARTESIAN_POINT ( 'NONE',  ( 2.419999999999999929, 2.919999999999999929, -0.1900000000000000022 ) ) ;
#973 = CARTESIAN_POINT ( 'NONE',  ( -2.339516684270820157, -2.877619075396179671, 0.4686584962143680588 ) ) ;
#974 = CARTESIAN_POINT ( 'NONE',  ( -2.446846872942035400, 2.932474686002150666, -0.1900000000000000300 ) ) ;
#975 = LINE ( 'NONE', #655, #3614 ) ;
#976 = SURFACE_STYLE_USAGE ( .BOTH. , #3192 ) ;
#977 = LINE ( 'NONE', #2927, #1934 ) ;
#978 = DIRECTION ( 'NONE',  ( 1.000000000000000000, 0.000000000000000000, 0.000000000000000000 ) ) ;
#979 = LINE ( 'NONE', #3173, #329 ) ;
#980 = EDGE_LOOP ( 'NONE', ( #3575, #907, #1757, #2351, #2787, #2056, #1164, #1990 ) ) ;
#981 = ORIENTED_EDGE ( 'NONE', *, *, #3782, .F. ) ;
#982 = SURFACE_SIDE_STYLE ('',( #2182 ) ) ;
#983 = LINE ( 'NONE', #2243, #3954 ) ;
#984 = ORIENTED_EDGE ( 'NONE', *, *, #2468, .T. ) ;
#985 =( NAMED_UNIT ( * ) SI_UNIT ( $, .STERADIAN. ) SOLID_ANGLE_UNIT ( ) );
#986 = LINE ( 'NONE', #287, #3963 ) ;
#987 = EDGE_CURVE ( 'NONE', #2081, #2920, #81, .T. ) ;
#988 = ORIENTED_EDGE ( 'NONE', *, *, #312, .F. ) ;
#989 = VERTEX_POINT ( 'NONE', #926 ) ;
#990 = ORIENTED_EDGE ( 'NONE', *, *, #3412, .T. ) ;
#991 = FACE_OUTER_BOUND ( 'NONE', #2334, .T. ) ;
#992 = LINE ( 'NONE', #3823, #1671 ) ;
#993 = CARTESIAN_POINT ( 'NONE',  ( 1.590000000000000080, -2.936507972946180267, -0.5000000000000000000 ) ) ;
#994 = FILL_AREA_STYLE_COLOUR ( '', #1003 ) ;
#995 = DIRECTION ( 'NONE',  ( 0.000000000000000000, -1.000000000000000000, 0.000000000000000000 ) ) ;
#996 = CARTESIAN_POINT ( 'NONE',  ( 2.180488922046790012, 2.426592021952190148, 0.5000000000000000000 ) ) ;
#997 = DIRECTION ( 'NONE',  ( 1.000000000000000000, 0.000000000000000000, 0.000000000000000000 ) ) ;
#998 = AXIS2_PLACEMENT_3D ( 'NONE', #1621, #4094, #3486 ) ;
#999 = CARTESIAN_POINT ( 'NONE',  ( 2.342810809058290200, -2.842810809058290200, 0.5000000000000000000 ) ) ;
#1000 = VERTEX_POINT ( 'NONE', #3646 ) ;
#1001 = ORIENTED_EDGE ( 'NONE', *, *, #4043, .T. ) ;
#1002 = PRESENTATION_LAYER_ASSIGNMENT (  '', '', ( #2928 ) ) ;
#1003 = COLOUR_RGB ( '',0.2000000000000000111, 0.2000000000000000111, 0.2000000000000000111 ) ;
#1004 = CARTESIAN_POINT ( 'NONE',  ( -2.429269594412790223, 0.6800000000000000488, -0.5000000000000000000 ) ) ;
#1005 = CARTESIAN_POINT ( 'NONE',  ( -0.8400000000000000799, 2.939999999999999947, -0.4699999999999999734 ) ) ;
#1006 = COLOUR_RGB ( '',0.2000000000000000111, 0.2000000000000000111, 0.2000000000000000111 ) ;
#1007 = VECTOR ( 'NONE', #3826, 1000.000000000000000 ) ;
#1008 = ORIENTED_EDGE ( 'NONE', *, *, #2026, .T. ) ;
#1009 = FACE_OUTER_BOUND ( 'NONE', #3839, .T. ) ;
#1010 = VECTOR ( 'NONE', #610, 1000.000000000000000 ) ;
#1011 = EDGE_CURVE ( 'NONE', #1172, #1539, #2649, .T. ) ;
#1012 = CARTESIAN_POINT ( 'NONE',  ( 2.000000000000000000, -2.936507972946180267, -0.5000000000000000000 ) ) ;
#1013 =( NAMED_UNIT ( * ) SI_UNIT ( $, .STERADIAN. ) SOLID_ANGLE_UNIT ( ) );
#1014 = ORIENTED_EDGE ( 'NONE', *, *, #1470, .F. ) ;
#1015 = ORIENTED_EDGE ( 'NONE', *, *, #261, .F. ) ;
#1016 = PLANE ( 'NONE',  #2840 ) ;
#1017 = EDGE_CURVE ( 'NONE', #4056, #3076, #3930, .T. ) ;
#1018 = CARTESIAN_POINT ( 'NONE',  ( -2.342810809058290200, 2.842810809058290200, 0.4650000000000000244 ) ) ;
#1019 = PRESENTATION_STYLE_ASSIGNMENT (( #1285 ) ) ;
#1020 = VERTEX_POINT ( 'NONE', #1101 ) ;
#1021 = STYLED_ITEM ( 'NONE', ( #74 ), #3915 ) ;
#1022 = EDGE_CURVE ( 'NONE', #2439, #2634, #3351, .T. ) ;
#1023 = CARTESIAN_POINT ( 'NONE',  ( 2.034999999999999698, -2.137027193381950241, -0.5000000000000000000 ) ) ;
#1024 = PLANE ( 'NONE',  #3415 ) ;
#1025 = DIRECTION ( 'NONE',  ( 1.000000000000000000, 0.000000000000000000, 0.000000000000000000 ) ) ;
#1026 = FACE_OUTER_BOUND ( 'NONE', #3421, .T. ) ;
#1027 = ORIENTED_EDGE ( 'NONE', *, *, #1751, .F. ) ;
#1028 = ORIENTED_EDGE ( 'NONE', *, *, #759, .T. ) ;
#1029 = FACE_OUTER_BOUND ( 'NONE', #2563, .T. ) ;
#1030 = VECTOR ( 'NONE', #2975, 1000.000000000000000 ) ;
#1031 = LINE ( 'NONE', #2291, #132 ) ;
#1032 = DIRECTION ( 'NONE',  ( 0.000000000000000000, -1.000000000000000000, 0.000000000000000000 ) ) ;
#1033 = ORIENTED_EDGE ( 'NONE', *, *, #3042, .T. ) ;
#1034 = AXIS2_PLACEMENT_3D ( 'NONE', #1555, #2818, #2509 ) ;
#1035 = ORIENTED_EDGE ( 'NONE', *, *, #2283, .F. ) ;
#1036 = ORIENTED_EDGE ( 'NONE', *, *, #1701, .T. ) ;
#1037 = LINE ( 'NONE', #1736, #1065 ) ;
#1038 = LINE ( 'NONE', #783, #3828 ) ;
#1039 = LINE ( 'NONE', #3916, #3119 ) ;
#1040 = DIRECTION ( 'NONE',  ( 0.000000000000000000, 0.000000000000000000, 1.000000000000000000 ) ) ;
#1041 = VERTEX_POINT ( 'NONE', #442 ) ;
#1042 = LINE ( 'NONE', #1653, #230 ) ;
#1043 = EDGE_CURVE ( 'NONE', #1050, #2001, #170, .T. ) ;
#1044 = DIRECTION ( 'NONE',  ( -0.000000000000000000, 1.000000000000000000, 0.000000000000000000 ) ) ;
#1045 =( NAMED_UNIT ( * ) SI_UNIT ( $, .STERADIAN. ) SOLID_ANGLE_UNIT ( ) );
#1046 = ORIENTED_EDGE ( 'NONE', *, *, #557, .T. ) ;
#1047 = CARTESIAN_POINT ( 'NONE',  ( -2.000000000000000000, -3.075000000000000178, -0.5000000000000000000 ) ) ;
#1048 =( BOUNDED_CURVE ( )  B_SPLINE_CURVE ( 3, ( #1904, #974, #307, #2279 ),
 .UNSPECIFIED., .F., .T. ) 
 B_SPLINE_CURVE_WITH_KNOTS ( ( 4, 4 ),
 ( 5.503250352303568960, 7.063120262055603504 ),
 .UNSPECIFIED. ) 
 CURVE ( )  GEOMETRIC_REPRESENTATION_ITEM ( )  RATIONAL_B_SPLINE_CURVE ( ( 1.000000000000000000, 0.8073061876035805273, 0.8073061876035805273, 1.000000000000000000 ) ) 
 REPRESENTATION_ITEM ( '' )  );
#1049 = CARTESIAN_POINT ( 'NONE',  ( 2.000000000000000000, -2.137027193381950241, -0.5000000000000000000 ) ) ;
#1050 = VERTEX_POINT ( 'NONE', #3329 ) ;
#1051 = ORIENTED_EDGE ( 'NONE', *, *, #3458, .F. ) ;
#1052 = CARTESIAN_POINT ( 'NONE',  ( -2.383684026311849724, 2.883684026311849724, 0.07611731463296289579 ) ) ;
#1053 = SURFACE_STYLE_FILL_AREA ( #491 ) ;
#1054 = CARTESIAN_POINT ( 'NONE',  ( -1.554999999999999938, -2.936507972946180267, -0.5000000000000000000 ) ) ;
#1055 = ORIENTED_EDGE ( 'NONE', *, *, #777, .T. ) ;
#1056 = UNCERTAINTY_MEASURE_WITH_UNIT (LENGTH_MEASURE( 1.000000000000000082E-05 ), #1226, 'distance_accuracy_value', 'NONE');
#1057 = PRESENTATION_STYLE_ASSIGNMENT (( #2067 ) ) ;
#1058 = DIRECTION ( 'NONE',  ( 0.000000000000000000, 0.000000000000000000, -1.000000000000000000 ) ) ;
#1059 = EDGE_CURVE ( 'NONE', #17, #2331, #2082, .T. ) ;
#1060 = DIRECTION ( 'NONE',  ( -0.000000000000000000, 1.000000000000000000, 0.000000000000000000 ) ) ;
#1061 = SURFACE_STYLE_USAGE ( .BOTH. , #1723 ) ;
#1062 = VERTEX_POINT ( 'NONE', #423 ) ;
#1063 = DIRECTION ( 'NONE',  ( 0.000000000000000000, 1.000000000000000000, 0.000000000000000000 ) ) ;
#1064 = ADVANCED_FACE ( 'NONE', ( #2984 ), #2965, .T. ) ;
#1065 = VECTOR ( 'NONE', #152, 1000.000000000000000 ) ;
#1066 = DIRECTION ( 'NONE',  ( 0.000000000000000000, 0.000000000000000000, 1.000000000000000000 ) ) ;
#1067 = PLANE ( 'NONE',  #6 ) ;
#1068 = DIRECTION ( 'NONE',  ( 0.000000000000000000, 0.000000000000000000, -1.000000000000000000 ) ) ;
#1069 = CIRCLE ( 'NONE', #2387, 0.2000000000000000944 ) ;
#1070 = ORIENTED_EDGE ( 'NONE', *, *, #4043, .F. ) ;
#1071 = CARTESIAN_POINT ( 'NONE',  ( -2.429269594412790223, 0.2449999999999999956, -0.4699999999999999734 ) ) ;
#1072 = EDGE_CURVE ( 'NONE', #3494, #3644, #1037, .T. ) ;
#1073 = CARTESIAN_POINT ( 'NONE',  ( 0.8400000000000000799, 2.500000000000000000, -0.5000000000000000000 ) ) ;
#1074 = VECTOR ( 'NONE', #514, 1000.000000000000000 ) ;
#1075 = VECTOR ( 'NONE', #1303, 1000.000000000000000 ) ;
#1076 = ORIENTED_EDGE ( 'NONE', *, *, #576, .T. ) ;
#1077 = ORIENTED_EDGE ( 'NONE', *, *, #221, .F. ) ;
#1078 = PRESENTATION_LAYER_ASSIGNMENT (  '', '', ( #1860 ) ) ;
#1079 = CARTESIAN_POINT ( 'NONE',  ( -2.034999999999999698, -2.936507972946180267, -0.5000000000000000000 ) ) ;
#1080 = DIRECTION ( 'NONE',  ( 0.000000000000000000, 0.000000000000000000, 1.000000000000000000 ) ) ;
#1081 = SURFACE_STYLE_USAGE ( .BOTH. , #3955 ) ;
#1082 = DIRECTION ( 'NONE',  ( 0.000000000000000000, 1.000000000000000000, 0.000000000000000000 ) ) ;
#1083 = MECHANICAL_DESIGN_GEOMETRIC_PRESENTATION_REPRESENTATION (  '', ( #2017 ), #609 ) ;
#1084 = ORIENTED_EDGE ( 'NONE', *, *, #366, .F. ) ;
#1085 = VECTOR ( 'NONE', #3100, 1000.000000000000000 ) ;
#1086 = CARTESIAN_POINT ( 'NONE',  ( -0.4046821765804490267, 2.500000000000000000, -0.5000000000000000000 ) ) ;
#1087 = LINE ( 'NONE', #1982, #623 ) ;
#1088 = CARTESIAN_POINT ( 'NONE',  ( -2.429269594412790223, 0.6800000000000000488, -0.4699999999999999734 ) ) ;
#1089 = EDGE_CURVE ( 'NONE', #2970, #4088, #1425, .T. ) ;
#1090 = VECTOR ( 'NONE', #718, 1000.000000000000000 ) ;
#1091 = CARTESIAN_POINT ( 'NONE',  ( -2.135317823419550010, 2.500000000000000000, -0.4699999999999999734 ) ) ;
#1092 = SURFACE_STYLE_FILL_AREA ( #797 ) ;
#1093 = EDGE_CURVE ( 'NONE', #1155, #1306, #119, .T. ) ;
#1094 = ORIENTED_EDGE ( 'NONE', *, *, #425, .T. ) ;
#1095 = VECTOR ( 'NONE', #2088, 1000.000000000000000 ) ;
#1096 = LINE ( 'NONE', #2940, #3696 ) ;
#1097 = EDGE_CURVE ( 'NONE', #3083, #574, #3029, .T. ) ;
#1098 = ORIENTED_EDGE ( 'NONE', *, *, #3585, .T. ) ;
#1099 = EDGE_CURVE ( 'NONE', #2405, #3442, #1117, .T. ) ;
#1100 = ORIENTED_EDGE ( 'NONE', *, *, #3247, .T. ) ;
#1101 = CARTESIAN_POINT ( 'NONE',  ( -2.439999999999999947, 0.2449999999999999956, -0.4699999999999999734 ) ) ;
#1102 = AXIS2_PLACEMENT_3D ( 'NONE', #3484, #297, #1572 ) ;
#1103 = DIRECTION ( 'NONE',  ( 1.000000000000000000, 0.000000000000000000, 0.000000000000000000 ) ) ;
#1104 = EDGE_CURVE ( 'NONE', #1244, #3700, #3988, .T. ) ;
#1105 = CARTESIAN_POINT ( 'NONE',  ( 2.135317823419550010, 2.934361085619389797, -0.5000000000000000000 ) ) ;
#1106 = ORIENTED_EDGE ( 'NONE', *, *, #528, .F. ) ;
#1107 = STYLED_ITEM ( 'NONE', ( #826 ), #28 ) ;
#1108 = DIRECTION ( 'NONE',  ( 0.000000000000000000, -1.000000000000000000, 0.000000000000000000 ) ) ;
#1109 = DIRECTION ( 'NONE',  ( 1.000000000000000000, -4.928191693115929783E-16, 0.000000000000000000 ) ) ;
#1110 = ORIENTED_EDGE ( 'NONE', *, *, #1865, .F. ) ;
#1111 = CARTESIAN_POINT ( 'NONE',  ( -1.699999999999999956, 3.075000000000000178, -0.5000000000000000000 ) ) ;
#1112 = PLANE ( 'NONE',  #3186 ) ;
#1113 = DIRECTION ( 'NONE',  ( 1.000000000000000000, 0.000000000000000000, 0.000000000000000000 ) ) ;
#1114 = DIRECTION ( 'NONE',  ( 0.000000000000000000, 0.000000000000000000, 1.000000000000000000 ) ) ;
#1115 = ORIENTED_EDGE ( 'NONE', *, *, #2260, .F. ) ;
#1116 = EDGE_LOOP ( 'NONE', ( #1680, #2065, #4130, #3512 ) ) ;
#1117 = LINE ( 'NONE', #2296, #3873 ) ;
#1118 = EDGE_CURVE ( 'NONE', #2200, #1274, #3665, .T. ) ;
#1119 = SURFACE_STYLE_USAGE ( .BOTH. , #3931 ) ;
#1120 = FACE_OUTER_BOUND ( 'NONE', #2765, .T. ) ;
#1121 = EDGE_LOOP ( 'NONE', ( #3220, #3829, #1863, #3426, #801, #2601 ) ) ;
#1122 = ORIENTED_EDGE ( 'NONE', *, *, #2332, .T. ) ;
#1123 = DIRECTION ( 'NONE',  ( 1.000000000000000000, -8.031127203596350323E-16, 0.000000000000000000 ) ) ;
#1124 = DIRECTION ( 'NONE',  ( -1.000000000000000000, 1.239088197126295087E-14, 0.000000000000000000 ) ) ;
#1125 = CARTESIAN_POINT ( 'NONE',  ( 1.699999999999999956, 3.075000000000000178, -0.2200000000000000011 ) ) ;
#1126 = CARTESIAN_POINT ( 'NONE',  ( -2.429269594412790223, 0.2449999999999999956, -0.5000000000000000000 ) ) ;
#1127 = UNCERTAINTY_MEASURE_WITH_UNIT (LENGTH_MEASURE( 1.000000000000000082E-05 ), #2234, 'distance_accuracy_value', 'NONE');
#1128 = FACE_OUTER_BOUND ( 'NONE', #2378, .T. ) ;
#1129 = PRESENTATION_LAYER_ASSIGNMENT (  '', '', ( #2919 ) ) ;
#1130 = DIRECTION ( 'NONE',  ( -1.606225440719260007E-15, 1.000000000000000000, 0.000000000000000000 ) ) ;
#1131 = AXIS2_PLACEMENT_3D ( 'NONE', #2170, #1935, #1547 ) ;
#1132 = EDGE_LOOP ( 'NONE', ( #3576, #3625, #719, #3650 ) ) ;
#1133 = ORIENTED_EDGE ( 'NONE', *, *, #2306, .T. ) ;
#1134 = EDGE_CURVE ( 'NONE', #937, #2032, #2158, .T. ) ;
#1135 = DIRECTION ( 'NONE',  ( -0.9945218953682735119, 0.000000000000000000, -0.1045284632676529157 ) ) ;
#1136 = MECHANICAL_DESIGN_GEOMETRIC_PRESENTATION_REPRESENTATION (  '', ( #1519 ), #76 ) ;
#1137 = LINE ( 'NONE', #2104, #553 ) ;
#1138 = DIRECTION ( 'NONE',  ( 0.000000000000000000, 0.000000000000000000, 1.000000000000000000 ) ) ;
#1139 = LINE ( 'NONE', #3105, #2845 ) ;
#1140 = ORIENTED_EDGE ( 'NONE', *, *, #2548, .T. ) ;
#1141 = MECHANICAL_DESIGN_GEOMETRIC_PRESENTATION_REPRESENTATION (  '', ( #2661 ), #2666 ) ;
#1142 = EDGE_LOOP ( 'NONE', ( #3569, #3530, #1055, #4010 ) ) ;
#1143 = ADVANCED_FACE ( 'NONE', ( #1793 ), #3374, .T. ) ;
#1144 = CARTESIAN_POINT ( 'NONE',  ( 2.575000000000000178, 0.6550000000000000266, -0.5000000000000000000 ) ) ;
#1145 = DIRECTION ( 'NONE',  ( 0.000000000000000000, 1.000000000000000000, 0.000000000000000000 ) ) ;
#1146 = VERTEX_POINT ( 'NONE', #3694 ) ;
#1147 = EDGE_CURVE ( 'NONE', #1020, #3487, #1190, .T. ) ;
#1148 = VECTOR ( 'NONE', #1907, 1000.000000000000000 ) ;
#1149 =( NAMED_UNIT ( * ) PLANE_ANGLE_UNIT ( ) SI_UNIT ( $, .RADIAN. ) );
#1150 = VECTOR ( 'NONE', #3332, 1000.000000000000000 ) ;
#1151 = ORIENTED_EDGE ( 'NONE', *, *, #1043, .F. ) ;
#1152 = COLOUR_RGB ( '',0.2000000000000000111, 0.2000000000000000111, 0.2000000000000000111 ) ;
#1153 = DIRECTION ( 'NONE',  ( 1.606225440719260007E-15, 1.000000000000000000, 0.000000000000000000 ) ) ;
#1154 = LINE ( 'NONE', #567, #1085 ) ;
#1155 = VERTEX_POINT ( 'NONE', #550 ) ;
#1156 =( LENGTH_UNIT ( ) NAMED_UNIT ( * ) SI_UNIT ( .MILLI., .METRE. ) );
#1157 = DIRECTION ( 'NONE',  ( 0.000000000000000000, 0.000000000000000000, 1.000000000000000000 ) ) ;
#1158 = UNCERTAINTY_MEASURE_WITH_UNIT (LENGTH_MEASURE( 1.000000000000000082E-05 ), #1536, 'distance_accuracy_value', 'NONE');
#1159 = CARTESIAN_POINT ( 'NONE',  ( -0.8400000000000000799, 2.934361085619389797, -0.5000000000000000000 ) ) ;
#1160 = CARTESIAN_POINT ( 'NONE',  ( -2.034999999999999698, -2.137027193381950241, -0.5000000000000000000 ) ) ;
#1161 = STYLED_ITEM ( 'NONE', ( #1579 ), #476 ) ;
#1162 = CARTESIAN_POINT ( 'NONE',  ( -1.590000000000000080, -3.075000000000000178, -0.5000000000000000000 ) ) ;
#1163 = PRESENTATION_STYLE_ASSIGNMENT (( #855 ) ) ;
#1164 = ORIENTED_EDGE ( 'NONE', *, *, #1217, .F. ) ;
#1165 = DIRECTION ( 'NONE',  ( 1.000000000000000000, 8.886903053159868833E-17, 0.000000000000000000 ) ) ;
#1166 = CARTESIAN_POINT ( 'NONE',  ( 2.446846872942029627, 2.912038606604139712, -0.1900000000000000022 ) ) ;
#1167 = ORIENTED_EDGE ( 'NONE', *, *, #3249, .T. ) ;
#1168 = FILL_AREA_STYLE ('',( #715 ) ) ;
#1169 = EDGE_CURVE ( 'NONE', #3064, #2584, #2437, .T. ) ;
#1170 = ADVANCED_FACE ( 'NONE', ( #510, #1893 ), #2401, .T. ) ;
#1171 = CARTESIAN_POINT ( 'NONE',  ( 0.000000000000000000, 0.000000000000000000, -0.2200000000000000011 ) ) ;
#1172 = VERTEX_POINT ( 'NONE', #857 ) ;
#1173 = EDGE_LOOP ( 'NONE', ( #2962, #289, #2586, #232, #2676, #3133, #2225, #1508 ) ) ;
#1174 = FILL_AREA_STYLE ('',( #2121 ) ) ;
#1175 = CARTESIAN_POINT ( 'NONE',  ( 1.674682176580450044, 2.934361085619389797, -0.5000000000000000000 ) ) ;
#1176 = ORIENTED_EDGE ( 'NONE', *, *, #2614, .T. ) ;
#1177 = ORIENTED_EDGE ( 'NONE', *, *, #1552, .F. ) ;
#1178 = LINE ( 'NONE', #2460, #1221 ) ;
#1179 = CARTESIAN_POINT ( 'NONE',  ( 2.432474686002150221, 2.946846872942035400, -0.1900000000000000300 ) ) ;
#1180 = UNCERTAINTY_MEASURE_WITH_UNIT (LENGTH_MEASURE( 1.000000000000000082E-05 ), #2651, 'distance_accuracy_value', 'NONE');
#1181 = ORIENTED_EDGE ( 'NONE', *, *, #649, .T. ) ;
#1182 = PLANE ( 'NONE',  #3813 ) ;
#1183 = ADVANCED_FACE ( 'NONE', ( #222 ), #1828, .F. ) ;
#1184 = DIRECTION ( 'NONE',  ( 1.000000000000000000, 0.000000000000000000, 0.000000000000000000 ) ) ;
#1185 = ORIENTED_EDGE ( 'NONE', *, *, #2282, .T. ) ;
#1186 = LINE ( 'NONE', #2446, #2882 ) ;
#1187 = EDGE_CURVE ( 'NONE', #3044, #829, #3436, .T. ) ;
#1188 = ORIENTED_EDGE ( 'NONE', *, *, #3942, .F. ) ;
#1189 = COLOUR_RGB ( '',0.2000000000000000111, 0.2000000000000000111, 0.2000000000000000111 ) ;
#1190 = LINE ( 'NONE', #831, #3181 ) ;
#1191 = CARTESIAN_POINT ( 'NONE',  ( -0.4299999999999999933, 3.075000000000000178, -0.2200000000000000011 ) ) ;
#1192 = CARTESIAN_POINT ( 'NONE',  ( 2.135317823419550010, 2.500000000000000000, -0.5000000000000000000 ) ) ;
#1193 = VECTOR ( 'NONE', #3505, 1000.000000000000000 ) ;
#1194 = PRESENTATION_LAYER_ASSIGNMENT (  '', '', ( #2993 ) ) ;
#1195 = DIRECTION ( 'NONE',  ( 1.000000000000000000, 0.000000000000000000, 0.000000000000000000 ) ) ;
#1196 = EDGE_LOOP ( 'NONE', ( #1561, #808, #1363, #893 ) ) ;
#1197 = VECTOR ( 'NONE', #3178, 1000.000000000000000 ) ;
#1198 = FACE_OUTER_BOUND ( 'NONE', #1121, .T. ) ;
#1199 = LINE ( 'NONE', #3380, #3681 ) ;
#1200 = VECTOR ( 'NONE', #3493, 1000.000000000000000 ) ;
#1201 = VECTOR ( 'NONE', #2220, 1000.000000000000000 ) ;
#1202 = ORIENTED_EDGE ( 'NONE', *, *, #603, .T. ) ;
#1203 = DIRECTION ( 'NONE',  ( 0.000000000000000000, 0.000000000000000000, 1.000000000000000000 ) ) ;
#1204 = PRESENTATION_LAYER_ASSIGNMENT (  '', '', ( #878 ) ) ;
#1205 = FACE_OUTER_BOUND ( 'NONE', #1266, .T. ) ;
#1206 = EDGE_LOOP ( 'NONE', ( #2030, #3313, #3361, #434 ) ) ;
#1207 = VECTOR ( 'NONE', #3227, 1000.000000000000000 ) ;
#1208 = VERTEX_POINT ( 'NONE', #2790 ) ;
#1209 = EDGE_CURVE ( 'NONE', #1607, #2632, #4087, .T. ) ;
#1210 = AXIS2_PLACEMENT_3D ( 'NONE', #1330, #1308, #3907 ) ;
#1211 = ADVANCED_FACE ( 'NONE', ( #3058 ), #198, .T. ) ;
#1212 = COLOUR_RGB ( '',0.6980392156862744724, 0.6980392156862744724, 0.6980392156862744724 ) ;
#1213 = VERTEX_POINT ( 'NONE', #2591 ) ;
#1214 = CARTESIAN_POINT ( 'NONE',  ( -1.590000000000000080, -2.936507972946180267, -0.5000000000000000000 ) ) ;
#1215 = PLANE ( 'NONE',  #3686 ) ;
#1216 = DIRECTION ( 'NONE',  ( 0.000000000000000000, 0.000000000000000000, 1.000000000000000000 ) ) ;
#1217 = EDGE_CURVE ( 'NONE', #17, #2709, #62, .T. ) ;
#1218 = CARTESIAN_POINT ( 'NONE',  ( 2.109999999999999876, 2.939999999999999947, -0.2200000000000000011 ) ) ;
#1219 = EDGE_CURVE ( 'NONE', #3027, #3294, #3883, .T. ) ;
#1220 = ORIENTED_EDGE ( 'NONE', *, *, #288, .T. ) ;
#1221 = VECTOR ( 'NONE', #2166, 1000.000000000000000 ) ;
#1222 = LINE ( 'NONE', #1543, #1332 ) ;
#1223 = CARTESIAN_POINT ( 'NONE',  ( 2.389088080355100008, 2.923896346692989923, 0.02835967114959180024 ) ) ;
#1224 = VERTEX_POINT ( 'NONE', #1888 ) ;
#1225 = VECTOR ( 'NONE', #861, 1000.000000000000000 ) ;
#1226 =( LENGTH_UNIT ( ) NAMED_UNIT ( * ) SI_UNIT ( .MILLI., .METRE. ) );
#1227 = LINE ( 'NONE', #598, #2850 ) ;
#1228 = ORIENTED_EDGE ( 'NONE', *, *, #2237, .T. ) ;
#1229 = LINE ( 'NONE', #2486, #1426 ) ;
#1230 = DIRECTION ( 'NONE',  ( -1.000000000000000000, 0.000000000000000000, 0.000000000000000000 ) ) ;
#1231 = LINE ( 'NONE', #1969, #1193 ) ;
#1232 = VERTEX_POINT ( 'NONE', #1566 ) ;
#1233 = LINE ( 'NONE', #2801, #2602 ) ;
#1234 = CARTESIAN_POINT ( 'NONE',  ( 0.8400000000000000799, 2.939999999999999947, -0.2200000000000000011 ) ) ;
#1235 = ORIENTED_EDGE ( 'NONE', *, *, #3801, .F. ) ;
#1236 = DIRECTION ( 'NONE',  ( 0.000000000000000000, -1.000000000000000000, 0.000000000000000000 ) ) ;
#1237 = EDGE_CURVE ( 'NONE', #3613, #3389, #3825, .T. ) ;
#1238 = ADVANCED_FACE ( 'NONE', ( #685 ), #2617, .F. ) ;
#1239 = LINE ( 'NONE', #3480, #730 ) ;
#1240 = ORIENTED_EDGE ( 'NONE', *, *, #151, .F. ) ;
#1241 = ORIENTED_EDGE ( 'NONE', *, *, #2996, .F. ) ;
#1242 = DIRECTION ( 'NONE',  ( 0.000000000000000000, -1.000000000000000000, 0.000000000000000000 ) ) ;
#1243 = DIRECTION ( 'NONE',  ( 1.000000000000000000, 0.000000000000000000, 0.000000000000000000 ) ) ;
#1244 = VERTEX_POINT ( 'NONE', #2925 ) ;
#1245 = LINE ( 'NONE', #1214, #498 ) ;
#1246 = SURFACE_STYLE_FILL_AREA ( #1296 ) ;
#1247 = PLANE ( 'NONE',  #1458 ) ;
#1248 = DIRECTION ( 'NONE',  ( 0.000000000000000000, -1.000000000000000000, 0.000000000000000000 ) ) ;
#1249 = ORIENTED_EDGE ( 'NONE', *, *, #1533, .F. ) ;
#1250 = ORIENTED_EDGE ( 'NONE', *, *, #659, .F. ) ;
#1251 = EDGE_CURVE ( 'NONE', #2032, #2175, #3187, .T. ) ;
#1252 = LINE ( 'NONE', #2239, #2002 ) ;
#1253 = CARTESIAN_POINT ( 'NONE',  ( 2.377619075396179671, 2.842810809058290200, 0.4686584962143680588 ) ) ;
#1254 = DIRECTION ( 'NONE',  ( 1.000000000000000000, 0.000000000000000000, 0.000000000000000000 ) ) ;
#1255 = VECTOR ( 'NONE', #3952, 1000.000000000000000 ) ;
#1256 = CARTESIAN_POINT ( 'NONE',  ( 2.342810809058290200, 2.842810809058290200, 0.4650000000000000244 ) ) ;
#1257 = EDGE_LOOP ( 'NONE', ( #3168, #2647, #2769, #2040 ) ) ;
#1258 = CARTESIAN_POINT ( 'NONE',  ( -1.554999999999999938, -2.936507972946180267, -0.4699999999999999734 ) ) ;
#1259 = EDGE_CURVE ( 'NONE', #210, #2634, #955, .T. ) ;
#1260 =( NAMED_UNIT ( * ) PLANE_ANGLE_UNIT ( ) SI_UNIT ( $, .RADIAN. ) );
#1261 = VECTOR ( 'NONE', #406, 1000.000000000000000 ) ;
#1262 = PRESENTATION_LAYER_ASSIGNMENT (  '', '', ( #1519 ) ) ;
#1263 = CARTESIAN_POINT ( 'NONE',  ( 1.699999999999999956, 3.075000000000000178, -0.5000000000000000000 ) ) ;
#1264 = EDGE_CURVE ( 'NONE', #2556, #199, #3498, .T. ) ;
#1265 = CARTESIAN_POINT ( 'NONE',  ( -0.4046821765804490267, 2.500000000000000000, -0.5000000000000000000 ) ) ;
#1266 = EDGE_LOOP ( 'NONE', ( #4118, #2835, #1381, #2760 ) ) ;
#1267 = VERTEX_POINT ( 'NONE', #2545 ) ;
#1268 = PRESENTATION_LAYER_ASSIGNMENT (  '', '', ( #2661 ) ) ;
#1269 = VECTOR ( 'NONE', #2720, 1000.000000000000000 ) ;
#1270 = LINE ( 'NONE', #3726, #1225 ) ;
#1271 = ADVANCED_FACE ( 'NONE', ( #309 ), #3235, .T. ) ;
#1272 = LINE ( 'NONE', #1573, #271 ) ;
#1273 = DIRECTION ( 'NONE',  ( -1.000000000000000000, 0.000000000000000000, 0.000000000000000000 ) ) ;
#1274 = VERTEX_POINT ( 'NONE', #2643 ) ;
#1275 = VECTOR ( 'NONE', #21, 1000.000000000000000 ) ;
#1276 = CARTESIAN_POINT ( 'NONE',  ( -0.8400000000000000799, 2.934361085619389797, -0.5000000000000000000 ) ) ;
#1277 = PRESENTATION_STYLE_ASSIGNMENT (( #2841 ) ) ;
#1278 = CARTESIAN_POINT ( 'NONE',  ( -0.8400000000000000799, 2.934361085619389797, -0.4699999999999999734 ) ) ;
#1279 = AXIS2_PLACEMENT_3D ( 'NONE', #2403, #1739, #3377 ) ;
#1280 = ORIENTED_EDGE ( 'NONE', *, *, #3745, .F. ) ;
#1281 = DIRECTION ( 'NONE',  ( 0.000000000000000000, 0.000000000000000000, 1.000000000000000000 ) ) ;
#1282 = CARTESIAN_POINT ( 'NONE',  ( -2.429269594412790223, 0.2200000000000000011, -0.5000000000000000000 ) ) ;
#1283 = VECTOR ( 'NONE', #455, 1000.000000000000000 ) ;
#1284 =( NAMED_UNIT ( * ) SI_UNIT ( $, .STERADIAN. ) SOLID_ANGLE_UNIT ( ) );
#1285 = SURFACE_STYLE_USAGE ( .BOTH. , #1978 ) ;
#1286 = LINE ( 'NONE', #2853, #2199 ) ;
#1287 = VECTOR ( 'NONE', #2343, 1000.000000000000000 ) ;
#1288 = DIRECTION ( 'NONE',  ( 1.000000000000000000, 0.000000000000000000, 0.000000000000000000 ) ) ;
#1289 = CARTESIAN_POINT ( 'NONE',  ( -1.554999999999999938, -2.936507972946180267, -0.5000000000000000000 ) ) ;
#1290 = DIRECTION ( 'NONE',  ( 0.000000000000000000, 0.000000000000000000, 1.000000000000000000 ) ) ;
#1291 = ORIENTED_EDGE ( 'NONE', *, *, #1501, .F. ) ;
#1292 = VERTEX_POINT ( 'NONE', #200 ) ;
#1293 = PLANE ( 'NONE',  #1654 ) ;
#1294 = ORIENTED_EDGE ( 'NONE', *, *, #1790, .T. ) ;
#1295 = DIRECTION ( 'NONE',  ( 0.000000000000000000, 1.000000000000000000, 0.000000000000000000 ) ) ;
#1296 = FILL_AREA_STYLE ('',( #1578 ) ) ;
#1297 = DIRECTION ( 'NONE',  ( 1.000000000000000000, 0.000000000000000000, 0.000000000000000000 ) ) ;
#1298 = ORIENTED_EDGE ( 'NONE', *, *, #1369, .F. ) ;
#1299 = DIRECTION ( 'NONE',  ( -1.000000000000000000, -4.336808689942040613E-15, 0.000000000000000000 ) ) ;
#1300 = FILL_AREA_STYLE_COLOUR ( '', #475 ) ;
#1301 = CARTESIAN_POINT ( 'NONE',  ( -2.109999999999999876, 3.075000000000000178, -0.5000000000000000000 ) ) ;
#1302 = DIRECTION ( 'NONE',  ( 0.000000000000000000, 0.000000000000000000, -1.000000000000000000 ) ) ;
#1303 = DIRECTION ( 'NONE',  ( -1.000000000000000000, 0.000000000000000000, 0.000000000000000000 ) ) ;
#1304 = DIRECTION ( 'NONE',  ( -1.000000000000000000, 0.000000000000000000, 0.000000000000000000 ) ) ;
#1305 = DIRECTION ( 'NONE',  ( 0.000000000000000000, 1.000000000000000000, 0.000000000000000000 ) ) ;
#1306 = VERTEX_POINT ( 'NONE', #3925 ) ;
#1307 = ADVANCED_FACE ( 'NONE', ( #1970 ), #1687, .T. ) ;
#1308 = DIRECTION ( 'NONE',  ( 0.000000000000000000, 0.000000000000000000, -1.000000000000000000 ) ) ;
#1309 = CARTESIAN_POINT ( 'NONE',  ( -2.339516684270820157, 2.842810809058290200, 0.5000000000000000000 ) ) ;
#1310 = DIRECTION ( 'NONE',  ( 0.000000000000000000, -1.000000000000000000, 0.000000000000000000 ) ) ;
#1311 = PLANE ( 'NONE',  #424 ) ;
#1312 = CARTESIAN_POINT ( 'NONE',  ( 1.554999999999999938, -2.936507972946180267, -0.4699999999999999734 ) ) ;
#1313 = DIRECTION ( 'NONE',  ( 0.000000000000000000, 0.000000000000000000, 1.000000000000000000 ) ) ;
#1314 = DIRECTION ( 'NONE',  ( 1.000000000000000000, 1.248042479380319792E-16, 0.000000000000000000 ) ) ;
#1315 = EDGE_CURVE ( 'NONE', #2762, #1764, #1359, .T. ) ;
#1316 = ORIENTED_EDGE ( 'NONE', *, *, #2132, .T. ) ;
#1317 = DIRECTION ( 'NONE',  ( 0.000000000000000000, 0.000000000000000000, 1.000000000000000000 ) ) ;
#1318 = PRODUCT_DEFINITION ( 'UNKNOWN', '', #415, #2461 ) ;
#1319 = DIRECTION ( 'NONE',  ( 0.000000000000000000, 1.000000000000000000, 0.000000000000000000 ) ) ;
#1320 = DIRECTION ( 'NONE',  ( 1.000000000000000000, 0.000000000000000000, 0.000000000000000000 ) ) ;
#1321 = LINE ( 'NONE', #2568, #2662 ) ;
#1322 = AXIS2_PLACEMENT_3D ( 'NONE', #3163, #652, #334 ) ;
#1323 = DIRECTION ( 'NONE',  ( 1.606225440719260007E-15, 1.000000000000000000, 0.000000000000000000 ) ) ;
#1324 = VECTOR ( 'NONE', #1623, 1000.000000000000000 ) ;
#1325 = DIRECTION ( 'NONE',  ( 1.000000000000000000, 0.000000000000000000, 0.000000000000000000 ) ) ;
#1326 = ORIENTED_EDGE ( 'NONE', *, *, #1690, .T. ) ;
#1327 = VERTEX_POINT ( 'NONE', #2745 ) ;
#1328 = VECTOR ( 'NONE', #2936, 1000.000000000000000 ) ;
#1329 = PRESENTATION_LAYER_ASSIGNMENT (  '', '', ( #2194 ) ) ;
#1330 = CARTESIAN_POINT ( 'NONE',  ( 0.000000000000000000, 0.000000000000000000, -0.2200000000000000011 ) ) ;
#1331 = FACE_OUTER_BOUND ( 'NONE', #915, .T. ) ;
#1332 = VECTOR ( 'NONE', #1520, 1000.000000000000000 ) ;
#1333 = STYLED_ITEM ( 'NONE', ( #2592 ), #1532 ) ;
#1334 = ORIENTED_EDGE ( 'NONE', *, *, #2688, .T. ) ;
#1335 = CARTESIAN_POINT ( 'NONE',  ( 0.000000000000000000, 0.000000000000000000, -0.2200000000000000011 ) ) ;
#1336 = AXIS2_PLACEMENT_3D ( 'NONE', #490, #1794, #1442 ) ;
#1337 =( NAMED_UNIT ( * ) PLANE_ANGLE_UNIT ( ) SI_UNIT ( $, .RADIAN. ) );
#1338 =( LENGTH_UNIT ( ) NAMED_UNIT ( * ) SI_UNIT ( .MILLI., .METRE. ) );
#1339 = CARTESIAN_POINT ( 'NONE',  ( -2.439999999999999947, -2.939999999999999947, -0.4699999999999999734 ) ) ;
#1340 = ORIENTED_EDGE ( 'NONE', *, *, #1931, .F. ) ;
#1341 = ORIENTED_EDGE ( 'NONE', *, *, #2688, .F. ) ;
#1342 = LINE ( 'NONE', #3822, #594 ) ;
#1343 = SURFACE_STYLE_USAGE ( .BOTH. , #3232 ) ;
#1344 = ADVANCED_FACE ( 'NONE', ( #2979 ), #3591, .F. ) ;
#1345 = VECTOR ( 'NONE', #923, 1000.000000000000000 ) ;
#1346 = CARTESIAN_POINT ( 'NONE',  ( 0.8653178234195509910, 2.934361085619389797, -0.5000000000000000000 ) ) ;
#1347 = VECTOR ( 'NONE', #1114, 1000.000000000000000 ) ;
#1348 = DIRECTION ( 'NONE',  ( -0.000000000000000000, 1.000000000000000000, 0.000000000000000000 ) ) ;
#1349 = SURFACE_STYLE_USAGE ( .BOTH. , #63 ) ;
#1350 = ORIENTED_EDGE ( 'NONE', *, *, #2690, .T. ) ;
#1351 = VECTOR ( 'NONE', #3392, 1000.000000000000000 ) ;
#1352 = LINE ( 'NONE', #2622, #2621 ) ;
#1353 = DIRECTION ( 'NONE',  ( 1.000000000000000000, 4.336808689942040613E-15, 0.000000000000000000 ) ) ;
#1354 = LINE ( 'NONE', #1633, #527 ) ;
#1355 = VERTEX_POINT ( 'NONE', #1708 ) ;
#1356 = CARTESIAN_POINT ( 'NONE',  ( -2.439999999999999947, 0.6550000000000000266, -0.4699999999999999734 ) ) ;
#1357 = VECTOR ( 'NONE', #4, 1000.000000000000000 ) ;
#1358 = DIRECTION ( 'NONE',  ( -1.000000000000000000, 0.000000000000000000, 0.000000000000000000 ) ) ;
#1359 = LINE ( 'NONE', #2959, #1659 ) ;
#1360 = VERTEX_POINT ( 'NONE', #2292 ) ;
#1361 = SURFACE_STYLE_FILL_AREA ( #1689 ) ;
#1362 = LINE ( 'NONE', #1312, #1090 ) ;
#1363 = ORIENTED_EDGE ( 'NONE', *, *, #790, .F. ) ;
#1364 = ORIENTED_EDGE ( 'NONE', *, *, #3722, .T. ) ;
#1365 = ADVANCED_FACE ( 'NONE', ( #3572 ), #3276, .T. ) ;
#1366 =( NAMED_UNIT ( * ) SI_UNIT ( $, .STERADIAN. ) SOLID_ANGLE_UNIT ( ) );
#1367 = LINE ( 'NONE', #3932, #2085 ) ;
#1368 = ORIENTED_EDGE ( 'NONE', *, *, #4014, .T. ) ;
#1369 = EDGE_CURVE ( 'NONE', #3153, #3035, #3617, .T. ) ;
#1370 = FACE_OUTER_BOUND ( 'NONE', #3918, .T. ) ;
#1371 = CARTESIAN_POINT ( 'NONE',  ( 2.000000000000000000, 0.6550000000000000266, -0.5000000000000000000 ) ) ;
#1372 = PLANE ( 'NONE',  #2852 ) ;
#1373 = EDGE_CURVE ( 'NONE', #2457, #2356, #437, .T. ) ;
#1374 = PLANE ( 'NONE',  #2201 ) ;
#1375 = LINE ( 'NONE', #3943, #397 ) ;
#1376 = EDGE_CURVE ( 'NONE', #1000, #1975, #3704, .T. ) ;
#1377 = CARTESIAN_POINT ( 'NONE',  ( -2.429269594412790223, 0.2200000000000000011, -0.5000000000000000000 ) ) ;
#1378 = ORIENTED_EDGE ( 'NONE', *, *, #3831, .F. ) ;
#1379 = DIRECTION ( 'NONE',  ( 0.000000000000000000, 0.000000000000000000, 1.000000000000000000 ) ) ;
#1380 = DIRECTION ( 'NONE',  ( -1.606225440719260007E-15, -1.000000000000000000, 0.000000000000000000 ) ) ;
#1381 = ORIENTED_EDGE ( 'NONE', *, *, #16, .T. ) ;
#1382 = ORIENTED_EDGE ( 'NONE', *, *, #1641, .T. ) ;
#1383 = CARTESIAN_POINT ( 'NONE',  ( 2.439999999999999947, 0.2449999999999999956, -0.5000000000000000000 ) ) ;
#1384 = CARTESIAN_POINT ( 'NONE',  ( -2.439999999999999947, 2.939999999999999947, -0.2390299093405380271 ) ) ;
#1385 = FILL_AREA_STYLE_COLOUR ( '', #821 ) ;
#1386 = ADVANCED_FACE ( 'NONE', ( #538 ), #1545, .T. ) ;
#1387 = ORIENTED_EDGE ( 'NONE', *, *, #2829, .F. ) ;
#1388 = UNCERTAINTY_MEASURE_WITH_UNIT (LENGTH_MEASURE( 1.000000000000000082E-05 ), #2053, 'distance_accuracy_value', 'NONE');
#1389 = DIRECTION ( 'NONE',  ( 1.245913441319920111E-14, 1.000000000000000000, 0.000000000000000000 ) ) ;
#1390 = CARTESIAN_POINT ( 'NONE',  ( -2.575000000000000178, 0.2449999999999999956, -0.5000000000000000000 ) ) ;
#1391 = ADVANCED_FACE ( 'NONE', ( #3477 ), #1182, .T. ) ;
#1392 = VECTOR ( 'NONE', #2235, 1000.000000000000000 ) ;
#1393 = EDGE_CURVE ( 'NONE', #3633, #2799, #620, .T. ) ;
#1394 = AXIS2_PLACEMENT_3D ( 'NONE', #894, #3435, #577 ) ;
#1395 = ADVANCED_FACE ( 'NONE', ( #4104 ), #899, .T. ) ;
#1396 = DIRECTION ( 'NONE',  ( 0.000000000000000000, -1.000000000000000000, 0.000000000000000000 ) ) ;
#1397 = CARTESIAN_POINT ( 'NONE',  ( -2.419999999999999929, -2.919999999999999929, -0.2390299093405380271 ) ) ;
#1398 = VECTOR ( 'NONE', #2174, 1000.000000000000000 ) ;
#1399 = ORIENTED_EDGE ( 'NONE', *, *, #338, .T. ) ;
#1400 = ADVANCED_FACE ( 'NONE', ( #3450 ), #2497, .T. ) ;
#1401 = SURFACE_STYLE_USAGE ( .BOTH. , #699 ) ;
#1402 = VECTOR ( 'NONE', #841, 1000.000000000000000 ) ;
#1403 = AXIS2_PLACEMENT_3D ( 'NONE', #518, #4040, #2606 ) ;
#1404 = ORIENTED_EDGE ( 'NONE', *, *, #1251, .T. ) ;
#1405 = VECTOR ( 'NONE', #2711, 1000.000000000000000 ) ;
#1406 = MECHANICAL_DESIGN_GEOMETRIC_PRESENTATION_REPRESENTATION (  '', ( #1469 ), #2144 ) ;
#1407 =( NAMED_UNIT ( * ) PLANE_ANGLE_UNIT ( ) SI_UNIT ( $, .RADIAN. ) );
#1408 = COLOUR_RGB ( '',0.2000000000000000111, 0.2000000000000000111, 0.2000000000000000111 ) ;
#1409 = ORIENTED_EDGE ( 'NONE', *, *, #1264, .F. ) ;
#1410 = CARTESIAN_POINT ( 'NONE',  ( 0.8653178234195509910, 2.934361085619389797, -0.5000000000000000000 ) ) ;
#1411 = CARTESIAN_POINT ( 'NONE',  ( 2.575000000000000178, 0.6550000000000000266, -0.5000000000000000000 ) ) ;
#1412 = VECTOR ( 'NONE', #1755, 1000.000000000000000 ) ;
#1413 = FACE_OUTER_BOUND ( 'NONE', #57, .T. ) ;
#1414 = CARTESIAN_POINT ( 'NONE',  ( 1.554999999999999938, -2.936507972946180267, -0.5000000000000000000 ) ) ;
#1415 = ORIENTED_EDGE ( 'NONE', *, *, #229, .T. ) ;
#1416 = CARTESIAN_POINT ( 'NONE',  ( 1.674682176580450044, 2.500000000000000000, -0.5000000000000000000 ) ) ;
#1417 = SURFACE_STYLE_USAGE ( .BOTH. , #520 ) ;
#1418 =( NAMED_UNIT ( * ) SI_UNIT ( $, .STERADIAN. ) SOLID_ANGLE_UNIT ( ) );
#1419 = EDGE_CURVE ( 'NONE', #3027, #1607, #2, .T. ) ;
#1420 = EDGE_CURVE ( 'NONE', #816, #4053, #311, .T. ) ;
#1421 = VECTOR ( 'NONE', #2304, 1000.000000000000000 ) ;
#1422 =( LENGTH_UNIT ( ) NAMED_UNIT ( * ) SI_UNIT ( .MILLI., .METRE. ) );
#1423 = ORIENTED_EDGE ( 'NONE', *, *, #1072, .F. ) ;
#1424 = ORIENTED_EDGE ( 'NONE', *, *, #3983, .F. ) ;
#1425 = LINE ( 'NONE', #1383, #4129 ) ;
#1426 = VECTOR ( 'NONE', #1242, 1000.000000000000000 ) ;
#1427 = CARTESIAN_POINT ( 'NONE',  ( 2.419999999999999929, -2.939999999999999947, -0.2390299093405380271 ) ) ;
#1428 = SURFACE_STYLE_FILL_AREA ( #2652 ) ;
#1429 = CARTESIAN_POINT ( 'NONE',  ( -2.429269594412790223, 0.6800000000000000488, -0.5000000000000000000 ) ) ;
#1430 = ORIENTED_EDGE ( 'NONE', *, *, #1592, .F. ) ;
#1431 = ORIENTED_EDGE ( 'NONE', *, *, #3618, .T. ) ;
#1432 = DIRECTION ( 'NONE',  ( 0.000000000000000000, 0.000000000000000000, 1.000000000000000000 ) ) ;
#1433 = CARTESIAN_POINT ( 'NONE',  ( 2.000000000000000000, -3.075000000000000178, -0.2200000000000000011 ) ) ;
#1434 = DIRECTION ( 'NONE',  ( -1.000000000000000000, 0.000000000000000000, 0.000000000000000000 ) ) ;
#1435 = CARTESIAN_POINT ( 'NONE',  ( 2.575000000000000178, 0.6550000000000000266, -0.5000000000000000000 ) ) ;
#1436 = SURFACE_STYLE_FILL_AREA ( #1453 ) ;
#1437 = EDGE_CURVE ( 'NONE', #937, #257, #1321, .T. ) ;
#1438 = LINE ( 'NONE', #3066, #2408 ) ;
#1439 = EDGE_CURVE ( 'NONE', #3814, #3599, #3583, .T. ) ;
#1440 = ORIENTED_EDGE ( 'NONE', *, *, #399, .T. ) ;
#1441 = ORIENTED_EDGE ( 'NONE', *, *, #1774, .F. ) ;
#1442 = DIRECTION ( 'NONE',  ( 1.000000000000000000, 0.000000000000000000, 0.000000000000000000 ) ) ;
#1443 = EDGE_CURVE ( 'NONE', #3292, #2817, #1980, .T. ) ;
#1444 = DIRECTION ( 'NONE',  ( 1.000000000000000000, 9.856383386231820124E-16, 0.000000000000000000 ) ) ;
#1445 = LINE ( 'NONE', #3699, #2317 ) ;
#1446 = ORIENTED_EDGE ( 'NONE', *, *, #911, .F. ) ;
#1447 = DIRECTION ( 'NONE',  ( -0.000000000000000000, 1.000000000000000000, 0.000000000000000000 ) ) ;
#1448 = DIRECTION ( 'NONE',  ( 1.000000000000000000, 0.000000000000000000, 0.000000000000000000 ) ) ;
#1449 = EDGE_LOOP ( 'NONE', ( #385, #438, #2715, #27, #1368, #702 ) ) ;
#1450 = ORIENTED_EDGE ( 'NONE', *, *, #1991, .T. ) ;
#1451 = CARTESIAN_POINT ( 'NONE',  ( -2.109999999999999876, 2.934361085619389797, -0.5000000000000000000 ) ) ;
#1452 = VECTOR ( 'NONE', #3674, 1000.000000000000000 ) ;
#1453 = FILL_AREA_STYLE ('',( #3345 ) ) ;
#1454 = ORIENTED_EDGE ( 'NONE', *, *, #625, .F. ) ;
#1455 = VECTOR ( 'NONE', #2587, 1000.000000000000000 ) ;
#1456 = CARTESIAN_POINT ( 'NONE',  ( -0.4299999999999999933, 2.939999999999999947, -0.2200000000000000011 ) ) ;
#1457 = SURFACE_STYLE_FILL_AREA ( #1771 ) ;
#1458 = AXIS2_PLACEMENT_3D ( 'NONE', #3859, #352, #1605 ) ;
#1459 = EDGE_LOOP ( 'NONE', ( #2115, #3059, #749, #2796, #2091, #3518 ) ) ;
#1460 = ORIENTED_EDGE ( 'NONE', *, *, #3116, .T. ) ;
#1461 = SURFACE_STYLE_FILL_AREA ( #184 ) ;
#1462 = DIRECTION ( 'NONE',  ( 0.000000000000000000, 0.000000000000000000, 1.000000000000000000 ) ) ;
#1463 = AXIS2_PLACEMENT_3D ( 'NONE', #4054, #4122, #2810 ) ;
#1464 = CARTESIAN_POINT ( 'NONE',  ( 1.674682176580450044, 2.934361085619389797, -0.5000000000000000000 ) ) ;
#1465 = LINE ( 'NONE', #3714, #3957 ) ;
#1466 = EDGE_LOOP ( 'NONE', ( #3101, #47, #150, #3229 ) ) ;
#1467 = FILL_AREA_STYLE ('',( #3716 ) ) ;
#1468 = ORIENTED_EDGE ( 'NONE', *, *, #3680, .F. ) ;
#1469 = STYLED_ITEM ( 'NONE', ( #1163 ), #1610 ) ;
#1470 = EDGE_CURVE ( 'NONE', #848, #629, #977, .T. ) ;
#1471 = EDGE_CURVE ( 'NONE', #3861, #848, #1611, .T. ) ;
#1472 = LINE ( 'NONE', #2109, #1612 ) ;
#1473 = CARTESIAN_POINT ( 'NONE',  ( 0.8653178234195509910, 2.934361085619389797, -0.5000000000000000000 ) ) ;
#1474 = ORIENTED_EDGE ( 'NONE', *, *, #2014, .F. ) ;
#1475 = DIRECTION ( 'NONE',  ( 0.000000000000000000, -1.000000000000000000, 0.000000000000000000 ) ) ;
#1476 =( LENGTH_UNIT ( ) NAMED_UNIT ( * ) SI_UNIT ( .MILLI., .METRE. ) );
#1477 = MECHANICAL_DESIGN_GEOMETRIC_PRESENTATION_REPRESENTATION (  '', ( #4025 ), #1479 ) ;
#1478 = ORIENTED_EDGE ( 'NONE', *, *, #3760, .T. ) ;
#1479 =( GEOMETRIC_REPRESENTATION_CONTEXT ( 3 ) GLOBAL_UNCERTAINTY_ASSIGNED_CONTEXT ( ( #1674 ) ) GLOBAL_UNIT_ASSIGNED_CONTEXT ( ( #3425, #2816, #3461 ) ) REPRESENTATION_CONTEXT ( 'NONE', 'WORKASPACE' ) );
#1480 = ORIENTED_EDGE ( 'NONE', *, *, #3730, .T. ) ;
#1481 = DIRECTION ( 'NONE',  ( 0.000000000000000000, 0.000000000000000000, -1.000000000000000000 ) ) ;
#1482 = VECTOR ( 'NONE', #3965, 1000.000000000000000 ) ;
#1483 = ORIENTED_EDGE ( 'NONE', *, *, #1187, .F. ) ;
#1484 = ORIENTED_EDGE ( 'NONE', *, *, #225, .T. ) ;
#1485 = EDGE_CURVE ( 'NONE', #1711, #3912, #3499, .T. ) ;
#1486 = PLANE ( 'NONE',  #1801 ) ;
#1487 = VECTOR ( 'NONE', #1323, 1000.000000000000000 ) ;
#1488 = ORIENTED_EDGE ( 'NONE', *, *, #4055, .T. ) ;
#1489 = EDGE_CURVE ( 'NONE', #1267, #3471, #1286, .T. ) ;
#1490 = DIRECTION ( 'NONE',  ( 0.000000000000000000, -1.000000000000000000, 0.000000000000000000 ) ) ;
#1491 = EDGE_CURVE ( 'NONE', #3423, #1355, #381, .T. ) ;
#1492 = SURFACE_SIDE_STYLE ('',( #2099 ) ) ;
#1493 = CYLINDRICAL_SURFACE ( 'NONE', #2610, 0.03499999999999998251 ) ;
#1494 = CARTESIAN_POINT ( 'NONE',  ( -0.4046821765804490267, 2.934361085619389797, -0.5000000000000000000 ) ) ;
#1495 = ORIENTED_EDGE ( 'NONE', *, *, #2609, .F. ) ;
#1496 = DIRECTION ( 'NONE',  ( 0.000000000000000000, 0.000000000000000000, 1.000000000000000000 ) ) ;
#1497 = DIRECTION ( 'NONE',  ( 0.000000000000000000, -1.000000000000000000, 0.000000000000000000 ) ) ;
#1498 = VERTEX_POINT ( 'NONE', #361 ) ;
#1499 = ORIENTED_EDGE ( 'NONE', *, *, #2525, .T. ) ;
#1500 = DIRECTION ( 'NONE',  ( 0.1039620511844971951, -0.1039620511844980000, -0.9891328443778539814 ) ) ;
#1501 = EDGE_CURVE ( 'NONE', #2799, #3834, #2881, .T. ) ;
#1502 = FILL_AREA_STYLE_COLOUR ( '', #1006 ) ;
#1503 = CARTESIAN_POINT ( 'NONE',  ( 1.980488922046789835, 2.426592021952190148, 0.4775565596233640187 ) ) ;
#1504 = UNCERTAINTY_MEASURE_WITH_UNIT (LENGTH_MEASURE( 1.000000000000000082E-05 ), #1156, 'distance_accuracy_value', 'NONE');
#1505 = EDGE_LOOP ( 'NONE', ( #672, #761, #178, #135 ) ) ;
#1506 = EDGE_CURVE ( 'NONE', #3064, #3851, #40, .T. ) ;
#1507 = SURFACE_STYLE_USAGE ( .BOTH. , #1752 ) ;
#1508 = ORIENTED_EDGE ( 'NONE', *, *, #286, .F. ) ;
#1509 = EDGE_CURVE ( 'NONE', #3230, #1274, #3896, .T. ) ;
#1510 = VECTOR ( 'NONE', #4013, 1000.000000000000000 ) ;
#1511 = VERTEX_POINT ( 'NONE', #3236 ) ;
#1512 = EDGE_CURVE ( 'NONE', #3087, #3483, #3169, .T. ) ;
#1513 = AXIS2_PLACEMENT_3D ( 'NONE', #1563, #3513, #357 ) ;
#1514 = CARTESIAN_POINT ( 'NONE',  ( 2.342810809058290200, 2.842810809058290200, 0.5000000000000000000 ) ) ;
#1515 = CARTESIAN_POINT ( 'NONE',  ( -2.429269594412790223, 0.6800000000000000488, -0.4699999999999999734 ) ) ;
#1516 = PRESENTATION_LAYER_ASSIGNMENT (  '', '', ( #2777 ) ) ;
#1517 = ORIENTED_EDGE ( 'NONE', *, *, #2583, .T. ) ;
#1518 = VECTOR ( 'NONE', #3581, 1000.000000000000000 ) ;
#1519 = STYLED_ITEM ( 'NONE', ( #1019 ), #1238 ) ;
#1520 = DIRECTION ( 'NONE',  ( 1.000000000000000000, 0.000000000000000000, 0.000000000000000000 ) ) ;
#1521 = DIRECTION ( 'NONE',  ( -1.000000000000000000, 0.000000000000000000, 0.000000000000000000 ) ) ;
#1522 = VECTOR ( 'NONE', #1040, 1000.000000000000000 ) ;
#1523 = ORIENTED_EDGE ( 'NONE', *, *, #3765, .F. ) ;
#1524 = CARTESIAN_POINT ( 'NONE',  ( -0.8653178234195509910, 2.934361085619389797, -0.5000000000000000000 ) ) ;
#1525 = FILL_AREA_STYLE_COLOUR ( '', #2655 ) ;
#1526 = ORIENTED_EDGE ( 'NONE', *, *, #306, .T. ) ;
#1527 = VECTOR ( 'NONE', #3496, 1000.000000000000000 ) ;
#1528 = ORIENTED_EDGE ( 'NONE', *, *, #1264, .T. ) ;
#1529 =( LENGTH_UNIT ( ) NAMED_UNIT ( * ) SI_UNIT ( .MILLI., .METRE. ) );
#1530 = DIRECTION ( 'NONE',  ( -0.000000000000000000, 1.000000000000000000, 0.000000000000000000 ) ) ;
#1531 = LINE ( 'NONE', #3997, #2543 ) ;
#1532 = ADVANCED_FACE ( 'NONE', ( #86 ), #638, .T. ) ;
#1533 = EDGE_CURVE ( 'NONE', #1360, #2556, #494, .T. ) ;
#1534 = VECTOR ( 'NONE', #3667, 1000.000000000000000 ) ;
#1535 = ORIENTED_EDGE ( 'NONE', *, *, #1901, .T. ) ;
#1536 =( LENGTH_UNIT ( ) NAMED_UNIT ( * ) SI_UNIT ( .MILLI., .METRE. ) );
#1537 = DIRECTION ( 'NONE',  ( 0.000000000000000000, 0.000000000000000000, -1.000000000000000000 ) ) ;
#1538 = CARTESIAN_POINT ( 'NONE',  ( 2.418492292649740083, -2.883684026311849724, 0.07977581084733080530 ) ) ;
#1539 = VERTEX_POINT ( 'NONE', #1763 ) ;
#1540 = LINE ( 'NONE', #2806, #2386 ) ;
#1541 = LINE ( 'NONE', #3798, #3541 ) ;
#1542 = AXIS2_PLACEMENT_3D ( 'NONE', #3259, #1254, #2899 ) ;
#1543 = CARTESIAN_POINT ( 'NONE',  ( 2.000000000000000000, -3.075000000000000178, -0.2200000000000000011 ) ) ;
#1544 = EDGE_LOOP ( 'NONE', ( #3224, #941, #981 ) ) ;
#1545 = PLANE ( 'NONE',  #1463 ) ;
#1546 = MECHANICAL_DESIGN_GEOMETRIC_PRESENTATION_REPRESENTATION (  '', ( #4096 ), #3944 ) ;
#1547 = DIRECTION ( 'NONE',  ( 0.000000000000000000, 0.000000000000000000, 1.000000000000000000 ) ) ;
#1548 = ORIENTED_EDGE ( 'NONE', *, *, #3785, .T. ) ;
#1549 = VERTEX_POINT ( 'NONE', #2315 ) ;
#1550 = FACE_OUTER_BOUND ( 'NONE', #1889, .T. ) ;
#1551 = FACE_OUTER_BOUND ( 'NONE', #345, .T. ) ;
#1552 = EDGE_CURVE ( 'NONE', #1849, #2250, #1445, .T. ) ;
#1553 = CARTESIAN_POINT ( 'NONE',  ( 2.000000000000000000, 0.2200000000000000011, -0.5000000000000000000 ) ) ;
#1554 = ORIENTED_EDGE ( 'NONE', *, *, #3116, .F. ) ;
#1555 = CARTESIAN_POINT ( 'NONE',  ( 1.980488922046789835, 2.426592021952190148, 0.5000000000000000000 ) ) ;
#1556 = LINE ( 'NONE', #3491, #2400 ) ;
#1557 = ADVANCED_FACE ( 'NONE', ( #743 ), #429, .T. ) ;
#1558 = LINE ( 'NONE', #3160, #2447 ) ;
#1559 = PLANE ( 'NONE',  #1933 ) ;
#1560 = EDGE_LOOP ( 'NONE', ( #2776, #1298, #344, #3185 ) ) ;
#1561 = ORIENTED_EDGE ( 'NONE', *, *, #3623, .F. ) ;
#1562 =( BOUNDED_CURVE ( )  B_SPLINE_CURVE ( 3, ( #3094, #1179, #2742, #1166 ),
 .UNSPECIFIED., .F., .T. ) 
 B_SPLINE_CURVE_WITH_KNOTS ( ( 4, 4 ),
 ( 5.503250352303568960, 7.063120262055603504 ),
 .UNSPECIFIED. ) 
 CURVE ( )  GEOMETRIC_REPRESENTATION_ITEM ( )  RATIONAL_B_SPLINE_CURVE ( ( 1.000000000000000000, 0.8073061876035805273, 0.8073061876035805273, 1.000000000000000000 ) ) 
 REPRESENTATION_ITEM ( '' )  );
#1563 = CARTESIAN_POINT ( 'NONE',  ( 2.575000000000000178, 0.2449999999999999956, -0.5000000000000000000 ) ) ;
#1564 = FILL_AREA_STYLE_COLOUR ( '', #421 ) ;
#1565 = EDGE_CURVE ( 'NONE', #1764, #3230, #2653, .T. ) ;
#1566 = CARTESIAN_POINT ( 'NONE',  ( 2.377619075396179671, -2.842810809058290200, 0.4686584962143680588 ) ) ;
#1567 = DIRECTION ( 'NONE',  ( 0.000000000000000000, 0.000000000000000000, 1.000000000000000000 ) ) ;
#1568 = CARTESIAN_POINT ( 'NONE',  ( -0.4299999999999999933, 3.075000000000000178, -0.2200000000000000011 ) ) ;
#1569 = CARTESIAN_POINT ( 'NONE',  ( 2.135317823419550010, 2.500000000000000000, -0.5000000000000000000 ) ) ;
#1570 = VERTEX_POINT ( 'NONE', #3312 ) ;
#1571 = VERTEX_POINT ( 'NONE', #446 ) ;
#1572 = DIRECTION ( 'NONE',  ( 0.000000000000000000, 0.000000000000000000, 1.000000000000000000 ) ) ;
#1573 = CARTESIAN_POINT ( 'NONE',  ( 0.4046821765804490267, 2.934361085619389797, -0.4699999999999999734 ) ) ;
#1574 = CARTESIAN_POINT ( 'NONE',  ( -2.439999999999999947, 2.919999999999999929, -0.4699999999999999734 ) ) ;
#1575 = ORIENTED_EDGE ( 'NONE', *, *, #3157, .F. ) ;
#1576 =( NAMED_UNIT ( * ) PLANE_ANGLE_UNIT ( ) SI_UNIT ( $, .RADIAN. ) );
#1577 = DIRECTION ( 'NONE',  ( -1.000000000000000000, 0.000000000000000000, 0.000000000000000000 ) ) ;
#1578 = FILL_AREA_STYLE_COLOUR ( '', #139 ) ;
#1579 = PRESENTATION_STYLE_ASSIGNMENT (( #2510 ) ) ;
#1580 = SURFACE_SIDE_STYLE ('',( #1899 ) ) ;
#1581 = FACE_OUTER_BOUND ( 'NONE', #3786, .T. ) ;
#1582 = ORIENTED_EDGE ( 'NONE', *, *, #659, .T. ) ;
#1583 = LINE ( 'NONE', #635, #389 ) ;
#1584 = DIRECTION ( 'NONE',  ( 0.000000000000000000, 0.000000000000000000, 1.000000000000000000 ) ) ;
#1585 = PRESENTATION_LAYER_ASSIGNMENT (  '', '', ( #252 ) ) ;
#1586 = DIRECTION ( 'NONE',  ( 0.000000000000000000, -1.000000000000000000, 0.000000000000000000 ) ) ;
#1587 = VECTOR ( 'NONE', #3578, 1000.000000000000000 ) ;
#1588 = FACE_OUTER_BOUND ( 'NONE', #91, .T. ) ;
#1589 = FILL_AREA_STYLE_COLOUR ( '', #3339 ) ;
#1590 = CARTESIAN_POINT ( 'NONE',  ( 0.8653178234195509910, 2.934361085619389797, -0.4699999999999999734 ) ) ;
#1591 = EDGE_CURVE ( 'NONE', #589, #3914, #1716, .T. ) ;
#1592 = EDGE_CURVE ( 'NONE', #2812, #1355, #786, .T. ) ;
#1593 = LINE ( 'NONE', #1568, #1275 ) ;
#1594 = DIRECTION ( 'NONE',  ( 0.000000000000000000, -1.000000000000000000, 0.000000000000000000 ) ) ;
#1595 = LINE ( 'NONE', #26, #739 ) ;
#1596 = ORIENTED_EDGE ( 'NONE', *, *, #3751, .F. ) ;
#1597 = VECTOR ( 'NONE', #1297, 1000.000000000000000 ) ;
#1598 = VECTOR ( 'NONE', #3869, 1000.000000000000000 ) ;
#1599 = LINE ( 'NONE', #3519, #683 ) ;
#1600 = LINE ( 'NONE', #2533, #1197 ) ;
#1601 = AXIS2_PLACEMENT_3D ( 'NONE', #3391, #4006, #1819 ) ;
#1602 = VERTEX_POINT ( 'NONE', #4034 ) ;
#1603 = PRESENTATION_LAYER_ASSIGNMENT (  '', '', ( #142 ) ) ;
#1604 = DIRECTION ( 'NONE',  ( 0.000000000000000000, 0.000000000000000000, 1.000000000000000000 ) ) ;
#1605 = DIRECTION ( 'NONE',  ( 1.000000000000000000, 0.000000000000000000, 0.000000000000000000 ) ) ;
#1606 = CARTESIAN_POINT ( 'NONE',  ( -0.4299999999999999933, 2.939999999999999947, -0.2200000000000000011 ) ) ;
#1607 = VERTEX_POINT ( 'NONE', #530 ) ;
#1608 = PLANE ( 'NONE',  #1726 ) ;
#1609 =( NAMED_UNIT ( * ) SI_UNIT ( $, .STERADIAN. ) SOLID_ANGLE_UNIT ( ) );
#1610 = ADVANCED_FACE ( 'NONE', ( #3053 ), #2424, .T. ) ;
#1611 = LINE ( 'NONE', #2618, #3887 ) ;
#1612 = VECTOR ( 'NONE', #2678, 1000.000000000000000 ) ;
#1613 =( LENGTH_UNIT ( ) NAMED_UNIT ( * ) SI_UNIT ( .MILLI., .METRE. ) );
#1614 = EDGE_CURVE ( 'NONE', #825, #3294, #1910, .T. ) ;
#1615 = DIRECTION ( 'NONE',  ( -0.9945218953682735119, 0.000000000000000000, -0.1045284632676530129 ) ) ;
#1616 = CARTESIAN_POINT ( 'NONE',  ( -2.575000000000000178, 0.6550000000000000266, -0.5000000000000000000 ) ) ;
#1617 = ORIENTED_EDGE ( 'NONE', *, *, #2989, .T. ) ;
#1618 = VERTEX_POINT ( 'NONE', #999 ) ;
#1619 = ADVANCED_FACE ( 'NONE', ( #2572 ), #2266, .F. ) ;
#1620 = CARTESIAN_POINT ( 'NONE',  ( 2.419999999999999929, -2.919999999999999929, -0.2390299093405380271 ) ) ;
#1621 = CARTESIAN_POINT ( 'NONE',  ( 2.000000000000000000, -2.936507972946180267, -0.5000000000000000000 ) ) ;
#1622 = EDGE_LOOP ( 'NONE', ( #1806, #4106, #990, #1484 ) ) ;
#1623 = DIRECTION ( 'NONE',  ( 1.000000000000000000, 8.886903053159868833E-17, 0.000000000000000000 ) ) ;
#1624 = DIRECTION ( 'NONE',  ( 0.000000000000000000, 1.000000000000000000, 0.000000000000000000 ) ) ;
#1625 = ORIENTED_EDGE ( 'NONE', *, *, #2177, .T. ) ;
#1626 = ORIENTED_EDGE ( 'NONE', *, *, #301, .F. ) ;
#1627 = LINE ( 'NONE', #2564, #2508 ) ;
#1628 = DIRECTION ( 'NONE',  ( 0.000000000000000000, 0.000000000000000000, -1.000000000000000000 ) ) ;
#1629 = DIRECTION ( 'NONE',  ( 0.000000000000000000, -1.000000000000000000, 0.000000000000000000 ) ) ;
#1630 = DIRECTION ( 'NONE',  ( 1.606225440719260007E-15, 1.000000000000000000, 0.000000000000000000 ) ) ;
#1631 = FILL_AREA_STYLE ('',( #3214 ) ) ;
#1632 = FILL_AREA_STYLE ('',( #3540 ) ) ;
#1633 = CARTESIAN_POINT ( 'NONE',  ( 1.699999999999999956, 2.939999999999999947, -0.4699999999999999734 ) ) ;
#1634 = ORIENTED_EDGE ( 'NONE', *, *, #1169, .T. ) ;
#1635 = EDGE_LOOP ( 'NONE', ( #3378, #2907, #2238, #2467 ) ) ;
#1636 = LINE ( 'NONE', #367, #949 ) ;
#1637 = PLANE ( 'NONE',  #2659 ) ;
#1638 = ORIENTED_EDGE ( 'NONE', *, *, #1677, .T. ) ;
#1639 = EDGE_CURVE ( 'NONE', #2668, #3606, #979, .T. ) ;
#1640 = CARTESIAN_POINT ( 'NONE',  ( 1.590000000000000080, -2.936507972946180267, -0.5000000000000000000 ) ) ;
#1641 = EDGE_CURVE ( 'NONE', #2817, #769, #1595, .T. ) ;
#1642 = CARTESIAN_POINT ( 'NONE',  ( -2.575000000000000178, 0.6550000000000000266, -0.2200000000000000011 ) ) ;
#1643 = SURFACE_SIDE_STYLE ('',( #330 ) ) ;
#1644 = ORIENTED_EDGE ( 'NONE', *, *, #2305, .T. ) ;
#1645 = ORIENTED_EDGE ( 'NONE', *, *, #3809, .F. ) ;
#1646 = LINE ( 'NONE', #1885, #454 ) ;
#1647 = FACE_OUTER_BOUND ( 'NONE', #2949, .T. ) ;
#1648 = PLANE ( 'NONE',  #3410 ) ;
#1649 = ORIENTED_EDGE ( 'NONE', *, *, #2860, .F. ) ;
#1650 = DIRECTION ( 'NONE',  ( 1.000000000000000000, 8.886903053159868833E-17, 0.000000000000000000 ) ) ;
#1651 = EDGE_LOOP ( 'NONE', ( #1430, #1316, #1994, #1480 ) ) ;
#1652 = MECHANICAL_DESIGN_GEOMETRIC_PRESENTATION_REPRESENTATION (  '', ( #529 ), #3061 ) ;
#1653 = CARTESIAN_POINT ( 'NONE',  ( -0.4299999999999999933, 2.939999999999999947, -0.5000000000000000000 ) ) ;
#1654 = AXIS2_PLACEMENT_3D ( 'NONE', #644, #1530, #917 ) ;
#1655 = CARTESIAN_POINT ( 'NONE',  ( 0.8400000000000000799, 3.075000000000000178, -0.5000000000000000000 ) ) ;
#1656 = ORIENTED_EDGE ( 'NONE', *, *, #3439, .T. ) ;
#1657 = ORIENTED_EDGE ( 'NONE', *, *, #603, .F. ) ;
#1658 = VECTOR ( 'NONE', #368, 1000.000000000000000 ) ;
#1659 = VECTOR ( 'NONE', #369, 1000.000000000000000 ) ;
#1660 =( NAMED_UNIT ( * ) SI_UNIT ( $, .STERADIAN. ) SOLID_ANGLE_UNIT ( ) );
#1661 = CARTESIAN_POINT ( 'NONE',  ( 2.439999999999999947, 2.939999999999999947, -0.1900000000000000022 ) ) ;
#1662 = PRESENTATION_STYLE_ASSIGNMENT (( #729 ) ) ;
#1663 = VECTOR ( 'NONE', #2221, 1000.000000000000000 ) ;
#1664 = ORIENTED_EDGE ( 'NONE', *, *, #1104, .F. ) ;
#1665 = CARTESIAN_POINT ( 'NONE',  ( -2.439999999999999947, 0.2449999999999999956, -0.2200000000000000011 ) ) ;
#1666 = AXIS2_PLACEMENT_3D ( 'NONE', #804, #2375, #1481 ) ;
#1667 = LINE ( 'NONE', #3553, #3012 ) ;
#1668 = LINE ( 'NONE', #3283, #1944 ) ;
#1669 = EDGE_CURVE ( 'NONE', #98, #4084, #2886, .T. ) ;
#1670 = VERTEX_POINT ( 'NONE', #65 ) ;
#1671 = VECTOR ( 'NONE', #2196, 1000.000000000000000 ) ;
#1672 = ORIENTED_EDGE ( 'NONE', *, *, #712, .F. ) ;
#1673 = DIRECTION ( 'NONE',  ( 0.000000000000000000, -1.000000000000000000, 0.000000000000000000 ) ) ;
#1674 = UNCERTAINTY_MEASURE_WITH_UNIT (LENGTH_MEASURE( 1.000000000000000082E-05 ), #3425, 'distance_accuracy_value', 'NONE');
#1675 = FACE_OUTER_BOUND ( 'NONE', #2944, .T. ) ;
#1676 =( GEOMETRIC_REPRESENTATION_CONTEXT ( 3 ) GLOBAL_UNCERTAINTY_ASSIGNED_CONTEXT ( ( #3258 ) ) GLOBAL_UNIT_ASSIGNED_CONTEXT ( ( #2047, #443, #2083 ) ) REPRESENTATION_CONTEXT ( 'NONE', 'WORKASPACE' ) );
#1677 = EDGE_CURVE ( 'NONE', #2100, #3861, #3502, .T. ) ;
#1678 = MECHANICAL_DESIGN_GEOMETRIC_PRESENTATION_REPRESENTATION (  '', ( #1021 ), #824 ) ;
#1679 = DIRECTION ( 'NONE',  ( 1.000000000000000000, 0.000000000000000000, 0.000000000000000000 ) ) ;
#1680 = ORIENTED_EDGE ( 'NONE', *, *, #2772, .T. ) ;
#1681 = CIRCLE ( 'NONE', #216, 0.03499999999999987843 ) ;
#1682 = FACE_OUTER_BOUND ( 'NONE', #2204, .T. ) ;
#1683 = LINE ( 'NONE', #2303, #2680 ) ;
#1684 = CARTESIAN_POINT ( 'NONE',  ( -2.412038606604139712, 2.946846872942029627, -0.1900000000000000022 ) ) ;
#1685 = CIRCLE ( 'NONE', #2750, 0.02000000000000005246 ) ;
#1686 = LINE ( 'NONE', #453, #2593 ) ;
#1687 = PLANE ( 'NONE',  #3120 ) ;
#1688 = VERTEX_POINT ( 'NONE', #45 ) ;
#1689 = FILL_AREA_STYLE ('',( #371 ) ) ;
#1690 = EDGE_CURVE ( 'NONE', #199, #1511, #1963, .T. ) ;
#1691 = CARTESIAN_POINT ( 'NONE',  ( 2.109999999999999876, 2.934361085619389797, -0.4699999999999999734 ) ) ;
#1692 = VERTEX_POINT ( 'NONE', #363 ) ;
#1693 = EDGE_LOOP ( 'NONE', ( #3301, #2612, #117, #3464 ) ) ;
#1694 = LINE ( 'NONE', #2966, #545 ) ;
#1695 = EDGE_CURVE ( 'NONE', #1549, #3417, #1354, .T. ) ;
#1696 = CARTESIAN_POINT ( 'NONE',  ( -0.4046821765804490267, 2.934361085619389797, -0.5000000000000000000 ) ) ;
#1697 = FACE_OUTER_BOUND ( 'NONE', #1116, .T. ) ;
#1698 = EDGE_LOOP ( 'NONE', ( #950, #779, #1450, #3348 ) ) ;
#1699 = DIRECTION ( 'NONE',  ( 0.000000000000000000, -1.000000000000000000, 0.000000000000000000 ) ) ;
#1700 = ORIENTED_EDGE ( 'NONE', *, *, #1315, .T. ) ;
#1701 = EDGE_CURVE ( 'NONE', #2539, #3083, #2599, .T. ) ;
#1702 = ADVANCED_FACE ( 'NONE', ( #1026 ), #2287, .F. ) ;
#1703 = LINE ( 'NONE', #813, #2098 ) ;
#1704 = DIRECTION ( 'NONE',  ( 0.000000000000000000, 1.000000000000000000, 0.000000000000000000 ) ) ;
#1705 = DIRECTION ( 'NONE',  ( -1.000000000000000000, 0.000000000000000000, 0.000000000000000000 ) ) ;
#1706 = EDGE_CURVE ( 'NONE', #1244, #3432, #1983, .T. ) ;
#1707 = CARTESIAN_POINT ( 'NONE',  ( 2.439999999999999947, 2.939999999999999947, -0.4699999999999999734 ) ) ;
#1708 = CARTESIAN_POINT ( 'NONE',  ( -2.109999999999999876, 2.939999999999999947, -0.2200000000000000011 ) ) ;
#1709 = ORIENTED_EDGE ( 'NONE', *, *, #2499, .F. ) ;
#1710 = CARTESIAN_POINT ( 'NONE',  ( 2.342810809058290200, 2.842810809058290200, 0.4650000000000000244 ) ) ;
#1711 = VERTEX_POINT ( 'NONE', #1655 ) ;
#1712 = SURFACE_STYLE_USAGE ( .BOTH. , #4046 ) ;
#1713 = CARTESIAN_POINT ( 'NONE',  ( -0.4299999999999999933, 3.075000000000000178, -0.5000000000000000000 ) ) ;
#1714 = CARTESIAN_POINT ( 'NONE',  ( 2.135317823419550010, 2.934361085619389797, -0.4699999999999999734 ) ) ;
#1715 = LINE ( 'NONE', #2988, #1518 ) ;
#1716 = LINE ( 'NONE', #2990, #3193 ) ;
#1717 = ORIENTED_EDGE ( 'NONE', *, *, #2061, .T. ) ;
#1718 = UNCERTAINTY_MEASURE_WITH_UNIT (LENGTH_MEASURE( 1.000000000000000082E-05 ), #2029, 'distance_accuracy_value', 'NONE');
#1719 = CARTESIAN_POINT ( 'NONE',  ( 0.000000000000000000, 2.842810809058290200, 0.4650000000000000244 ) ) ;
#1720 = PLANE ( 'NONE',  #2347 ) ;
#1721 = FACE_OUTER_BOUND ( 'NONE', #1459, .T. ) ;
#1722 = ADVANCED_FACE ( 'NONE', ( #2932, #2624 ), #3921, .F. ) ;
#1723 = SURFACE_SIDE_STYLE ('',( #748 ) ) ;
#1724 = EDGE_CURVE ( 'NONE', #2551, #3079, #3637, .T. ) ;
#1725 = ORIENTED_EDGE ( 'NONE', *, *, #3028, .T. ) ;
#1726 = AXIS2_PLACEMENT_3D ( 'NONE', #2195, #3534, #1952 ) ;
#1727 = VECTOR ( 'NONE', #2506, 1000.000000000000000 ) ;
#1728 = LINE ( 'NONE', #2682, #3528 ) ;
#1729 = AXIS2_PLACEMENT_3D ( 'NONE', #1989, #1044, #2604 ) ;
#1730 = DIRECTION ( 'NONE',  ( 0.1039620511844971951, 0.1039620511844980000, -0.9891328443778539814 ) ) ;
#1731 = COLOUR_RGB ( '',0.2000000000000000111, 0.2000000000000000111, 0.2000000000000000111 ) ;
#1732 = MECHANICAL_DESIGN_GEOMETRIC_PRESENTATION_REPRESENTATION (  '', ( #2194 ), #3959 ) ;
#1733 = VERTEX_POINT ( 'NONE', #1088 ) ;
#1734 = ORIENTED_EDGE ( 'NONE', *, *, #2553, .F. ) ;
#1735 = MECHANICAL_DESIGN_GEOMETRIC_PRESENTATION_REPRESENTATION (  '', ( #878 ), #3893 ) ;
#1736 = CARTESIAN_POINT ( 'NONE',  ( 2.135317823419550010, 2.934361085619389797, -0.5000000000000000000 ) ) ;
#1737 =( LENGTH_UNIT ( ) NAMED_UNIT ( * ) SI_UNIT ( .MILLI., .METRE. ) );
#1738 = LINE ( 'NONE', #1696, #953 ) ;
#1739 = DIRECTION ( 'NONE',  ( -0.1039620511844971951, -0.1039620511844980000, -0.9891328443778539814 ) ) ;
#1740 = AXIS2_PLACEMENT_3D ( 'NONE', #2633, #2968, #3032 ) ;
#1741 = ORIENTED_EDGE ( 'NONE', *, *, #2120, .F. ) ;
#1742 = ORIENTED_EDGE ( 'NONE', *, *, #3600, .T. ) ;
#1743 = AXIS2_PLACEMENT_3D ( 'NONE', #2360, #3604, #3630 ) ;
#1744 = CARTESIAN_POINT ( 'NONE',  ( 2.000000000000000000, 0.2449999999999999956, -0.2200000000000000011 ) ) ;
#1745 = VECTOR ( 'NONE', #483, 1000.000000000000000 ) ;
#1746 = EDGE_CURVE ( 'NONE', #1539, #810, #2954, .T. ) ;
#1747 = CARTESIAN_POINT ( 'NONE',  ( -1.674682176580450044, 2.934361085619389797, -0.5000000000000000000 ) ) ;
#1748 = DIRECTION ( 'NONE',  ( 0.000000000000000000, 0.000000000000000000, 1.000000000000000000 ) ) ;
#1749 = VECTOR ( 'NONE', #1103, 1000.000000000000000 ) ;
#1750 = VERTEX_POINT ( 'NONE', #1414 ) ;
#1751 = EDGE_CURVE ( 'NONE', #4067, #3787, #3319, .T. ) ;
#1752 = SURFACE_SIDE_STYLE ('',( #3021 ) ) ;
#1753 = SURFACE_STYLE_FILL_AREA ( #2706 ) ;
#1754 = VECTOR ( 'NONE', #1165, 1000.000000000000000 ) ;
#1755 = DIRECTION ( 'NONE',  ( 1.000000000000000000, 0.000000000000000000, 0.000000000000000000 ) ) ;
#1756 = ORIENTED_EDGE ( 'NONE', *, *, #3672, .T. ) ;
#1757 = ORIENTED_EDGE ( 'NONE', *, *, #3439, .F. ) ;
#1758 =( NAMED_UNIT ( * ) SI_UNIT ( $, .STERADIAN. ) SOLID_ANGLE_UNIT ( ) );
#1759 = COLOUR_RGB ( '',0.2000000000000000111, 0.2000000000000000111, 0.2000000000000000111 ) ;
#1760 = FACE_OUTER_BOUND ( 'NONE', #248, .T. ) ;
#1761 = CARTESIAN_POINT ( 'NONE',  ( -1.590000000000000080, -2.939999999999999947, -0.5000000000000000000 ) ) ;
#1762 = CARTESIAN_POINT ( 'NONE',  ( 2.000000000000000000, -3.075000000000000178, -0.5000000000000000000 ) ) ;
#1763 = CARTESIAN_POINT ( 'NONE',  ( -1.699999999999999956, 3.075000000000000178, -0.2200000000000000011 ) ) ;
#1764 = VERTEX_POINT ( 'NONE', #2090 ) ;
#1765 =( LENGTH_UNIT ( ) NAMED_UNIT ( * ) SI_UNIT ( .MILLI., .METRE. ) );
#1766 = FACE_OUTER_BOUND ( 'NONE', #4097, .T. ) ;
#1767 = CARTESIAN_POINT ( 'NONE',  ( -2.109999999999999876, 2.939999999999999947, -0.5000000000000000000 ) ) ;
#1768 = ORIENTED_EDGE ( 'NONE', *, *, #625, .T. ) ;
#1769 = SURFACE_STYLE_USAGE ( .BOTH. , #3364 ) ;
#1770 = EDGE_LOOP ( 'NONE', ( #2573, #2980, #2015 ) ) ;
#1771 = FILL_AREA_STYLE ('',( #506 ) ) ;
#1772 = EDGE_CURVE ( 'NONE', #964, #3633, #842, .T. ) ;
#1773 = EDGE_LOOP ( 'NONE', ( #1815, #2552, #3661, #3974 ) ) ;
#1774 = EDGE_CURVE ( 'NONE', #1062, #394, #4017, .T. ) ;
#1775 = ORIENTED_EDGE ( 'NONE', *, *, #182, .T. ) ;
#1776 =( NAMED_UNIT ( * ) SI_UNIT ( $, .STERADIAN. ) SOLID_ANGLE_UNIT ( ) );
#1777 = LINE ( 'NONE', #215, #3071 ) ;
#1778 = CARTESIAN_POINT ( 'NONE',  ( -2.419999999999999929, -2.919999999999999929, -0.4699999999999999734 ) ) ;
#1779 = CARTESIAN_POINT ( 'NONE',  ( 2.429269594412790223, 0.2200000000000000011, -0.4699999999999999734 ) ) ;
#1780 = CARTESIAN_POINT ( 'NONE',  ( 0.000000000000000000, 0.000000000000000000, -0.5000000000000000000 ) ) ;
#1781 = EDGE_LOOP ( 'NONE', ( #1326, #251, #3679, #1528 ) ) ;
#1782 = CARTESIAN_POINT ( 'NONE',  ( 2.109999999999999876, 3.075000000000000178, -0.2200000000000000011 ) ) ;
#1783 = CARTESIAN_POINT ( 'NONE',  ( -2.100000000000000089, -2.137027193381950241, -0.5000000000000000000 ) ) ;
#1784 = VERTEX_POINT ( 'NONE', #3300 ) ;
#1785 = CARTESIAN_POINT ( 'NONE',  ( 1.590000000000000080, -2.939999999999999947, -0.4699999999999999734 ) ) ;
#1786 = UNCERTAINTY_MEASURE_WITH_UNIT (LENGTH_MEASURE( 1.000000000000000082E-05 ), #3295, 'distance_accuracy_value', 'NONE');
#1787 = EDGE_LOOP ( 'NONE', ( #736, #2611, #2171, #401 ) ) ;
#1788 = AXIS2_PLACEMENT_3D ( 'NONE', #2876, #2217, #11 ) ;
#1789 =( NAMED_UNIT ( * ) PLANE_ANGLE_UNIT ( ) SI_UNIT ( $, .RADIAN. ) );
#1790 = EDGE_CURVE ( 'NONE', #1692, #760, #111, .T. ) ;
#1791 = MECHANICAL_DESIGN_GEOMETRIC_PRESENTATION_REPRESENTATION (  '', ( #2777 ), #2133 ) ;
#1792 = VERTEX_POINT ( 'NONE', #124 ) ;
#1793 = FACE_OUTER_BOUND ( 'NONE', #1635, .T. ) ;
#1794 = DIRECTION ( 'NONE',  ( -0.000000000000000000, 1.000000000000000000, 0.000000000000000000 ) ) ;
#1795 = VECTOR ( 'NONE', #3923, 1000.000000000000000 ) ;
#1796 = AXIS2_PLACEMENT_3D ( 'NONE', #293, #2430, #1567 ) ;
#1797 = ADVANCED_FACE ( 'NONE', ( #2345 ), #1372, .T. ) ;
#1798 = CARTESIAN_POINT ( 'NONE',  ( -2.342810809058290200, 2.842810809058290200, 0.4650000000000000244 ) ) ;
#1799 = LINE ( 'NONE', #891, #2515 ) ;
#1800 = ORIENTED_EDGE ( 'NONE', *, *, #3049, .T. ) ;
#1801 = AXIS2_PLACEMENT_3D ( 'NONE', #1783, #3737, #578 ) ;
#1802 = ORIENTED_EDGE ( 'NONE', *, *, #1695, .T. ) ;
#1803 = VECTOR ( 'NONE', #3394, 1000.000000000000000 ) ;
#1804 = LINE ( 'NONE', #275, #1754 ) ;
#1805 = EDGE_CURVE ( 'NONE', #2888, #3044, #3018, .T. ) ;
#1806 = ORIENTED_EDGE ( 'NONE', *, *, #1639, .T. ) ;
#1807 = AXIS2_PLACEMENT_3D ( 'NONE', #956, #3802, #3515 ) ;
#1808 = CARTESIAN_POINT ( 'NONE',  ( 2.000000000000000000, -3.075000000000000178, -0.5000000000000000000 ) ) ;
#1809 = CARTESIAN_POINT ( 'NONE',  ( -1.674682176580450044, 2.500000000000000000, -0.5000000000000000000 ) ) ;
#1810 = COLOUR_RGB ( '',0.7921568627450980005, 0.8196078431372548767, 0.9333333333333333481 ) ;
#1811 = EDGE_LOOP ( 'NONE', ( #1241, #2058, #2126, #2999, #802, #666 ) ) ;
#1812 = CARTESIAN_POINT ( 'NONE',  ( 2.439999999999999947, 2.939999999999999947, -0.4699999999999999734 ) ) ;
#1813 = AXIS2_PLACEMENT_3D ( 'NONE', #1384, #3260, #3628 ) ;
#1814 = CARTESIAN_POINT ( 'NONE',  ( -1.590000000000000080, -2.939999999999999947, -0.2200000000000000011 ) ) ;
#1815 = ORIENTED_EDGE ( 'NONE', *, *, #2227, .F. ) ;
#1816 = VECTOR ( 'NONE', #1025, 1000.000000000000000 ) ;
#1817 = ADVANCED_FACE ( 'NONE', ( #773 ), #451, .T. ) ;
#1818 = CARTESIAN_POINT ( 'NONE',  ( 0.000000000000000000, 0.000000000000000000, 0.5000000000000000000 ) ) ;
#1819 = DIRECTION ( 'NONE',  ( 0.000000000000000000, 0.000000000000000000, -1.000000000000000000 ) ) ;
#1820 = DIRECTION ( 'NONE',  ( 0.000000000000000000, -1.000000000000000000, 0.000000000000000000 ) ) ;
#1821 = CARTESIAN_POINT ( 'NONE',  ( -2.412038606604139712, -2.946846872942029627, -0.1900000000000000022 ) ) ;
#1822 = ORIENTED_EDGE ( 'NONE', *, *, #3412, .F. ) ;
#1823 = VERTEX_POINT ( 'NONE', #1125 ) ;
#1824 = ADVANCED_FACE ( 'NONE', ( #2384 ), #3360, .T. ) ;
#1825 = AXIS2_PLACEMENT_3D ( 'NONE', #544, #3770, #1869 ) ;
#1826 = DIRECTION ( 'NONE',  ( -1.000000000000000000, 1.606225440719270065E-15, 0.000000000000000000 ) ) ;
#1827 = AXIS2_PLACEMENT_3D ( 'NONE', #1747, #1060, #2953 ) ;
#1828 = PLANE ( 'NONE',  #597 ) ;
#1829 = ORIENTED_EDGE ( 'NONE', *, *, #266, .F. ) ;
#1830 = ADVANCED_FACE ( 'NONE', ( #1891 ), #3150, .F. ) ;
#1831 = ADVANCED_FACE ( 'NONE', ( #2202 ), #44, .F. ) ;
#1832 = DIRECTION ( 'NONE',  ( 0.000000000000000000, 0.000000000000000000, -1.000000000000000000 ) ) ;
#1833 = EDGE_CURVE ( 'NONE', #2200, #3522, #3172, .T. ) ;
#1834 = ORIENTED_EDGE ( 'NONE', *, *, #1251, .F. ) ;
#1835 = SURFACE_STYLE_USAGE ( .BOTH. , #982 ) ;
#1836 = ORIENTED_EDGE ( 'NONE', *, *, #1420, .F. ) ;
#1837 = DIRECTION ( 'NONE',  ( 0.000000000000000000, -1.000000000000000000, 0.000000000000000000 ) ) ;
#1838 = LINE ( 'NONE', #1515, #1875 ) ;
#1839 = LINE ( 'NONE', #2785, #1074 ) ;
#1840 = ORIENTED_EDGE ( 'NONE', *, *, #1565, .T. ) ;
#1841 = ORIENTED_EDGE ( 'NONE', *, *, #2140, .F. ) ;
#1842 = CARTESIAN_POINT ( 'NONE',  ( 2.446846872942029627, 2.912038606604139712, -0.1900000000000000022 ) ) ;
#1843 = UNCERTAINTY_MEASURE_WITH_UNIT (LENGTH_MEASURE( 1.000000000000000082E-05 ), #2419, 'distance_accuracy_value', 'NONE');
#1844 = VERTEX_POINT ( 'NONE', #314 ) ;
#1845 = EDGE_CURVE ( 'NONE', #3471, #3230, #3440, .T. ) ;
#1846 = CARTESIAN_POINT ( 'NONE',  ( 0.000000000000000000, 0.000000000000000000, -0.2200000000000000011 ) ) ;
#1847 = CARTESIAN_POINT ( 'NONE',  ( 2.439999999999999947, -2.939999999999999947, -0.1900000000000000022 ) ) ;
#1848 = ORIENTED_EDGE ( 'NONE', *, *, #777, .F. ) ;
#1849 = VERTEX_POINT ( 'NONE', #3516 ) ;
#1850 = EDGE_CURVE ( 'NONE', #3294, #1232, #3111, .T. ) ;
#1851 = AXIS2_PLACEMENT_3D ( 'NONE', #1719, #3961, #1432 ) ;
#1852 = ORIENTED_EDGE ( 'NONE', *, *, #2468, .F. ) ;
#1853 = DIRECTION ( 'NONE',  ( 0.000000000000000000, 0.000000000000000000, 1.000000000000000000 ) ) ;
#1854 = CARTESIAN_POINT ( 'NONE',  ( 0.4299999999999999933, 2.939999999999999947, -0.4699999999999999734 ) ) ;
#1855 = DIRECTION ( 'NONE',  ( 0.000000000000000000, -1.000000000000000000, 0.000000000000000000 ) ) ;
#1856 = VERTEX_POINT ( 'NONE', #277 ) ;
#1857 = VECTOR ( 'NONE', #2978, 1000.000000000000000 ) ;
#1858 = DIRECTION ( 'NONE',  ( 0.000000000000000000, 0.000000000000000000, 1.000000000000000000 ) ) ;
#1859 = CARTESIAN_POINT ( 'NONE',  ( 2.000000000000000000, 1.149999999999999911, -0.4699999999999999734 ) ) ;
#1860 = STYLED_ITEM ( 'NONE', ( #534 ), #2865 ) ;
#1861 = VECTOR ( 'NONE', #1305, 1000.000000000000000 ) ;
#1862 = ORIENTED_EDGE ( 'NONE', *, *, #1751, .T. ) ;
#1863 = ORIENTED_EDGE ( 'NONE', *, *, #196, .T. ) ;
#1864 = VECTOR ( 'NONE', #2472, 1000.000000000000000 ) ;
#1865 = EDGE_CURVE ( 'NONE', #3158, #1856, #2857, .T. ) ;
#1866 =( NAMED_UNIT ( * ) SI_UNIT ( $, .STERADIAN. ) SOLID_ANGLE_UNIT ( ) );
#1867 = VECTOR ( 'NONE', #3497, 1000.000000000000000 ) ;
#1868 = ORIENTED_EDGE ( 'NONE', *, *, #2283, .T. ) ;
#1869 = DIRECTION ( 'NONE',  ( 0.000000000000000000, 0.000000000000000000, 1.000000000000000000 ) ) ;
#1870 = EDGE_CURVE ( 'NONE', #1062, #3494, #3453, .T. ) ;
#1871 = CARTESIAN_POINT ( 'NONE',  ( 2.034999999999999698, -2.936507972946180267, -0.5000000000000000000 ) ) ;
#1872 = MECHANICAL_DESIGN_GEOMETRIC_PRESENTATION_REPRESENTATION (  '', ( #2463 ), #2793 ) ;
#1873 = PLANE ( 'NONE',  #4069 ) ;
#1874 = CARTESIAN_POINT ( 'NONE',  ( 2.000000000000000000, -2.939999999999999947, -0.4699999999999999734 ) ) ;
#1875 = VECTOR ( 'NONE', #2734, 1000.000000000000000 ) ;
#1876 = ORIENTED_EDGE ( 'NONE', *, *, #3042, .F. ) ;
#1877 = ADVANCED_FACE ( 'NONE', ( #900 ), #935, .T. ) ;
#1878 = CARTESIAN_POINT ( 'NONE',  ( -2.000000000000000000, 0.6800000000000000488, -0.5000000000000000000 ) ) ;
#1879 =( GEOMETRIC_REPRESENTATION_CONTEXT ( 3 ) GLOBAL_UNCERTAINTY_ASSIGNED_CONTEXT ( ( #560 ) ) GLOBAL_UNIT_ASSIGNED_CONTEXT ( ( #2436, #1576, #2470 ) ) REPRESENTATION_CONTEXT ( 'NONE', 'WORKASPACE' ) );
#1880 = DIRECTION ( 'NONE',  ( 0.000000000000000000, 0.000000000000000000, 1.000000000000000000 ) ) ;
#1881 = APPLICATION_CONTEXT ( 'automotive_design' ) ;
#1882 =( NAMED_UNIT ( * ) PLANE_ANGLE_UNIT ( ) SI_UNIT ( $, .RADIAN. ) );
#1883 = DIRECTION ( 'NONE',  ( 1.000000000000000000, 0.000000000000000000, 0.000000000000000000 ) ) ;
#1884 = EDGE_LOOP ( 'NONE', ( #2691, #2137, #66, #485 ) ) ;
#1885 = CARTESIAN_POINT ( 'NONE',  ( 2.429269594412790223, 0.6800000000000000488, -0.5000000000000000000 ) ) ;
#1886 = LINE ( 'NONE', #3093, #2284 ) ;
#1887 = VECTOR ( 'NONE', #3864, 1000.000000000000000 ) ;
#1888 = CARTESIAN_POINT ( 'NONE',  ( -2.000000000000000000, 0.6800000000000000488, -0.4699999999999999734 ) ) ;
#1889 = EDGE_LOOP ( 'NONE', ( #1657, #2824, #2744, #1051 ) ) ;
#1890 = CARTESIAN_POINT ( 'NONE',  ( -2.135317823419550010, 2.934361085619389797, -0.5000000000000000000 ) ) ;
#1891 = FACE_OUTER_BOUND ( 'NONE', #641, .T. ) ;
#1892 = ORIENTED_EDGE ( 'NONE', *, *, #3434, .F. ) ;
#1893 = FACE_OUTER_BOUND ( 'NONE', #3305, .T. ) ;
#1894 =( BOUNDED_CURVE ( )  B_SPLINE_CURVE ( 3, ( #2727, #164, #3728, #4000 ),
 .UNSPECIFIED., .F., .T. ) 
 B_SPLINE_CURVE_WITH_KNOTS ( ( 4, 4 ),
 ( 5.503250352303568960, 7.063120262055603504 ),
 .UNSPECIFIED. ) 
 CURVE ( )  GEOMETRIC_REPRESENTATION_ITEM ( )  RATIONAL_B_SPLINE_CURVE ( ( 1.000000000000000000, 0.8073061876035805273, 0.8073061876035805273, 1.000000000000000000 ) ) 
 REPRESENTATION_ITEM ( '' )  );
#1895 = CARTESIAN_POINT ( 'NONE',  ( -0.6350000000000000089, 2.500000000000000000, -0.5000000000000000000 ) ) ;
#1896 = LINE ( 'NONE', #3156, #3876 ) ;
#1897 = EDGE_LOOP ( 'NONE', ( #32, #858, #2481, #161, #2982, #1468, #1399, #417, #1133, #3106, #3109, #3372 ) ) ;
#1898 = DIRECTION ( 'NONE',  ( 0.000000000000000000, 0.000000000000000000, 1.000000000000000000 ) ) ;
#1899 = SURFACE_STYLE_FILL_AREA ( #631 ) ;
#1900 = LINE ( 'NONE', #3529, #3067 ) ;
#1901 = EDGE_CURVE ( 'NONE', #2044, #3613, #1239, .T. ) ;
#1902 = VERTEX_POINT ( 'NONE', #3130 ) ;
#1903 = LINE ( 'NONE', #2251, #1455 ) ;
#1904 = CARTESIAN_POINT ( 'NONE',  ( -2.446846872942029627, 2.912038606604139712, -0.1900000000000000022 ) ) ;
#1905 = CARTESIAN_POINT ( 'NONE',  ( 0.000000000000000000, -2.946846872942029627, -0.1900000000000000022 ) ) ;
#1906 = DIRECTION ( 'NONE',  ( 0.000000000000000000, 0.000000000000000000, -1.000000000000000000 ) ) ;
#1907 = DIRECTION ( 'NONE',  ( 0.000000000000000000, 0.000000000000000000, 1.000000000000000000 ) ) ;
#1908 = CARTESIAN_POINT ( 'NONE',  ( 0.4299999999999999933, 2.939999999999999947, -0.2390299093405380271 ) ) ;
#1909 = SURFACE_SIDE_STYLE ('',( #2794 ) ) ;
#1910 = LINE ( 'NONE', #3849, #3750 ) ;
#1911 = ORIENTED_EDGE ( 'NONE', *, *, #839, .T. ) ;
#1912 = VERTEX_POINT ( 'NONE', #2501 ) ;
#1913 = CARTESIAN_POINT ( 'NONE',  ( -2.419999999999999929, 2.939999999999999947, -0.4699999999999999734 ) ) ;
#1914 = ORIENTED_EDGE ( 'NONE', *, *, #2589, .F. ) ;
#1915 =( LENGTH_UNIT ( ) NAMED_UNIT ( * ) SI_UNIT ( .MILLI., .METRE. ) );
#1916 = DIRECTION ( 'NONE',  ( 0.000000000000000000, -1.239088197126291458E-14, 1.000000000000000000 ) ) ;
#1917 = EDGE_CURVE ( 'NONE', #657, #3335, #3803, .T. ) ;
#1918 = CARTESIAN_POINT ( 'NONE',  ( -2.429269594412790223, 0.6800000000000000488, -0.5000000000000000000 ) ) ;
#1919 = CARTESIAN_POINT ( 'NONE',  ( -2.342810809058290200, -2.842810809058290200, 0.5000000000000000000 ) ) ;
#1920 = CARTESIAN_POINT ( 'NONE',  ( 2.000000000000000000, 0.6800000000000000488, -0.4699999999999999734 ) ) ;
#1921 = ORIENTED_EDGE ( 'NONE', *, *, #2132, .F. ) ;
#1922 = VERTEX_POINT ( 'NONE', #622 ) ;
#1923 = LINE ( 'NONE', #3209, #3598 ) ;
#1924 = EDGE_CURVE ( 'NONE', #180, #1498, #1069, .T. ) ;
#1925 = CARTESIAN_POINT ( 'NONE',  ( 0.4299999999999999933, 2.934361085619389797, -0.5000000000000000000 ) ) ;
#1926 = AXIS2_PLACEMENT_3D ( 'NONE', #160, #1434, #2702 ) ;
#1927 = VECTOR ( 'NONE', #2335, 1000.000000000000000 ) ;
#1928 = DIRECTION ( 'NONE',  ( -1.000000000000000000, 0.000000000000000000, 0.000000000000000000 ) ) ;
#1929 = CARTESIAN_POINT ( 'NONE',  ( 0.000000000000000000, 0.000000000000000000, -0.4699999999999999734 ) ) ;
#1930 = DIRECTION ( 'NONE',  ( -1.239088197126295087E-14, -1.000000000000000000, 0.000000000000000000 ) ) ;
#1931 = EDGE_CURVE ( 'NONE', #2551, #1711, #2265, .T. ) ;
#1932 = FILL_AREA_STYLE_COLOUR ( '', #407 ) ;
#1933 = AXIS2_PLACEMENT_3D ( 'NONE', #4115, #1248, #2513 ) ;
#1934 = VECTOR ( 'NONE', #658, 1000.000000000000000 ) ;
#1935 = DIRECTION ( 'NONE',  ( -1.000000000000000000, 0.000000000000000000, 0.000000000000000000 ) ) ;
#1936 = DIRECTION ( 'NONE',  ( 0.1039620511844979861, 0.1039620511844979861, 0.9891328443778538704 ) ) ;
#1937 = ORIENTED_EDGE ( 'NONE', *, *, #372, .F. ) ;
#1938 = EDGE_CURVE ( 'NONE', #4049, #1498, #374, .T. ) ;
#1939 = ORIENTED_EDGE ( 'NONE', *, *, #2332, .F. ) ;
#1940 = CIRCLE ( 'NONE', #4075, 0.03499999999999999639 ) ;
#1941 = STYLED_ITEM ( 'NONE', ( #2998 ), #1722 ) ;
#1942 = DIRECTION ( 'NONE',  ( 0.000000000000000000, 0.000000000000000000, 1.000000000000000000 ) ) ;
#1943 = FACE_OUTER_BOUND ( 'NONE', #238, .T. ) ;
#1944 = VECTOR ( 'NONE', #2764, 1000.000000000000000 ) ;
#1945 = VERTEX_POINT ( 'NONE', #2872 ) ;
#1946 = STYLED_ITEM ( 'NONE', ( #3424 ), #4036 ) ;
#1947 = CARTESIAN_POINT ( 'NONE',  ( 2.342810809058290200, 0.000000000000000000, 0.4650000000000000244 ) ) ;
#1948 = CARTESIAN_POINT ( 'NONE',  ( -1.590000000000000080, -2.939999999999999947, -0.4699999999999999734 ) ) ;
#1949 = ORIENTED_EDGE ( 'NONE', *, *, #3488, .T. ) ;
#1950 = ORIENTED_EDGE ( 'NONE', *, *, #2260, .T. ) ;
#1951 = ADVANCED_FACE ( 'NONE', ( #34 ), #676, .T. ) ;
#1952 = DIRECTION ( 'NONE',  ( 0.000000000000000000, 1.000000000000000000, 0.000000000000000000 ) ) ;
#1953 = DIRECTION ( 'NONE',  ( 1.000000000000000000, 0.000000000000000000, 0.000000000000000000 ) ) ;
#1954 = CARTESIAN_POINT ( 'NONE',  ( 1.554999999999999938, -2.936507972946180267, -0.4699999999999999734 ) ) ;
#1955 = DIRECTION ( 'NONE',  ( 1.000000000000000000, 0.000000000000000000, 0.000000000000000000 ) ) ;
#1956 = ORIENTED_EDGE ( 'NONE', *, *, #186, .T. ) ;
#1957 = DIRECTION ( 'NONE',  ( -7.375524982894588548E-17, -1.000000000000000000, 0.000000000000000000 ) ) ;
#1958 = EDGE_CURVE ( 'NONE', #224, #2442, #3554, .T. ) ;
#1959 = SURFACE_SIDE_STYLE ('',( #688 ) ) ;
#1960 = DIRECTION ( 'NONE',  ( 0.000000000000000000, 0.000000000000000000, 1.000000000000000000 ) ) ;
#1961 = DIRECTION ( 'NONE',  ( 0.000000000000000000, 0.000000000000000000, -1.000000000000000000 ) ) ;
#1962 = EDGE_CURVE ( 'NONE', #3597, #3619, #2580, .T. ) ;
#1963 = LINE ( 'NONE', #3544, #3964 ) ;
#1964 = ADVANCED_FACE ( 'NONE', ( #3792 ), #1247, .F. ) ;
#1965 = ORIENTED_EDGE ( 'NONE', *, *, #16, .F. ) ;
#1966 = ORIENTED_EDGE ( 'NONE', *, *, #782, .F. ) ;
#1967 = VECTOR ( 'NONE', #879, 1000.000000000000000 ) ;
#1968 = DIRECTION ( 'NONE',  ( 0.000000000000000000, 0.000000000000000000, -1.000000000000000000 ) ) ;
#1969 = CARTESIAN_POINT ( 'NONE',  ( 0.000000000000000000, 2.946846872942029627, -0.1900000000000000022 ) ) ;
#1970 = FACE_OUTER_BOUND ( 'NONE', #3885, .T. ) ;
#1971 = ORIENTED_EDGE ( 'NONE', *, *, #2413, .T. ) ;
#1972 = DIRECTION ( 'NONE',  ( -1.000000000000000000, 0.000000000000000000, 0.000000000000000000 ) ) ;
#1973 = DIRECTION ( 'NONE',  ( 0.000000000000000000, -1.000000000000000000, 0.000000000000000000 ) ) ;
#1974 = ORIENTED_EDGE ( 'NONE', *, *, #143, .T. ) ;
#1975 = VERTEX_POINT ( 'NONE', #3204 ) ;
#1976 = DIRECTION ( 'NONE',  ( 1.000000000000000000, 0.000000000000000000, 0.000000000000000000 ) ) ;
#1977 = SURFACE_STYLE_FILL_AREA ( #2197 ) ;
#1978 = SURFACE_SIDE_STYLE ('',( #2256 ) ) ;
#1979 = ORIENTED_EDGE ( 'NONE', *, *, #3727, .T. ) ;
#1980 = LINE ( 'NONE', #337, #3747 ) ;
#1981 = CARTESIAN_POINT ( 'NONE',  ( 2.439999999999999947, 2.939999999999999947, -0.2390299093405380271 ) ) ;
#1982 = CARTESIAN_POINT ( 'NONE',  ( 2.180488922046790012, 2.426592021952190148, 0.4775565596233640187 ) ) ;
#1983 = LINE ( 'NONE', #3271, #675 ) ;
#1984 = CARTESIAN_POINT ( 'NONE',  ( -0.8400000000000000799, 2.939999999999999947, -0.2200000000000000011 ) ) ;
#1985 = VERTEX_POINT ( 'NONE', #54 ) ;
#1986 = ORIENTED_EDGE ( 'NONE', *, *, #1443, .T. ) ;
#1987 = EDGE_CURVE ( 'NONE', #3423, #398, #3881, .T. ) ;
#1988 = SURFACE_STYLE_FILL_AREA ( #669 ) ;
#1989 = CARTESIAN_POINT ( 'NONE',  ( -2.000000000000000000, 1.149999999999999911, -0.5000000000000000000 ) ) ;
#1990 = ORIENTED_EDGE ( 'NONE', *, *, #2581, .T. ) ;
#1991 = EDGE_CURVE ( 'NONE', #3471, #2200, #3143, .T. ) ;
#1992 = CARTESIAN_POINT ( 'NONE',  ( 2.000000000000000000, 0.6800000000000000488, -0.4699999999999999734 ) ) ;
#1993 = CARTESIAN_POINT ( 'NONE',  ( -2.109999999999999876, 2.939999999999999947, -0.4699999999999999734 ) ) ;
#1994 = ORIENTED_EDGE ( 'NONE', *, *, #1746, .T. ) ;
#1995 = ORIENTED_EDGE ( 'NONE', *, *, #3145, .F. ) ;
#1996 = ORIENTED_EDGE ( 'NONE', *, *, #2116, .T. ) ;
#1997 = FILL_AREA_STYLE ('',( #3255 ) ) ;
#1998 = PLANE ( 'NONE',  #1542 ) ;
#1999 = LINE ( 'NONE', #3989, #1534 ) ;
#2000 = LINE ( 'NONE', #3414, #2008 ) ;
#2001 = VERTEX_POINT ( 'NONE', #1919 ) ;
#2002 = VECTOR ( 'NONE', #377, 1000.000000000000000 ) ;
#2003 = DIRECTION ( 'NONE',  ( 8.031127203596350323E-16, 1.000000000000000000, 0.000000000000000000 ) ) ;
#2004 = DIRECTION ( 'NONE',  ( -1.000000000000000000, 0.000000000000000000, 0.000000000000000000 ) ) ;
#2005 = VECTOR ( 'NONE', #2179, 1000.000000000000000 ) ;
#2006 =( NAMED_UNIT ( * ) PLANE_ANGLE_UNIT ( ) SI_UNIT ( $, .RADIAN. ) );
#2007 = EDGE_CURVE ( 'NONE', #224, #2644, #1558, .T. ) ;
#2008 = VECTOR ( 'NONE', #1497, 1000.000000000000000 ) ;
#2009 = VECTOR ( 'NONE', #1630, 1000.000000000000000 ) ;
#2010 = DIRECTION ( 'NONE',  ( 0.000000000000000000, 0.000000000000000000, 1.000000000000000000 ) ) ;
#2011 = DIRECTION ( 'NONE',  ( -1.000000000000000000, 0.000000000000000000, 0.000000000000000000 ) ) ;
#2012 =( GEOMETRIC_REPRESENTATION_CONTEXT ( 3 ) GLOBAL_UNCERTAINTY_ASSIGNED_CONTEXT ( ( #489 ) ) GLOBAL_UNIT_ASSIGNED_CONTEXT ( ( #15, #379, #1284 ) ) REPRESENTATION_CONTEXT ( 'NONE', 'WORKASPACE' ) );
#2013 = AXIS2_PLACEMENT_3D ( 'NONE', #1780, #2031, #1699 ) ;
#2014 = EDGE_CURVE ( 'NONE', #1792, #95, #2511, .T. ) ;
#2015 = ORIENTED_EDGE ( 'NONE', *, *, #1419, .F. ) ;
#2016 = DIRECTION ( 'NONE',  ( 0.000000000000000000, -1.000000000000000000, 0.000000000000000000 ) ) ;
#2017 = STYLED_ITEM ( 'NONE', ( #3216 ), #3222 ) ;
#2018 = LINE ( 'NONE', #778, #482 ) ;
#2019 = ORIENTED_EDGE ( 'NONE', *, *, #3801, .T. ) ;
#2020 = ADVANCED_FACE ( 'NONE', ( #2213 ), #585, .T. ) ;
#2021 = VECTOR ( 'NONE', #3627, 1000.000000000000000 ) ;
#2022 = EDGE_LOOP ( 'NONE', ( #4131, #1554, #1625, #692 ) ) ;
#2023 = DIRECTION ( 'NONE',  ( 1.000000000000000000, 0.000000000000000000, 0.000000000000000000 ) ) ;
#2024 = DIRECTION ( 'NONE',  ( 1.000000000000000000, 8.886903053159868833E-17, 0.000000000000000000 ) ) ;
#2025 = DIRECTION ( 'NONE',  ( 1.000000000000000000, 0.000000000000000000, 0.000000000000000000 ) ) ;
#2026 = EDGE_CURVE ( 'NONE', #1000, #1902, #302, .T. ) ;
#2027 = CARTESIAN_POINT ( 'NONE',  ( 1.699999999999999956, 2.939999999999999947, -0.5000000000000000000 ) ) ;
#2028 =( GEOMETRIC_REPRESENTATION_CONTEXT ( 3 ) GLOBAL_UNCERTAINTY_ASSIGNED_CONTEXT ( ( #1843 ) ) GLOBAL_UNIT_ASSIGNED_CONTEXT ( ( #2419, #762, #1776 ) ) REPRESENTATION_CONTEXT ( 'NONE', 'WORKASPACE' ) );
#2029 =( LENGTH_UNIT ( ) NAMED_UNIT ( * ) SI_UNIT ( .MILLI., .METRE. ) );
#2030 = ORIENTED_EDGE ( 'NONE', *, *, #1614, .T. ) ;
#2031 = DIRECTION ( 'NONE',  ( 0.000000000000000000, 0.000000000000000000, -1.000000000000000000 ) ) ;
#2032 = VERTEX_POINT ( 'NONE', #1574 ) ;
#2033 = AXIS2_PLACEMENT_3D ( 'NONE', #3734, #3124, #867 ) ;
#2034 = UNCERTAINTY_MEASURE_WITH_UNIT (LENGTH_MEASURE( 1.000000000000000082E-05 ), #127, 'distance_accuracy_value', 'NONE');
#2035 = CARTESIAN_POINT ( 'NONE',  ( -0.4299999999999999933, 2.939999999999999947, -0.4699999999999999734 ) ) ;
#2036 = CARTESIAN_POINT ( 'NONE',  ( 2.339516684270820157, -2.842810809058290200, 0.5000000000000000000 ) ) ;
#2037 = DIRECTION ( 'NONE',  ( -1.000000000000000000, 0.000000000000000000, 0.000000000000000000 ) ) ;
#2038 = VECTOR ( 'NONE', #1586, 1000.000000000000000 ) ;
#2039 = LINE ( 'NONE', #796, #735 ) ;
#2040 = ORIENTED_EDGE ( 'NONE', *, *, #2164, .F. ) ;
#2041 = MECHANICAL_DESIGN_GEOMETRIC_PRESENTATION_REPRESENTATION (  '', ( #3299 ), #3215 ) ;
#2042 = DIRECTION ( 'NONE',  ( 0.000000000000000000, 0.000000000000000000, 1.000000000000000000 ) ) ;
#2043 = VECTOR ( 'NONE', #2097, 1000.000000000000000 ) ;
#2044 = VERTEX_POINT ( 'NONE', #3874 ) ;
#2045 = CARTESIAN_POINT ( 'NONE',  ( 2.209652562907709950, 2.500000000000000000, -0.4699999999999999734 ) ) ;
#2046 = LINE ( 'NONE', #3975, #2529 ) ;
#2047 =( LENGTH_UNIT ( ) NAMED_UNIT ( * ) SI_UNIT ( .MILLI., .METRE. ) );
#2048 = DIRECTION ( 'NONE',  ( -1.000000000000000000, 0.000000000000000000, 0.000000000000000000 ) ) ;
#2049 = ORIENTED_EDGE ( 'NONE', *, *, #1187, .T. ) ;
#2050 = CARTESIAN_POINT ( 'NONE',  ( -1.674682176580450044, 2.500000000000000000, -0.4699999999999999734 ) ) ;
#2051 = LINE ( 'NONE', #2995, #1095 ) ;
#2052 = DIRECTION ( 'NONE',  ( -4.336808689942040613E-15, 1.000000000000000000, 0.000000000000000000 ) ) ;
#2053 =( LENGTH_UNIT ( ) NAMED_UNIT ( * ) SI_UNIT ( .MILLI., .METRE. ) );
#2054 = VERTEX_POINT ( 'NONE', #3550 ) ;
#2055 = DIRECTION ( 'NONE',  ( 0.000000000000000000, 0.000000000000000000, -1.000000000000000000 ) ) ;
#2056 = ORIENTED_EDGE ( 'NONE', *, *, #3990, .F. ) ;
#2057 = DIRECTION ( 'NONE',  ( 0.000000000000000000, 0.000000000000000000, 1.000000000000000000 ) ) ;
#2058 = ORIENTED_EDGE ( 'NONE', *, *, #1865, .T. ) ;
#2059 = ORIENTED_EDGE ( 'NONE', *, *, #186, .F. ) ;
#2060 = DIRECTION ( 'NONE',  ( 0.000000000000000000, 1.000000000000000000, 0.000000000000000000 ) ) ;
#2061 = EDGE_CURVE ( 'NONE', #2632, #3206, #1231, .T. ) ;
#2062 = DIRECTION ( 'NONE',  ( -0.9945218953682735119, 0.000000000000000000, 0.1045284632676529157 ) ) ;
#2063 = LINE ( 'NONE', #1427, #616 ) ;
#2064 = DIRECTION ( 'NONE',  ( 0.000000000000000000, 0.000000000000000000, -1.000000000000000000 ) ) ;
#2065 = ORIENTED_EDGE ( 'NONE', *, *, #1938, .T. ) ;
#2066 = ORIENTED_EDGE ( 'NONE', *, *, #1987, .F. ) ;
#2067 = SURFACE_STYLE_USAGE ( .BOTH. , #789 ) ;
#2068 = CARTESIAN_POINT ( 'NONE',  ( -2.109999999999999876, 2.500000000000000000, -0.5000000000000000000 ) ) ;
#2069 = CARTESIAN_POINT ( 'NONE',  ( 2.209652562907709950, 2.500000000000000000, -0.5000000000000000000 ) ) ;
#2070 = VERTEX_POINT ( 'NONE', #3788 ) ;
#2071 = ADVANCED_FACE ( 'NONE', ( #1943 ), #1293, .F. ) ;
#2072 =( GEOMETRIC_REPRESENTATION_CONTEXT ( 3 ) GLOBAL_UNCERTAINTY_ASSIGNED_CONTEXT ( ( #3386 ) ) GLOBAL_UNIT_ASSIGNED_CONTEXT ( ( #3732, #214, #887 ) ) REPRESENTATION_CONTEXT ( 'NONE', 'WORKASPACE' ) );
#2073 = VECTOR ( 'NONE', #978, 1000.000000000000000 ) ;
#2074 = DIRECTION ( 'NONE',  ( -1.000000000000000000, 0.000000000000000000, 0.000000000000000000 ) ) ;
#2075 = VECTOR ( 'NONE', #3422, 1000.000000000000000 ) ;
#2076 = SURFACE_STYLE_USAGE ( .BOTH. , #3687 ) ;
#2077 = LINE ( 'NONE', #2751, #3693 ) ;
#2078 = AXIS2_PLACEMENT_3D ( 'NONE', #354, #3005, #480 ) ;
#2079 = COLOUR_RGB ( '',0.2000000000000000111, 0.2000000000000000111, 0.2000000000000000111 ) ;
#2080 = EDGE_LOOP ( 'NONE', ( #50, #703, #3557, #1649 ) ) ;
#2081 = VERTEX_POINT ( 'NONE', #1005 ) ;
#2082 = LINE ( 'NONE', #721, #2186 ) ;
#2083 =( NAMED_UNIT ( * ) SI_UNIT ( $, .STERADIAN. ) SOLID_ANGLE_UNIT ( ) );
#2084 = DIRECTION ( 'NONE',  ( -9.984339835042528750E-16, 1.000000000000000000, 0.000000000000000000 ) ) ;
#2085 = VECTOR ( 'NONE', #2064, 1000.000000000000000 ) ;
#2086 = ORIENTED_EDGE ( 'NONE', *, *, #1237, .F. ) ;
#2087 = STYLED_ITEM ( 'NONE', ( #2674 ), #3511 ) ;
#2088 = DIRECTION ( 'NONE',  ( 0.000000000000000000, 0.000000000000000000, 1.000000000000000000 ) ) ;
#2089 = AXIS2_PLACEMENT_3D ( 'NONE', #2505, #1230, #3810 ) ;
#2090 = CARTESIAN_POINT ( 'NONE',  ( -1.590000000000000080, -2.936507972946180267, -0.4699999999999999734 ) ) ;
#2091 = ORIENTED_EDGE ( 'NONE', *, *, #3629, .F. ) ;
#2092 = VECTOR ( 'NONE', #373, 1000.000000000000000 ) ;
#2093 = EDGE_CURVE ( 'NONE', #3292, #2250, #2208, .T. ) ;
#2094 = SURFACE_STYLE_FILL_AREA ( #501 ) ;
#2095 = PRESENTATION_STYLE_ASSIGNMENT (( #1417 ) ) ;
#2096 = EDGE_LOOP ( 'NONE', ( #3128, #220, #3685, #380 ) ) ;
#2097 = DIRECTION ( 'NONE',  ( 0.000000000000000000, 0.000000000000000000, 1.000000000000000000 ) ) ;
#2098 = VECTOR ( 'NONE', #1108, 1000.000000000000000 ) ;
#2099 = SURFACE_STYLE_FILL_AREA ( #828 ) ;
#2100 = VERTEX_POINT ( 'NONE', #2183 ) ;
#2101 = ORIENTED_EDGE ( 'NONE', *, *, #261, .T. ) ;
#2102 = PLANE ( 'NONE',  #549 ) ;
#2103 = LINE ( 'NONE', #3047, #2669 ) ;
#2104 = CARTESIAN_POINT ( 'NONE',  ( -2.389088080355100008, 2.923896346692989923, 0.02835967114959169963 ) ) ;
#2105 = CARTESIAN_POINT ( 'NONE',  ( 1.699999999999999956, 2.939999999999999947, -0.2390299093405380271 ) ) ;
#2106 = LINE ( 'NONE', #2422, #2394 ) ;
#2107 = CARTESIAN_POINT ( 'NONE',  ( -2.389088080355100008, -2.923896346692989923, 0.02835967114959180024 ) ) ;
#2108 = ORIENTED_EDGE ( 'NONE', *, *, #2007, .F. ) ;
#2109 = CARTESIAN_POINT ( 'NONE',  ( 2.000000000000000000, -2.939999999999999947, -0.5000000000000000000 ) ) ;
#2110 = CARTESIAN_POINT ( 'NONE',  ( 0.8653178234195509910, 2.500000000000000000, -0.5000000000000000000 ) ) ;
#2111 = VERTEX_POINT ( 'NONE', #962 ) ;
#2112 = EDGE_CURVE ( 'NONE', #2119, #3633, #2798, .T. ) ;
#2113 = PLANE ( 'NONE',  #3404 ) ;
#2114 = CARTESIAN_POINT ( 'NONE',  ( -2.000000000000000000, 0.6800000000000000488, -0.5000000000000000000 ) ) ;
#2115 = ORIENTED_EDGE ( 'NONE', *, *, #2719, .T. ) ;
#2116 = EDGE_CURVE ( 'NONE', #1750, #3522, #604, .T. ) ;
#2117 = CARTESIAN_POINT ( 'NONE',  ( 2.575000000000000178, 0.2449999999999999956, -0.2200000000000000011 ) ) ;
#2118 = SURFACE_SIDE_STYLE ('',( #1457 ) ) ;
#2119 = VERTEX_POINT ( 'NONE', #31 ) ;
#2120 = EDGE_CURVE ( 'NONE', #1146, #3278, #322, .T. ) ;
#2121 = FILL_AREA_STYLE_COLOUR ( '', #2448 ) ;
#2122 = DIRECTION ( 'NONE',  ( 0.000000000000000000, 1.000000000000000000, 0.000000000000000000 ) ) ;
#2123 = DIRECTION ( 'NONE',  ( -9.984339835042528750E-16, -1.000000000000000000, 0.000000000000000000 ) ) ;
#2124 = ORIENTED_EDGE ( 'NONE', *, *, #1093, .T. ) ;
#2125 = CARTESIAN_POINT ( 'NONE',  ( 2.439999999999999947, 2.939999999999999947, -0.2200000000000000011 ) ) ;
#2126 = ORIENTED_EDGE ( 'NONE', *, *, #628, .T. ) ;
#2127 = CARTESIAN_POINT ( 'NONE',  ( 2.000000000000000000, 0.2449999999999999956, -0.5000000000000000000 ) ) ;
#2128 = ORIENTED_EDGE ( 'NONE', *, *, #970, .F. ) ;
#2129 = CARTESIAN_POINT ( 'NONE',  ( 2.419999999999999929, -2.939999999999999947, -0.1900000000000000022 ) ) ;
#2130 = AXIS2_PLACEMENT_3D ( 'NONE', #4064, #1500, #592 ) ;
#2131 = ORIENTED_EDGE ( 'NONE', *, *, #3880, .F. ) ;
#2132 = EDGE_CURVE ( 'NONE', #2812, #1539, #3460, .T. ) ;
#2133 =( GEOMETRIC_REPRESENTATION_CONTEXT ( 3 ) GLOBAL_UNCERTAINTY_ASSIGNED_CONTEXT ( ( #2342 ) ) GLOBAL_UNIT_ASSIGNED_CONTEXT ( ( #3182, #547, #4058 ) ) REPRESENTATION_CONTEXT ( 'NONE', 'WORKASPACE' ) );
#2134 = CARTESIAN_POINT ( 'NONE',  ( 1.699999999999999956, 3.075000000000000178, -0.5000000000000000000 ) ) ;
#2135 = ADVANCED_FACE ( 'NONE', ( #3833 ), #1873, .T. ) ;
#2136 = AXIS2_PLACEMENT_3D ( 'NONE', #1808, #1490, #1832 ) ;
#2137 = ORIENTED_EDGE ( 'NONE', *, *, #628, .F. ) ;
#2138 = LINE ( 'NONE', #2438, #2786 ) ;
#2139 = CARTESIAN_POINT ( 'NONE',  ( 0.000000000000000000, 0.000000000000000000, -0.2200000000000000011 ) ) ;
#2140 = EDGE_CURVE ( 'NONE', #3442, #3035, #3202, .T. ) ;
#2141 = ORIENTED_EDGE ( 'NONE', *, *, #3758, .F. ) ;
#2142 =( GEOMETRIC_REPRESENTATION_CONTEXT ( 3 ) GLOBAL_UNCERTAINTY_ASSIGNED_CONTEXT ( ( #2034 ) ) GLOBAL_UNIT_ASSIGNED_CONTEXT ( ( #127, #3683, #2665 ) ) REPRESENTATION_CONTEXT ( 'NONE', 'WORKASPACE' ) );
#2143 = EDGE_LOOP ( 'NONE', ( #2288, #2429, #1868, #1634, #3324, #3994, #2768, #2934, #2708, #4107, #516, #1122, #3987, #3725, #1364, #1956, #130, #960, #3634, #1582 ) ) ;
#2144 =( GEOMETRIC_REPRESENTATION_CONTEXT ( 3 ) GLOBAL_UNCERTAINTY_ASSIGNED_CONTEXT ( ( #136 ) ) GLOBAL_UNIT_ASSIGNED_CONTEXT ( ( #2859, #2006, #3196 ) ) REPRESENTATION_CONTEXT ( 'NONE', 'WORKASPACE' ) );
#2145 = ADVANCED_FACE ( 'NONE', ( #1551 ), #3811, .F. ) ;
#2146 = VECTOR ( 'NONE', #525, 1000.000000000000000 ) ;
#2147 = UNCERTAINTY_MEASURE_WITH_UNIT (LENGTH_MEASURE( 1.000000000000000082E-05 ), #1529, 'distance_accuracy_value', 'NONE');
#2148 = ORIENTED_EDGE ( 'NONE', *, *, #3722, .F. ) ;
#2149 = DIRECTION ( 'NONE',  ( -1.000000000000000000, 9.984339835042528750E-16, 0.000000000000000000 ) ) ;
#2150 = VECTOR ( 'NONE', #2475, 1000.000000000000000 ) ;
#2151 = DIRECTION ( 'NONE',  ( 0.000000000000000000, 0.000000000000000000, 1.000000000000000000 ) ) ;
#2152 = ORIENTED_EDGE ( 'NONE', *, *, #3589, .T. ) ;
#2153 = DIRECTION ( 'NONE',  ( -1.000000000000000000, 0.000000000000000000, 0.000000000000000000 ) ) ;
#2154 = FACE_OUTER_BOUND ( 'NONE', #710, .T. ) ;
#2155 = ORIENTED_EDGE ( 'NONE', *, *, #2912, .T. ) ;
#2156 = SHAPE_DEFINITION_REPRESENTATION ( #3449, #2759 ) ;
#2157 = AXIS2_PLACEMENT_3D ( 'NONE', #3790, #920, #3835 ) ;
#2158 = LINE ( 'NONE', #3429, #868 ) ;
#2159 = CARTESIAN_POINT ( 'NONE',  ( 2.342810809058290200, -2.842810809058290200, 0.4650000000000000244 ) ) ;
#2160 = CARTESIAN_POINT ( 'NONE',  ( -1.674682176580450044, 2.500000000000000000, -0.4699999999999999734 ) ) ;
#2161 = DIRECTION ( 'NONE',  ( 0.000000000000000000, 1.000000000000000000, 0.000000000000000000 ) ) ;
#2162 = ORIENTED_EDGE ( 'NONE', *, *, #754, .T. ) ;
#2163 = ORIENTED_EDGE ( 'NONE', *, *, #3107, .T. ) ;
#2164 = EDGE_CURVE ( 'NONE', #3409, #2111, #1896, .T. ) ;
#2165 = EDGE_CURVE ( 'NONE', #2331, #3573, #4135, .T. ) ;
#2166 = DIRECTION ( 'NONE',  ( 1.000000000000000000, -8.031127203596350323E-16, 0.000000000000000000 ) ) ;
#2167 = DIRECTION ( 'NONE',  ( 0.000000000000000000, -1.000000000000000000, 0.000000000000000000 ) ) ;
#2168 = EDGE_LOOP ( 'NONE', ( #667, #2340, #3008, #875, #1672, #1523, #2367, #640, #1404, #2440, #2875, #1440, #2503, #925, #3, #1535, #716, #2148, #1979, #1334, #3327, #121, #141, #3203, #2101, #914, #3366, #2176, #3326, #1424, #3794, #375, #1240, #1575, #3090, #1001, #1181, #680, #3830, #458, #2895, #1035, #918, #2108, #175, #1709 ) ) ;
#2169 = CARTESIAN_POINT ( 'NONE',  ( -2.000000000000000000, -2.939999999999999947, -0.2390299093405380271 ) ) ;
#2170 = CARTESIAN_POINT ( 'NONE',  ( 2.429269594412790223, 0.2449999999999999956, -0.5000000000000000000 ) ) ;
#2171 = ORIENTED_EDGE ( 'NONE', *, *, #3538, .F. ) ;
#2172 = ORIENTED_EDGE ( 'NONE', *, *, #3092, .T. ) ;
#2173 = ORIENTED_EDGE ( 'NONE', *, *, #1833, .F. ) ;
#2174 = DIRECTION ( 'NONE',  ( 0.000000000000000000, 0.000000000000000000, 1.000000000000000000 ) ) ;
#2175 = VERTEX_POINT ( 'NONE', #1913 ) ;
#2176 = ORIENTED_EDGE ( 'NONE', *, *, #2165, .T. ) ;
#2177 = EDGE_CURVE ( 'NONE', #1688, #531, #1600, .T. ) ;
#2178 = EDGE_CURVE ( 'NONE', #95, #2797, #983, .T. ) ;
#2179 = DIRECTION ( 'NONE',  ( 1.000000000000000000, 0.000000000000000000, 0.000000000000000000 ) ) ;
#2180 = EDGE_CURVE ( 'NONE', #3027, #1050, #49, .T. ) ;
#2181 = ORIENTED_EDGE ( 'NONE', *, *, #522, .T. ) ;
#2182 = SURFACE_STYLE_FILL_AREA ( #916 ) ;
#2183 = CARTESIAN_POINT ( 'NONE',  ( -2.575000000000000178, 0.6550000000000000266, -0.5000000000000000000 ) ) ;
#2184 = CARTESIAN_POINT ( 'NONE',  ( -2.342810809058290200, 0.000000000000000000, 0.4650000000000000244 ) ) ;
#2185 = ORIENTED_EDGE ( 'NONE', *, *, #3003, .T. ) ;
#2186 = VECTOR ( 'NONE', #2312, 1000.000000000000000 ) ;
#2187 = CARTESIAN_POINT ( 'NONE',  ( -0.4299999999999999933, 2.934361085619389797, -0.5000000000000000000 ) ) ;
#2188 = CARTESIAN_POINT ( 'NONE',  ( 1.590000000000000080, -3.075000000000000178, -0.5000000000000000000 ) ) ;
#2189 = DIRECTION ( 'NONE',  ( -1.000000000000000000, 4.928191693115929783E-16, 0.000000000000000000 ) ) ;
#2190 = VECTOR ( 'NONE', #2555, 1000.000000000000000 ) ;
#2191 = CARTESIAN_POINT ( 'NONE',  ( 2.439999999999999947, 2.919999999999999929, -0.4699999999999999734 ) ) ;
#2192 = EDGE_LOOP ( 'NONE', ( #78, #85, #2410, #1841, #3692, #3373 ) ) ;
#2193 = AXIS2_PLACEMENT_3D ( 'NONE', #3081, #2704, #3998 ) ;
#2194 = STYLED_ITEM ( 'NONE', ( #1662 ), #1365 ) ;
#2195 = CARTESIAN_POINT ( 'NONE',  ( 2.135317823419550010, 2.500000000000000000, -0.5000000000000000000 ) ) ;
#2196 = DIRECTION ( 'NONE',  ( 0.000000000000000000, 0.000000000000000000, 1.000000000000000000 ) ) ;
#2197 = FILL_AREA_STYLE ('',( #618 ) ) ;
#2198 = VECTOR ( 'NONE', #55, 1000.000000000000000 ) ;
#2199 = VECTOR ( 'NONE', #3262, 1000.000000000000000 ) ;
#2200 = VERTEX_POINT ( 'NONE', #435 ) ;
#2201 = AXIS2_PLACEMENT_3D ( 'NONE', #2830, #3562, #2223 ) ;
#2202 = FACE_OUTER_BOUND ( 'NONE', #1693, .T. ) ;
#2203 = EDGE_LOOP ( 'NONE', ( #2489, #561, #637, #4071, #3506, #2908, #720, #2172 ) ) ;
#2204 = EDGE_LOOP ( 'NONE', ( #1995, #634, #1638, #72, #2281, #468 ) ) ;
#2205 = ADVANCED_FACE ( 'NONE', ( #390 ), #1637, .T. ) ;
#2206 = DIRECTION ( 'NONE',  ( -0.9945218953682735119, 0.000000000000000000, 0.1045284632676530545 ) ) ;
#2207 = PRESENTATION_LAYER_ASSIGNMENT (  '', '', ( #2463 ) ) ;
#2208 = LINE ( 'NONE', #627, #4012 ) ;
#2209 = ORIENTED_EDGE ( 'NONE', *, *, #1489, .F. ) ;
#2210 = LINE ( 'NONE', #2187, #1357 ) ;
#2211 = LINE ( 'NONE', #3507, #3272 ) ;
#2212 = LINE ( 'NONE', #1918, #1207 ) ;
#2213 = FACE_OUTER_BOUND ( 'NONE', #1770, .T. ) ;
#2214 = FACE_OUTER_BOUND ( 'NONE', #980, .T. ) ;
#2215 = ORIENTED_EDGE ( 'NONE', *, *, #3363, .F. ) ;
#2216 = ORIENTED_EDGE ( 'NONE', *, *, #3535, .F. ) ;
#2217 = DIRECTION ( 'NONE',  ( 1.000000000000000000, 1.245913441319900074E-14, 0.000000000000000000 ) ) ;
#2218 = LINE ( 'NONE', #2495, #880 ) ;
#2219 = CIRCLE ( 'NONE', #3368, 0.2000000000000000944 ) ;
#2220 = DIRECTION ( 'NONE',  ( 7.375524982894588548E-17, 1.000000000000000000, 0.000000000000000000 ) ) ;
#2221 = DIRECTION ( 'NONE',  ( 0.000000000000000000, -1.000000000000000000, 0.000000000000000000 ) ) ;
#2222 = FACE_OUTER_BOUND ( 'NONE', #1132, .T. ) ;
#2223 = DIRECTION ( 'NONE',  ( 0.000000000000000000, -1.000000000000000000, 0.000000000000000000 ) ) ;
#2224 = CARTESIAN_POINT ( 'NONE',  ( 1.590000000000000080, -2.936507972946180267, -0.5000000000000000000 ) ) ;
#2225 = ORIENTED_EDGE ( 'NONE', *, *, #2690, .F. ) ;
#2226 = ORIENTED_EDGE ( 'NONE', *, *, #2772, .F. ) ;
#2227 = EDGE_CURVE ( 'NONE', #2679, #2920, #1686, .T. ) ;
#2228 = CARTESIAN_POINT ( 'NONE',  ( -2.000000000000000000, -2.949999999999999734, -0.5000000000000000000 ) ) ;
#2229 = PLANE ( 'NONE',  #4083 ) ;
#2230 = CARTESIAN_POINT ( 'NONE',  ( 0.4299999999999999933, 2.934361085619389797, -0.4699999999999999734 ) ) ;
#2231 = EDGE_CURVE ( 'NONE', #1172, #2888, #94, .T. ) ;
#2232 = ORIENTED_EDGE ( 'NONE', *, *, #4082, .F. ) ;
#2233 = CARTESIAN_POINT ( 'NONE',  ( 2.000000000000000000, -2.936507972946180267, -0.5000000000000000000 ) ) ;
#2234 =( LENGTH_UNIT ( ) NAMED_UNIT ( * ) SI_UNIT ( .MILLI., .METRE. ) );
#2235 = DIRECTION ( 'NONE',  ( 0.000000000000000000, 0.000000000000000000, 1.000000000000000000 ) ) ;
#2236 = CARTESIAN_POINT ( 'NONE',  ( 2.000000000000000000, 0.2449999999999999956, -0.4699999999999999734 ) ) ;
#2237 = EDGE_CURVE ( 'NONE', #582, #3787, #2910, .T. ) ;
#2238 = ORIENTED_EDGE ( 'NONE', *, *, #3880, .T. ) ;
#2239 = CARTESIAN_POINT ( 'NONE',  ( 2.342810809058290200, 2.839516684270820157, 0.5000000000000000000 ) ) ;
#2240 = FACE_OUTER_BOUND ( 'NONE', #1897, .T. ) ;
#2241 = DIRECTION ( 'NONE',  ( 0.000000000000000000, 1.000000000000000000, 0.000000000000000000 ) ) ;
#2242 = EDGE_LOOP ( 'NONE', ( #1734, #830, #2477, #3016, #1517, #2628, #2355, #1741, #508, #1914, #3917 ) ) ;
#2243 = CARTESIAN_POINT ( 'NONE',  ( -2.000000000000000000, 0.6550000000000000266, -0.5000000000000000000 ) ) ;
#2244 = EDGE_CURVE ( 'NONE', #4101, #3769, #1728, .T. ) ;
#2245 = ORIENTED_EDGE ( 'NONE', *, *, #3320, .T. ) ;
#2246 = LINE ( 'NONE', #2629, #159 ) ;
#2247 = LINE ( 'NONE', #283, #3127 ) ;
#2248 = EDGE_CURVE ( 'NONE', #3935, #1602, #3244, .T. ) ;
#2249 = PLANE ( 'NONE',  #2328 ) ;
#2250 = VERTEX_POINT ( 'NONE', #1091 ) ;
#2251 = CARTESIAN_POINT ( 'NONE',  ( 0.8400000000000000799, 2.939999999999999947, -0.5000000000000000000 ) ) ;
#2252 = VECTOR ( 'NONE', #3136, 1000.000000000000000 ) ;
#2253 = LINE ( 'NONE', #61, #226 ) ;
#2254 = EDGE_CURVE ( 'NONE', #1792, #2070, #1031, .T. ) ;
#2255 = ADVANCED_FACE ( 'NONE', ( #1331 ), #2368, .T. ) ;
#2256 = SURFACE_STYLE_FILL_AREA ( #2901 ) ;
#2257 = DIRECTION ( 'NONE',  ( 0.000000000000000000, 1.000000000000000000, 0.000000000000000000 ) ) ;
#2258 = VECTOR ( 'NONE', #3658, 1000.000000000000000 ) ;
#2259 = AXIS2_PLACEMENT_3D ( 'NONE', #3060, #71, #1032 ) ;
#2260 = EDGE_CURVE ( 'NONE', #394, #1306, #70, .T. ) ;
#2261 =( NAMED_UNIT ( * ) SI_UNIT ( $, .STERADIAN. ) SOLID_ANGLE_UNIT ( ) );
#2262 = CARTESIAN_POINT ( 'NONE',  ( 2.439999999999999947, 0.6550000000000000266, -0.2200000000000000011 ) ) ;
#2263 = AXIS2_PLACEMENT_3D ( 'NONE', #2349, #4021, #2414 ) ;
#2264 = AXIS2_PLACEMENT_3D ( 'NONE', #1473, #1348, #3476 ) ;
#2265 = LINE ( 'NONE', #3543, #3115 ) ;
#2266 = PLANE ( 'NONE',  #2597 ) ;
#2267 = ORIENTED_EDGE ( 'NONE', *, *, #3306, .F. ) ;
#2268 = ORIENTED_EDGE ( 'NONE', *, *, #845, .F. ) ;
#2269 = CARTESIAN_POINT ( 'NONE',  ( 2.000000000000000000, -2.936507972946180267, -0.4699999999999999734 ) ) ;
#2270 = VECTOR ( 'NONE', #3148, 1000.000000000000000 ) ;
#2271 = EDGE_LOOP ( 'NONE', ( #4022, #787, #157, #500 ) ) ;
#2272 = PLANE ( 'NONE',  #1825 ) ;
#2273 = CARTESIAN_POINT ( 'NONE',  ( 2.439999999999999947, 2.939999999999999947, -0.4699999999999999734 ) ) ;
#2274 = DIRECTION ( 'NONE',  ( 0.000000000000000000, 1.000000000000000000, 0.000000000000000000 ) ) ;
#2275 = VECTOR ( 'NONE', #2025, 1000.000000000000000 ) ;
#2276 = ORIENTED_EDGE ( 'NONE', *, *, #3434, .T. ) ;
#2277 = ORIENTED_EDGE ( 'NONE', *, *, #2996, .T. ) ;
#2278 = DIRECTION ( 'NONE',  ( 0.000000000000000000, 1.000000000000000000, 0.000000000000000000 ) ) ;
#2279 = CARTESIAN_POINT ( 'NONE',  ( -2.412038606604139712, 2.946846872942029627, -0.1900000000000000022 ) ) ;
#2280 = PRESENTATION_STYLE_ASSIGNMENT (( #976 ) ) ;
#2281 = ORIENTED_EDGE ( 'NONE', *, *, #2244, .F. ) ;
#2282 = EDGE_CURVE ( 'NONE', #3409, #2484, #775, .T. ) ;
#2283 = EDGE_CURVE ( 'NONE', #2111, #3064, #113, .T. ) ;
#2284 = VECTOR ( 'NONE', #4065, 1000.000000000000000 ) ;
#2285 = DIRECTION ( 'NONE',  ( 0.000000000000000000, 0.000000000000000000, 1.000000000000000000 ) ) ;
#2286 = LINE ( 'NONE', #3298, #2874 ) ;
#2287 = PLANE ( 'NONE',  #3068 ) ;
#2288 = ORIENTED_EDGE ( 'NONE', *, *, #2282, .F. ) ;
#2289 = EDGE_CURVE ( 'NONE', #600, #3153, #2348, .T. ) ;
#2290 = PRESENTATION_LAYER_ASSIGNMENT (  '', '', ( #4096 ) ) ;
#2291 = CARTESIAN_POINT ( 'NONE',  ( 2.000000000000000000, 1.149999999999999911, -0.5000000000000000000 ) ) ;
#2292 = CARTESIAN_POINT ( 'NONE',  ( -2.342810809058290200, -2.877619075396179671, 0.4686584962143680588 ) ) ;
#2293 = CARTESIAN_POINT ( 'NONE',  ( -2.575000000000000178, 0.6550000000000000266, -0.5000000000000000000 ) ) ;
#2294 = VERTEX_POINT ( 'NONE', #2307 ) ;
#2295 = VERTEX_POINT ( 'NONE', #144 ) ;
#2296 = CARTESIAN_POINT ( 'NONE',  ( 1.590000000000000080, -2.939999999999999947, -0.2390299093405380271 ) ) ;
#2297 = LINE ( 'NONE', #2517, #2038 ) ;
#2298 = CARTESIAN_POINT ( 'NONE',  ( -1.590000000000000080, -2.939999999999999947, -0.5000000000000000000 ) ) ;
#2299 = LINE ( 'NONE', #1346, #1867 ) ;
#2300 = EDGE_CURVE ( 'NONE', #2439, #1327, #3590, .T. ) ;
#2301 =( NAMED_UNIT ( * ) SI_UNIT ( $, .STERADIAN. ) SOLID_ANGLE_UNIT ( ) );
#2302 = ORIENTED_EDGE ( 'NONE', *, *, #3934, .T. ) ;
#2303 = CARTESIAN_POINT ( 'NONE',  ( 2.446846872942029627, 0.000000000000000000, -0.1900000000000000022 ) ) ;
#2304 = DIRECTION ( 'NONE',  ( 0.000000000000000000, -1.000000000000000000, 0.000000000000000000 ) ) ;
#2305 = EDGE_CURVE ( 'NONE', #589, #3264, #2039, .T. ) ;
#2306 = EDGE_CURVE ( 'NONE', #3442, #1784, #2642, .T. ) ;
#2307 = CARTESIAN_POINT ( 'NONE',  ( -0.8653178234195509910, 2.500000000000000000, -0.4699999999999999734 ) ) ;
#2308 = ORIENTED_EDGE ( 'NONE', *, *, #225, .F. ) ;
#2309 = PLANE ( 'NONE',  #3478 ) ;
#2310 = ORIENTED_EDGE ( 'NONE', *, *, #2589, .T. ) ;
#2311 = ORIENTED_EDGE ( 'NONE', *, *, #1805, .T. ) ;
#2312 = DIRECTION ( 'NONE',  ( 0.000000000000000000, 0.000000000000000000, 1.000000000000000000 ) ) ;
#2313 =( GEOMETRIC_REPRESENTATION_CONTEXT ( 3 ) GLOBAL_UNCERTAINTY_ASSIGNED_CONTEXT ( ( #1786 ) ) GLOBAL_UNIT_ASSIGNED_CONTEXT ( ( #3295, #3036, #2717 ) ) REPRESENTATION_CONTEXT ( 'NONE', 'WORKASPACE' ) );
#2314 = FACE_OUTER_BOUND ( 'NONE', #2699, .T. ) ;
#2315 = CARTESIAN_POINT ( 'NONE',  ( 1.699999999999999956, 2.934361085619389797, -0.4699999999999999734 ) ) ;
#2316 = ORIENTED_EDGE ( 'NONE', *, *, #196, .F. ) ;
#2317 = VECTOR ( 'NONE', #3293, 1000.000000000000000 ) ;
#2318 = VECTOR ( 'NONE', #2374, 1000.000000000000000 ) ;
#2319 = LINE ( 'NONE', #449, #590 ) ;
#2320 = CARTESIAN_POINT ( 'NONE',  ( 2.429269594412790223, 0.6800000000000000488, -0.5000000000000000000 ) ) ;
#2321 = DIRECTION ( 'NONE',  ( 0.000000000000000000, 1.000000000000000000, 0.000000000000000000 ) ) ;
#2322 = MECHANICAL_DESIGN_GEOMETRIC_PRESENTATION_REPRESENTATION (  '', ( #252 ), #4133 ) ;
#2323 = VECTOR ( 'NONE', #2011, 1000.000000000000000 ) ;
#2324 = STYLED_ITEM ( 'NONE', ( #2280 ), #1271 ) ;
#2325 = DIRECTION ( 'NONE',  ( 1.000000000000000000, 0.000000000000000000, 0.000000000000000000 ) ) ;
#2326 = DIRECTION ( 'NONE',  ( 0.000000000000000000, -1.000000000000000000, 0.000000000000000000 ) ) ;
#2327 = PLANE ( 'NONE',  #671 ) ;
#2328 = AXIS2_PLACEMENT_3D ( 'NONE', #3161, #303, #677 ) ;
#2329 = DIRECTION ( 'NONE',  ( -1.000000000000000000, 0.000000000000000000, 0.000000000000000000 ) ) ;
#2330 = VECTOR ( 'NONE', #2037, 1000.000000000000000 ) ;
#2331 = VERTEX_POINT ( 'NONE', #2958 ) ;
#2332 = EDGE_CURVE ( 'NONE', #1208, #2679, #1375, .T. ) ;
#2333 = CARTESIAN_POINT ( 'NONE',  ( -2.000000000000000000, -2.137027193381950241, -0.5000000000000000000 ) ) ;
#2334 = EDGE_LOOP ( 'NONE', ( #3398, #382, #2933, #515, #3546, #3856 ) ) ;
#2335 = DIRECTION ( 'NONE',  ( -1.248042479380319792E-16, 1.000000000000000000, 0.000000000000000000 ) ) ;
#2336 =( NAMED_UNIT ( * ) PLANE_ANGLE_UNIT ( ) SI_UNIT ( $, .RADIAN. ) );
#2337 =( NAMED_UNIT ( * ) PLANE_ANGLE_UNIT ( ) SI_UNIT ( $, .RADIAN. ) );
#2338 = PLANE ( 'NONE',  #1743 ) ;
#2339 = PLANE ( 'NONE',  #3812 ) ;
#2340 = ORIENTED_EDGE ( 'NONE', *, *, #2854, .T. ) ;
#2341 = STYLED_ITEM ( 'NONE', ( #2967 ), #3624 ) ;
#2342 = UNCERTAINTY_MEASURE_WITH_UNIT (LENGTH_MEASURE( 1.000000000000000082E-05 ), #3182, 'distance_accuracy_value', 'NONE');
#2343 = DIRECTION ( 'NONE',  ( 0.000000000000000000, 0.000000000000000000, 1.000000000000000000 ) ) ;
#2344 = LINE ( 'NONE', #3238, #1421 ) ;
#2345 = FACE_OUTER_BOUND ( 'NONE', #1651, .T. ) ;
#2346 = ORIENTED_EDGE ( 'NONE', *, *, #654, .T. ) ;
#2347 = AXIS2_PLACEMENT_3D ( 'NONE', #2320, #3609, #3702 ) ;
#2348 = LINE ( 'NONE', #751, #2258 ) ;
#2349 = CARTESIAN_POINT ( 'NONE',  ( 2.342810809058290200, -2.842810809058290200, 0.4650000000000000244 ) ) ;
#2350 = ADVANCED_FACE ( 'NONE', ( #3303 ), #2664, .T. ) ;
#2351 = ORIENTED_EDGE ( 'NONE', *, *, #1790, .F. ) ;
#2352 = VECTOR ( 'NONE', #3134, 1000.000000000000000 ) ;
#2353 = CLOSED_SHELL ( 'NONE', ( #3511, #1395, #1238, #3526, #3509, #889, #2350, #101, #3225, #3117, #1400, #333, #3655, #822, #28, #1183, #2379, #2947, #2376, #56, #3213, #2826, #1143, #3451, #1702, #934, #48, #3438, #2746, #2972, #3218, #2426, #1557, #1344, #4057, #2145, #2071, #2977, #4095, #240, #2255, #1824, #343, #2561, #2858, #581, #1817, #2381, #765, #2354, #1797, #477, #2135, #1386, #3804, #1830, #3441, #3706, #4099, #912, #4076, #3359, #1365, #3624, #1610, #3222, #1532, #653, #476, #1064, #1722, #1877, #794, #2802, #4036, #4102, #2892, #2865, #2020, #1271, #2782, #2431, #3594, #733, #1951, #1170, #2451, #43, #2411, #1391, #3165, #4105, #2620, #2683, #3344, #3919, #1211, #2559, #227, #4039, #242, #863, #523, #2435, #253, #2732, #1964, #1831, #706, #1307, #2946, #2205, #1619, #472 ) ) ;
#2354 = ADVANCED_FACE ( 'NONE', ( #3322 ), #3743, .F. ) ;
#2355 = ORIENTED_EDGE ( 'NONE', *, *, #2638, .T. ) ;
#2356 = VERTEX_POINT ( 'NONE', #1126 ) ;
#2357 = SURFACE_STYLE_USAGE ( .BOTH. , #2613 ) ;
#2358 = LINE ( 'NONE', #3330, #3131 ) ;
#2359 = EDGE_CURVE ( 'NONE', #1844, #3761, #3402, .T. ) ;
#2360 = CARTESIAN_POINT ( 'NONE',  ( 2.000000000000000000, 0.2449999999999999956, -0.5000000000000000000 ) ) ;
#2361 = CARTESIAN_POINT ( 'NONE',  ( 0.4046821765804490267, 2.500000000000000000, -0.4699999999999999734 ) ) ;
#2362 = ORIENTED_EDGE ( 'NONE', *, *, #3809, .T. ) ;
#2363 = DIRECTION ( 'NONE',  ( 1.000000000000000000, 0.000000000000000000, 0.000000000000000000 ) ) ;
#2364 = EDGE_LOOP ( 'NONE', ( #3456, #3503, #633, #1167 ) ) ;
#2365 =( NAMED_UNIT ( * ) SI_UNIT ( $, .STERADIAN. ) SOLID_ANGLE_UNIT ( ) );
#2366 = CARTESIAN_POINT ( 'NONE',  ( 0.000000000000000000, 0.000000000000000000, -0.1900000000000000022 ) ) ;
#2367 = ORIENTED_EDGE ( 'NONE', *, *, #3428, .T. ) ;
#2368 = PLANE ( 'NONE',  #1729 ) ;
#2369 = CARTESIAN_POINT ( 'NONE',  ( 0.000000000000000000, -2.949999999999999734, -0.2200000000000000011 ) ) ;
#2370 = PLANE ( 'NONE',  #1827 ) ;
#2371 = CARTESIAN_POINT ( 'NONE',  ( 0.8400000000000000799, 2.500000000000000000, -0.4699999999999999734 ) ) ;
#2372 = ORIENTED_EDGE ( 'NONE', *, *, #3041, .T. ) ;
#2373 = ORIENTED_EDGE ( 'NONE', *, *, #1690, .F. ) ;
#2374 = DIRECTION ( 'NONE',  ( 0.000000000000000000, 1.000000000000000000, 0.000000000000000000 ) ) ;
#2375 = DIRECTION ( 'NONE',  ( 0.000000000000000000, -1.000000000000000000, 0.000000000000000000 ) ) ;
#2376 = ADVANCED_FACE ( 'NONE', ( #1205 ), #2113, .T. ) ;
#2377 = DIRECTION ( 'NONE',  ( -1.000000000000000000, 0.000000000000000000, 0.000000000000000000 ) ) ;
#2378 = EDGE_LOOP ( 'NONE', ( #651, #90, #1974, #1106 ) ) ;
#2379 = ADVANCED_FACE ( 'NONE', ( #846 ), #478, .T. ) ;
#2380 = CARTESIAN_POINT ( 'NONE',  ( -1.674682176580450044, 2.500000000000000000, -0.5000000000000000000 ) ) ;
#2381 = ADVANCED_FACE ( 'NONE', ( #241 ), #2443, .F. ) ;
#2382 = LINE ( 'NONE', #3017, #896 ) ;
#2383 = AXIS2_PLACEMENT_3D ( 'NONE', #2951, #2003, #1123 ) ;
#2384 = FACE_OUTER_BOUND ( 'NONE', #3821, .T. ) ;
#2385 = DIRECTION ( 'NONE',  ( 0.000000000000000000, -1.000000000000000000, 0.000000000000000000 ) ) ;
#2386 = VECTOR ( 'NONE', #1236, 1000.000000000000000 ) ;
#2387 = AXIS2_PLACEMENT_3D ( 'NONE', #3868, #1961, #997 ) ;
#2388 = PLANE ( 'NONE',  #2193 ) ;
#2389 = EDGE_LOOP ( 'NONE', ( #2308, #851, #3807, #678, #2469, #856, #1409, #1098 ) ) ;
#2390 = COLOUR_RGB ( '',0.2000000000000000111, 0.2000000000000000111, 0.2000000000000000111 ) ;
#2391 = FILL_AREA_STYLE_COLOUR ( '', #2884 ) ;
#2392 = VECTOR ( 'NONE', #2412, 1000.000000000000000 ) ;
#2393 = CARTESIAN_POINT ( 'NONE',  ( 0.4046821765804490267, 2.934361085619389797, -0.5000000000000000000 ) ) ;
#2394 = VECTOR ( 'NONE', #1883, 1000.000000000000000 ) ;
#2395 = VECTOR ( 'NONE', #3901, 1000.000000000000000 ) ;
#2396 = CARTESIAN_POINT ( 'NONE',  ( -2.412038606604139712, -2.946846872942029627, -0.1900000000000000022 ) ) ;
#2397 = UNCERTAINTY_MEASURE_WITH_UNIT (LENGTH_MEASURE( 1.000000000000000082E-05 ), #1737, 'distance_accuracy_value', 'NONE');
#2398 = ORIENTED_EDGE ( 'NONE', *, *, #504, .F. ) ;
#2399 = ORIENTED_EDGE ( 'NONE', *, *, #3310, .F. ) ;
#2400 = VECTOR ( 'NONE', #1880, 1000.000000000000000 ) ;
#2401 = PLANE ( 'NONE',  #249 ) ;
#2402 = CARTESIAN_POINT ( 'NONE',  ( 1.590000000000000080, -3.075000000000000178, -0.2200000000000000011 ) ) ;
#2403 = CARTESIAN_POINT ( 'NONE',  ( -2.342810809058290200, -2.842810809058290200, 0.4650000000000000244 ) ) ;
#2404 = DIRECTION ( 'NONE',  ( 0.000000000000000000, 0.000000000000000000, -1.000000000000000000 ) ) ;
#2405 = VERTEX_POINT ( 'NONE', #1785 ) ;
#2406 = DIRECTION ( 'NONE',  ( 0.000000000000000000, 0.000000000000000000, 1.000000000000000000 ) ) ;
#2407 = FACE_OUTER_BOUND ( 'NONE', #3113, .T. ) ;
#2408 = VECTOR ( 'NONE', #3025, 1000.000000000000000 ) ;
#2409 = DIRECTION ( 'NONE',  ( 0.000000000000000000, 0.000000000000000000, 1.000000000000000000 ) ) ;
#2410 = ORIENTED_EDGE ( 'NONE', *, *, #1369, .T. ) ;
#2411 = ADVANCED_FACE ( 'NONE', ( #204 ), #2432, .T. ) ;
#2412 = DIRECTION ( 'NONE',  ( 1.000000000000000000, 0.000000000000000000, 0.000000000000000000 ) ) ;
#2413 = EDGE_CURVE ( 'NONE', #223, #376, #541, .T. ) ;
#2414 = DIRECTION ( 'NONE',  ( 1.000000000000000000, 0.000000000000000000, 0.000000000000000000 ) ) ;
#2415 = UNCERTAINTY_MEASURE_WITH_UNIT (LENGTH_MEASURE( 1.000000000000000082E-05 ), #1915, 'distance_accuracy_value', 'NONE');
#2416 = ORIENTED_EDGE ( 'NONE', *, *, #966, .F. ) ;
#2417 = AXIS2_PLACEMENT_3D ( 'NONE', #2127, #3474, #617 ) ;
#2418 = ORIENTED_EDGE ( 'NONE', *, *, #312, .T. ) ;
#2419 =( LENGTH_UNIT ( ) NAMED_UNIT ( * ) SI_UNIT ( .MILLI., .METRE. ) );
#2420 = LINE ( 'NONE', #3030, #543 ) ;
#2421 = DIRECTION ( 'NONE',  ( 0.1039620511844979861, -0.1039620511844979861, 0.9891328443778538704 ) ) ;
#2422 = CARTESIAN_POINT ( 'NONE',  ( 0.4299999999999999933, 3.075000000000000178, -0.2200000000000000011 ) ) ;
#2423 = ORIENTED_EDGE ( 'NONE', *, *, #1669, .T. ) ;
#2424 = CYLINDRICAL_SURFACE ( 'NONE', #2784, 0.02000000000000005246 ) ;
#2425 = VERTEX_POINT ( 'NONE', #2129 ) ;
#2426 = ADVANCED_FACE ( 'NONE', ( #877 ), #2388, .T. ) ;
#2427 = PLANE ( 'NONE',  #539 ) ;
#2428 = DIRECTION ( 'NONE',  ( 1.000000000000000000, 0.000000000000000000, 0.000000000000000000 ) ) ;
#2429 = ORIENTED_EDGE ( 'NONE', *, *, #2164, .T. ) ;
#2430 = DIRECTION ( 'NONE',  ( -1.000000000000000000, 0.000000000000000000, 0.000000000000000000 ) ) ;
#2431 = ADVANCED_FACE ( 'NONE', ( #3682 ), #3933, .T. ) ;
#2432 = PLANE ( 'NONE',  #4070 ) ;
#2433 =( NAMED_UNIT ( * ) SI_UNIT ( $, .STERADIAN. ) SOLID_ANGLE_UNIT ( ) );
#2434 = ORIENTED_EDGE ( 'NONE', *, *, #125, .F. ) ;
#2435 = ADVANCED_FACE ( 'NONE', ( #493 ), #2339, .F. ) ;
#2436 =( LENGTH_UNIT ( ) NAMED_UNIT ( * ) SI_UNIT ( .MILLI., .METRE. ) );
#2437 = LINE ( 'NONE', #3046, #3741 ) ;
#2438 = CARTESIAN_POINT ( 'NONE',  ( -0.8653178234195509910, 2.934361085619389797, -0.4699999999999999734 ) ) ;
#2439 = VERTEX_POINT ( 'NONE', #807 ) ;
#2440 = ORIENTED_EDGE ( 'NONE', *, *, #708, .F. ) ;
#2441 = FILL_AREA_STYLE_COLOUR ( '', #2585 ) ;
#2442 = VERTEX_POINT ( 'NONE', #3632 ) ;
#2443 = PLANE ( 'NONE',  #3263 ) ;
#2444 = VECTOR ( 'NONE', #109, 1000.000000000000000 ) ;
#2445 = EDGE_LOOP ( 'NONE', ( #871, #2805, #365, #1950 ) ) ;
#2446 = CARTESIAN_POINT ( 'NONE',  ( -2.419999999999999929, 2.939999999999999947, -0.2390299093405380271 ) ) ;
#2447 = VECTOR ( 'NONE', #4114, 1000.000000000000000 ) ;
#2448 = COLOUR_RGB ( '',0.2000000000000000111, 0.2000000000000000111, 0.2000000000000000111 ) ;
#2449 = FILL_AREA_STYLE_COLOUR ( '', #3973 ) ;
#2450 = COLOUR_RGB ( '',0.2000000000000000111, 0.2000000000000000111, 0.2000000000000000111 ) ;
#2451 = ADVANCED_FACE ( 'NONE', ( #2969 ), #766, .T. ) ;
#2452 = ORIENTED_EDGE ( 'NONE', *, *, #441, .F. ) ;
#2453 = DIRECTION ( 'NONE',  ( 0.000000000000000000, 0.000000000000000000, -1.000000000000000000 ) ) ;
#2454 = LINE ( 'NONE', #185, #3967 ) ;
#2455 = DIRECTION ( 'NONE',  ( 0.000000000000000000, 0.000000000000000000, -1.000000000000000000 ) ) ;
#2456 = EDGE_CURVE ( 'NONE', #3700, #1041, #1715, .T. ) ;
#2457 = VERTEX_POINT ( 'NONE', #2675 ) ;
#2458 = VERTEX_POINT ( 'NONE', #2361 ) ;
#2459 = VECTOR ( 'NONE', #2363, 1000.000000000000000 ) ;
#2460 = CARTESIAN_POINT ( 'NONE',  ( 2.575000000000000178, 0.2449999999999999956, -0.2200000000000000011 ) ) ;
#2461 = PRODUCT_DEFINITION_CONTEXT ( 'detailed design', #1881, 'design' ) ;
#2462 = ORIENTED_EDGE ( 'NONE', *, *, #448, .T. ) ;
#2463 = STYLED_ITEM ( 'NONE', ( #3459 ), #4076 ) ;
#2464 = DIRECTION ( 'NONE',  ( 0.000000000000000000, -1.000000000000000000, 0.000000000000000000 ) ) ;
#2465 = FACE_OUTER_BOUND ( 'NONE', #3577, .T. ) ;
#2466 = ORIENTED_EDGE ( 'NONE', *, *, #3049, .F. ) ;
#2467 = ORIENTED_EDGE ( 'NONE', *, *, #1512, .F. ) ;
#2468 = EDGE_CURVE ( 'NONE', #1041, #3483, #3649, .T. ) ;
#2469 = ORIENTED_EDGE ( 'NONE', *, *, #201, .F. ) ;
#2470 =( NAMED_UNIT ( * ) SI_UNIT ( $, .STERADIAN. ) SOLID_ANGLE_UNIT ( ) );
#2471 = AXIS2_PLACEMENT_3D ( 'NONE', #2068, #3358, #1058 ) ;
#2472 = DIRECTION ( 'NONE',  ( -1.000000000000000000, 0.000000000000000000, 0.000000000000000000 ) ) ;
#2473 = CARTESIAN_POINT ( 'NONE',  ( 2.034999999999999698, -2.936507972946180267, -0.4699999999999999734 ) ) ;
#2474 = EDGE_CURVE ( 'NONE', #3246, #816, #785, .T. ) ;
#2475 = DIRECTION ( 'NONE',  ( 0.000000000000000000, 1.000000000000000000, 0.000000000000000000 ) ) ;
#2476 = CARTESIAN_POINT ( 'NONE',  ( 2.100000000000000089, -2.137027193381950241, -0.4699999999999999734 ) ) ;
#2477 = ORIENTED_EDGE ( 'NONE', *, *, #1022, .T. ) ;
#2478 = ORIENTED_EDGE ( 'NONE', *, *, #286, .T. ) ;
#2479 = PLANE ( 'NONE',  #3556 ) ;
#2480 = EDGE_CURVE ( 'NONE', #3153, #582, #724, .T. ) ;
#2481 = ORIENTED_EDGE ( 'NONE', *, *, #2112, .T. ) ;
#2482 = DIRECTION ( 'NONE',  ( 0.000000000000000000, 0.000000000000000000, -1.000000000000000000 ) ) ;
#2483 = DIRECTION ( 'NONE',  ( 0.000000000000000000, 1.000000000000000000, 0.000000000000000000 ) ) ;
#2484 = VERTEX_POINT ( 'NONE', #2616 ) ;
#2485 = ORIENTED_EDGE ( 'NONE', *, *, #3388, .T. ) ;
#2486 = CARTESIAN_POINT ( 'NONE',  ( 2.429269594412790223, 0.2449999999999999956, -0.5000000000000000000 ) ) ;
#2487 = PLANE ( 'NONE',  #2089 ) ;
#2488 = DIRECTION ( 'NONE',  ( 0.000000000000000000, 0.000000000000000000, 1.000000000000000000 ) ) ;
#2489 = ORIENTED_EDGE ( 'NONE', *, *, #1917, .T. ) ;
#2490 = DIRECTION ( 'NONE',  ( -0.1039620511844971951, -0.1039620511844980000, -0.9891328443778539814 ) ) ;
#2491 = LINE ( 'NONE', #1920, #1597 ) ;
#2492 = ORIENTED_EDGE ( 'NONE', *, *, #52, .T. ) ;
#2493 = ORIENTED_EDGE ( 'NONE', *, *, #782, .T. ) ;
#2494 = LINE ( 'NONE', #615, #3400 ) ;
#2495 = CARTESIAN_POINT ( 'NONE',  ( 2.429269594412790223, 0.2200000000000000011, -0.5000000000000000000 ) ) ;
#2496 = FACE_OUTER_BOUND ( 'NONE', #4117, .T. ) ;
#2497 = PLANE ( 'NONE',  #1796 ) ;
#2498 = EDGE_CURVE ( 'NONE', #3838, #4067, #1039, .T. ) ;
#2499 = EDGE_CURVE ( 'NONE', #3197, #2442, #2000, .T. ) ;
#2500 = CARTESIAN_POINT ( 'NONE',  ( -1.554999999999999938, -2.936507972946180267, -0.4699999999999999734 ) ) ;
#2501 = CARTESIAN_POINT ( 'NONE',  ( 2.000000000000000000, 0.2200000000000000011, -0.4699999999999999734 ) ) ;
#2502 = ORIENTED_EDGE ( 'NONE', *, *, #3289, .T. ) ;
#2503 = ORIENTED_EDGE ( 'NONE', *, *, #1552, .T. ) ;
#2504 = PLANE ( 'NONE',  #1102 ) ;
#2505 = CARTESIAN_POINT ( 'NONE',  ( 1.674682176580450044, 2.934361085619389797, -0.5000000000000000000 ) ) ;
#2506 = DIRECTION ( 'NONE',  ( -1.000000000000000000, 0.000000000000000000, 0.000000000000000000 ) ) ;
#2507 = ORIENTED_EDGE ( 'NONE', *, *, #3407, .T. ) ;
#2508 = VECTOR ( 'NONE', #1976, 1000.000000000000000 ) ;
#2509 = DIRECTION ( 'NONE',  ( 1.000000000000000000, 0.000000000000000000, 0.000000000000000000 ) ) ;
#2510 = SURFACE_STYLE_USAGE ( .BOTH. , #4113 ) ;
#2511 = LINE ( 'NONE', #8, #3399 ) ;
#2512 = VECTOR ( 'NONE', #2885, 1000.000000000000000 ) ;
#2513 = DIRECTION ( 'NONE',  ( 0.000000000000000000, 0.000000000000000000, -1.000000000000000000 ) ) ;
#2514 = ORIENTED_EDGE ( 'NONE', *, *, #1439, .F. ) ;
#2515 = VECTOR ( 'NONE', #2123, 1000.000000000000000 ) ;
#2516 = CARTESIAN_POINT ( 'NONE',  ( -0.4299999999999999933, 3.075000000000000178, -0.5000000000000000000 ) ) ;
#2517 = CARTESIAN_POINT ( 'NONE',  ( -2.000000000000000000, 0.6550000000000000266, -0.4699999999999999734 ) ) ;
#2518 =( NAMED_UNIT ( * ) SI_UNIT ( $, .STERADIAN. ) SOLID_ANGLE_UNIT ( ) );
#2519 = VECTOR ( 'NONE', #2736, 1000.000000000000000 ) ;
#2520 =( LENGTH_UNIT ( ) NAMED_UNIT ( * ) SI_UNIT ( .MILLI., .METRE. ) );
#2521 = VECTOR ( 'NONE', #1650, 1000.000000000000000 ) ;
#2522 = EDGE_CURVE ( 'NONE', #2032, #4101, #4048, .T. ) ;
#2523 = SURFACE_STYLE_USAGE ( .BOTH. , #2904 ) ;
#2524 = AXIS2_PLACEMENT_3D ( 'NONE', #3142, #1898, #3445 ) ;
#2525 = EDGE_CURVE ( 'NONE', #3599, #1912, #1465, .T. ) ;
#2526 = SURFACE_STYLE_USAGE ( .BOTH. , #1909 ) ;
#2527 = CARTESIAN_POINT ( 'NONE',  ( -1.699999999999999956, 2.939999999999999947, -0.2200000000000000011 ) ) ;
#2528 = ORIENTED_EDGE ( 'NONE', *, *, #2548, .F. ) ;
#2529 = VECTOR ( 'NONE', #945, 1000.000000000000000 ) ;
#2530 = ORIENTED_EDGE ( 'NONE', *, *, #3647, .F. ) ;
#2531 = EDGE_CURVE ( 'NONE', #3335, #3850, #1839, .T. ) ;
#2532 = CYLINDRICAL_SURFACE ( 'NONE', #3009, 0.02000000000000005246 ) ;
#2533 = CARTESIAN_POINT ( 'NONE',  ( -1.674682176580450044, 2.934361085619389797, -0.5000000000000000000 ) ) ;
#2534 = AXIS2_PLACEMENT_3D ( 'NONE', #1710, #1730, #3226 ) ;
#2535 = ORIENTED_EDGE ( 'NONE', *, *, #1147, .T. ) ;
#2536 = CARTESIAN_POINT ( 'NONE',  ( 1.590000000000000080, -2.936507972946180267, -0.4699999999999999734 ) ) ;
#2537 = CARTESIAN_POINT ( 'NONE',  ( 2.419999999999999929, 2.939999999999999947, -0.1900000000000000022 ) ) ;
#2538 = CARTESIAN_POINT ( 'NONE',  ( 0.4046821765804490267, 2.934361085619389797, -0.5000000000000000000 ) ) ;
#2539 = VERTEX_POINT ( 'NONE', #2758 ) ;
#2540 = DIRECTION ( 'NONE',  ( 1.000000000000000000, 0.000000000000000000, 0.000000000000000000 ) ) ;
#2541 = PLANE ( 'NONE',  #943 ) ;
#2542 = CARTESIAN_POINT ( 'NONE',  ( -2.109999999999999876, 2.934361085619389797, -0.4699999999999999734 ) ) ;
#2543 = VECTOR ( 'NONE', #2385, 1000.000000000000000 ) ;
#2544 = DIRECTION ( 'NONE',  ( -1.245913441319920111E-14, 1.000000000000000000, 0.000000000000000000 ) ) ;
#2545 = CARTESIAN_POINT ( 'NONE',  ( -1.590000000000000080, -2.936507972946180267, -0.5000000000000000000 ) ) ;
#2546 = CARTESIAN_POINT ( 'NONE',  ( -2.109999999999999876, 2.939999999999999947, -0.5000000000000000000 ) ) ;
#2547 = FACE_OUTER_BOUND ( 'NONE', #2143, .T. ) ;
#2548 = EDGE_CURVE ( 'NONE', #829, #3292, #1799, .T. ) ;
#2549 = CARTESIAN_POINT ( 'NONE',  ( 1.590000000000000080, -2.500000000000000000, -0.5000000000000000000 ) ) ;
#2550 = DIRECTION ( 'NONE',  ( -0.1039620511844979861, -0.1039620511844979861, 0.9891328443778538704 ) ) ;
#2551 = VERTEX_POINT ( 'NONE', #218 ) ;
#2552 = ORIENTED_EDGE ( 'NONE', *, *, #3972, .T. ) ;
#2553 = EDGE_CURVE ( 'NONE', #1327, #1912, #573, .T. ) ;
#2554 = DIRECTION ( 'NONE',  ( 1.000000000000000000, 0.000000000000000000, 0.000000000000000000 ) ) ;
#2555 = DIRECTION ( 'NONE',  ( 1.000000000000000000, 8.886903053159868833E-17, 0.000000000000000000 ) ) ;
#2556 = VERTEX_POINT ( 'NONE', #1821 ) ;
#2557 = EDGE_CURVE ( 'NONE', #4088, #4026, #869, .T. ) ;
#2558 = LINE ( 'NONE', #1071, #3086 ) ;
#2559 = ADVANCED_FACE ( 'NONE', ( #4062 ), #554, .T. ) ;
#2560 = CARTESIAN_POINT ( 'NONE',  ( -2.446846872942029627, -2.912038606604139712, -0.1900000000000000022 ) ) ;
#2561 = ADVANCED_FACE ( 'NONE', ( #3073 ), #4033, .F. ) ;
#2562 = ORIENTED_EDGE ( 'NONE', *, *, #1565, .F. ) ;
#2563 = EDGE_LOOP ( 'NONE', ( #2963, #3774, #386 ) ) ;
#2564 = CARTESIAN_POINT ( 'NONE',  ( -0.6350000000000000089, 2.500000000000000000, -0.4699999999999999734 ) ) ;
#2565 = FILL_AREA_STYLE ('',( #1300 ) ) ;
#2566 = FACE_OUTER_BOUND ( 'NONE', #1544, .T. ) ;
#2567 = DIRECTION ( 'NONE',  ( -1.000000000000000000, 0.000000000000000000, 0.000000000000000000 ) ) ;
#2568 = CARTESIAN_POINT ( 'NONE',  ( -2.439999999999999947, 2.939999999999999947, -0.1900000000000000022 ) ) ;
#2569 = SURFACE_STYLE_FILL_AREA ( #3846 ) ;
#2570 = SURFACE_STYLE_FILL_AREA ( #1632 ) ;
#2571 = DIRECTION ( 'NONE',  ( 0.000000000000000000, -1.000000000000000000, 0.000000000000000000 ) ) ;
#2572 = FACE_OUTER_BOUND ( 'NONE', #503, .T. ) ;
#2573 = ORIENTED_EDGE ( 'NONE', *, *, #1219, .T. ) ;
#2574 = VERTEX_POINT ( 'NONE', #3431 ) ;
#2575 = DIRECTION ( 'NONE',  ( 0.000000000000000000, -1.000000000000000000, 0.000000000000000000 ) ) ;
#2576 = DIRECTION ( 'NONE',  ( 0.000000000000000000, -1.000000000000000000, 0.000000000000000000 ) ) ;
#2577 = LINE ( 'NONE', #163, #2043 ) ;
#2578 = DIRECTION ( 'NONE',  ( 0.000000000000000000, -1.000000000000000000, 0.000000000000000000 ) ) ;
#2579 = CARTESIAN_POINT ( 'NONE',  ( -1.590000000000000080, -2.939999999999999947, -0.2200000000000000011 ) ) ;
#2580 = LINE ( 'NONE', #1339, #1324 ) ;
#2581 = EDGE_CURVE ( 'NONE', #17, #2551, #1139, .T. ) ;
#2582 = CARTESIAN_POINT ( 'NONE',  ( 2.439999999999999947, 0.2449999999999999956, -0.4699999999999999734 ) ) ;
#2583 = EDGE_CURVE ( 'NONE', #210, #3619, #738, .T. ) ;
#2584 = VERTEX_POINT ( 'NONE', #1218 ) ;
#2585 = COLOUR_RGB ( '',0.2000000000000000111, 0.2000000000000000111, 0.2000000000000000111 ) ;
#2586 = ORIENTED_EDGE ( 'NONE', *, *, #654, .F. ) ;
#2587 = DIRECTION ( 'NONE',  ( 0.000000000000000000, -1.000000000000000000, 0.000000000000000000 ) ) ;
#2588 = FACE_OUTER_BOUND ( 'NONE', #281, .T. ) ;
#2589 = EDGE_CURVE ( 'NONE', #4059, #2295, #4009, .T. ) ;
#2590 = PRESENTATION_STYLE_ASSIGNMENT (( #308 ) ) ;
#2591 = CARTESIAN_POINT ( 'NONE',  ( -2.000000000000000000, 0.2200000000000000011, -0.5000000000000000000 ) ) ;
#2592 = PRESENTATION_STYLE_ASSIGNMENT (( #1349 ) ) ;
#2593 = VECTOR ( 'NONE', #3982, 1000.000000000000000 ) ;
#2594 = AXIS2_PLACEMENT_3D ( 'NONE', #3149, #1302, #1320 ) ;
#2595 = CARTESIAN_POINT ( 'NONE',  ( 0.8653178234195509910, 2.500000000000000000, -0.4699999999999999734 ) ) ;
#2596 = DIRECTION ( 'NONE',  ( 0.000000000000000000, 1.000000000000000000, 0.000000000000000000 ) ) ;
#2597 = AXIS2_PLACEMENT_3D ( 'NONE', #2224, #664, #1325 ) ;
#2598 = LINE ( 'NONE', #2623, #37 ) ;
#2599 = LINE ( 'NONE', #1265, #2395 ) ;
#2600 = VERTEX_POINT ( 'NONE', #1162 ) ;
#2601 = ORIENTED_EDGE ( 'NONE', *, *, #1506, .T. ) ;
#2602 = VECTOR ( 'NONE', #3273, 1000.000000000000000 ) ;
#2603 = PLANE ( 'NONE',  #335 ) ;
#2604 = DIRECTION ( 'NONE',  ( 1.000000000000000000, 0.000000000000000000, 0.000000000000000000 ) ) ;
#2605 = MECHANICAL_DESIGN_GEOMETRIC_PRESENTATION_REPRESENTATION (  '', ( #2788 ), #3275 ) ;
#2606 = DIRECTION ( 'NONE',  ( -1.000000000000000000, 4.336808689942020891E-15, 0.000000000000000000 ) ) ;
#2607 = ORIENTED_EDGE ( 'NONE', *, *, #759, .F. ) ;
#2608 = COLOUR_RGB ( '',0.2000000000000000111, 0.2000000000000000111, 0.2000000000000000111 ) ;
#2609 = EDGE_CURVE ( 'NONE', #531, #3613, #3698, .T. ) ;
#2610 = AXIS2_PLACEMENT_3D ( 'NONE', #2184, #606, #3137 ) ;
#2611 = ORIENTED_EDGE ( 'NONE', *, *, #965, .F. ) ;
#2612 = ORIENTED_EDGE ( 'NONE', *, *, #3314, .F. ) ;
#2613 = SURFACE_SIDE_STYLE ('',( #100 ) ) ;
#2614 = EDGE_CURVE ( 'NONE', #3079, #3912, #2106, .T. ) ;
#2615 = CARTESIAN_POINT ( 'NONE',  ( -2.000000000000000000, -2.949999999999999734, -0.2200000000000000011 ) ) ;
#2616 = CARTESIAN_POINT ( 'NONE',  ( -2.419999999999999929, 2.939999999999999947, -0.1900000000000000022 ) ) ;
#2617 = PLANE ( 'NONE',  #3001 ) ;
#2618 = CARTESIAN_POINT ( 'NONE',  ( -2.575000000000000178, 0.6550000000000000266, -0.2200000000000000011 ) ) ;
#2619 = VERTEX_POINT ( 'NONE', #3837 ) ;
#2620 = ADVANCED_FACE ( 'NONE', ( #4100 ), #1067, .T. ) ;
#2621 = VECTOR ( 'NONE', #340, 1000.000000000000000 ) ;
#2622 = CARTESIAN_POINT ( 'NONE',  ( 2.439999999999999947, 2.919999999999999929, -0.2390299093405380271 ) ) ;
#2623 = CARTESIAN_POINT ( 'NONE',  ( 1.590000000000000080, -2.936507972946180267, -0.5000000000000000000 ) ) ;
#2624 = FACE_OUTER_BOUND ( 'NONE', #2389, .T. ) ;
#2625 = ORIENTED_EDGE ( 'NONE', *, *, #2177, .F. ) ;
#2626 = VECTOR ( 'NONE', #1295, 1000.000000000000000 ) ;
#2627 = CARTESIAN_POINT ( 'NONE',  ( 2.000000000000000000, -2.939999999999999947, -0.5000000000000000000 ) ) ;
#2628 = ORIENTED_EDGE ( 'NONE', *, *, #1962, .F. ) ;
#2629 = CARTESIAN_POINT ( 'NONE',  ( 1.674682176580450044, 2.934361085619389797, -0.4699999999999999734 ) ) ;
#2630 = DIRECTION ( 'NONE',  ( 0.000000000000000000, 0.000000000000000000, 1.000000000000000000 ) ) ;
#2631 = ORIENTED_EDGE ( 'NONE', *, *, #2640, .T. ) ;
#2632 = VERTEX_POINT ( 'NONE', #3184 ) ;
#2633 = CARTESIAN_POINT ( 'NONE',  ( -1.699999999999999956, 3.075000000000000178, -0.5000000000000000000 ) ) ;
#2634 = VERTEX_POINT ( 'NONE', #2582 ) ;
#2635 = ORIENTED_EDGE ( 'NONE', *, *, #4123, .F. ) ;
#2636 = SURFACE_STYLE_FILL_AREA ( #812 ) ;
#2637 = PLANE ( 'NONE',  #963 ) ;
#2638 = EDGE_CURVE ( 'NONE', #3597, #3278, #2873, .T. ) ;
#2639 = DIRECTION ( 'NONE',  ( 0.000000000000000000, 0.000000000000000000, 1.000000000000000000 ) ) ;
#2640 = EDGE_CURVE ( 'NONE', #3912, #3935, #331, .T. ) ;
#2641 = FACE_OUTER_BOUND ( 'NONE', #2203, .T. ) ;
#2642 = LINE ( 'NONE', #416, #1857 ) ;
#2643 = CARTESIAN_POINT ( 'NONE',  ( -1.554999999999999938, -2.500000000000000000, -0.4699999999999999734 ) ) ;
#2644 = VERTEX_POINT ( 'NONE', #2191 ) ;
#2645 = FACE_OUTER_BOUND ( 'NONE', #583, .T. ) ;
#2646 = CARTESIAN_POINT ( 'NONE',  ( -2.342810809058290200, 2.877619075396179671, 0.4686584962143680588 ) ) ;
#2647 = ORIENTED_EDGE ( 'NONE', *, *, #167, .F. ) ;
#2648 = EDGE_LOOP ( 'NONE', ( #1700, #1840, #3870, #1617, #1645, #445, #1548, #3806 ) ) ;
#2649 = LINE ( 'NONE', #3010, #3112 ) ;
#2650 = CARTESIAN_POINT ( 'NONE',  ( -2.439999999999999947, -2.939999999999999947, -0.2390299093405380271 ) ) ;
#2651 =( LENGTH_UNIT ( ) NAMED_UNIT ( * ) SI_UNIT ( .MILLI., .METRE. ) );
#2652 = FILL_AREA_STYLE ('',( #1385 ) ) ;
#2653 = LINE ( 'NONE', #134, #2459 ) ;
#2654 = ORIENTED_EDGE ( 'NONE', *, *, #1706, .T. ) ;
#2655 = COLOUR_RGB ( '',0.2000000000000000111, 0.2000000000000000111, 0.2000000000000000111 ) ;
#2656 = LINE ( 'NONE', #3962, #1287 ) ;
#2657 = EDGE_CURVE ( 'NONE', #3044, #398, #752, .T. ) ;
#2658 = DIRECTION ( 'NONE',  ( 1.000000000000000000, 0.000000000000000000, 0.000000000000000000 ) ) ;
#2659 = AXIS2_PLACEMENT_3D ( 'NONE', #3223, #2326, #3615 ) ;
#2660 = CARTESIAN_POINT ( 'NONE',  ( 0.000000000000000000, 0.000000000000000000, -0.2200000000000000011 ) ) ;
#2661 = STYLED_ITEM ( 'NONE', ( #2095 ), #2802 ) ;
#2662 = VECTOR ( 'NONE', #1957, 1000.000000000000000 ) ;
#2663 = EDGE_CURVE ( 'NONE', #1232, #3146, #969, .T. ) ;
#2664 = PLANE ( 'NONE',  #75 ) ;
#2665 =( NAMED_UNIT ( * ) SI_UNIT ( $, .STERADIAN. ) SOLID_ANGLE_UNIT ( ) );
#2666 =( GEOMETRIC_REPRESENTATION_CONTEXT ( 3 ) GLOBAL_UNCERTAINTY_ASSIGNED_CONTEXT ( ( #432 ) ) GLOBAL_UNIT_ASSIGNED_CONTEXT ( ( #3724, #436, #3323 ) ) REPRESENTATION_CONTEXT ( 'NONE', 'WORKASPACE' ) );
#2667 = MECHANICAL_DESIGN_GEOMETRIC_PRESENTATION_REPRESENTATION (  '', ( #1333 ), #2931 ) ;
#2668 = VERTEX_POINT ( 'NONE', #2560 ) ;
#2669 = VECTOR ( 'NONE', #2766, 1000.000000000000000 ) ;
#2670 = CARTESIAN_POINT ( 'NONE',  ( 1.699999999999999956, 2.939999999999999947, -0.4699999999999999734 ) ) ;
#2671 = ORIENTED_EDGE ( 'NONE', *, *, #108, .T. ) ;
#2672 = MECHANICAL_DESIGN_GEOMETRIC_PRESENTATION_REPRESENTATION (  '', ( #1946 ), #212 ) ;
#2673 = DIRECTION ( 'NONE',  ( -1.000000000000000000, 4.928191693115929783E-16, 0.000000000000000000 ) ) ;
#2674 = PRESENTATION_STYLE_ASSIGNMENT (( #1081 ) ) ;
#2675 = CARTESIAN_POINT ( 'NONE',  ( -2.575000000000000178, 0.2449999999999999956, -0.5000000000000000000 ) ) ;
#2676 = ORIENTED_EDGE ( 'NONE', *, *, #1017, .F. ) ;
#2677 = FILL_AREA_STYLE_COLOUR ( '', #4124 ) ;
#2678 = DIRECTION ( 'NONE',  ( 0.000000000000000000, 0.000000000000000000, 1.000000000000000000 ) ) ;
#2679 = VERTEX_POINT ( 'NONE', #1606 ) ;
#2680 = VECTOR ( 'NONE', #2596, 1000.000000000000000 ) ;
#2681 = EDGE_CURVE ( 'NONE', #4056, #3039, #1900, .T. ) ;
#2682 = CARTESIAN_POINT ( 'NONE',  ( -2.439999999999999947, 0.6550000000000000266, -0.2390299093405380271 ) ) ;
#2683 = ADVANCED_FACE ( 'NONE', ( #1581 ), #2327, .T. ) ;
#2684 = CYLINDRICAL_SURFACE ( 'NONE', #3302, 0.2000000000000000944 ) ;
#2685 = VECTOR ( 'NONE', #3857, 1000.000000000000000 ) ;
#2686 = CARTESIAN_POINT ( 'NONE',  ( -2.439999999999999947, 0.6550000000000000266, -0.2200000000000000011 ) ) ;
#2687 = DIRECTION ( 'NONE',  ( 0.000000000000000000, 0.000000000000000000, -1.000000000000000000 ) ) ;
#2688 = EDGE_CURVE ( 'NONE', #989, #1902, #3126, .T. ) ;
#2689 = ORIENTED_EDGE ( 'NONE', *, *, #788, .F. ) ;
#2690 = EDGE_CURVE ( 'NONE', #149, #892, #35, .T. ) ;
#2691 = ORIENTED_EDGE ( 'NONE', *, *, #239, .F. ) ;
#2692 =( NAMED_UNIT ( * ) PLANE_ANGLE_UNIT ( ) SI_UNIT ( $, .RADIAN. ) );
#2693 = CARTESIAN_POINT ( 'NONE',  ( -0.4046821765804490267, 2.500000000000000000, -0.4699999999999999734 ) ) ;
#2694 = DIRECTION ( 'NONE',  ( 0.000000000000000000, 0.000000000000000000, 1.000000000000000000 ) ) ;
#2695 = EDGE_CURVE ( 'NONE', #3914, #3197, #2491, .T. ) ;
#2696 = CARTESIAN_POINT ( 'NONE',  ( 2.429269594412790223, 0.2200000000000000011, -0.5000000000000000000 ) ) ;
#2697 = DIRECTION ( 'NONE',  ( 1.000000000000000000, 0.000000000000000000, 0.000000000000000000 ) ) ;
#2698 = ORIENTED_EDGE ( 'NONE', *, *, #939, .T. ) ;
#2699 = EDGE_LOOP ( 'NONE', ( #3393, #1499, #2434, #3555 ) ) ;
#2700 = LINE ( 'NONE', #1144, #1510 ) ;
#2701 = CARTESIAN_POINT ( 'NONE',  ( 2.342810809058290200, -2.842810809058290200, 0.4650000000000000244 ) ) ;
#2702 = DIRECTION ( 'NONE',  ( 0.000000000000000000, 0.000000000000000000, 1.000000000000000000 ) ) ;
#2703 = EDGE_LOOP ( 'NONE', ( #1177, #2452, #1140, #3928 ) ) ;
#2704 = DIRECTION ( 'NONE',  ( 1.000000000000000000, 0.000000000000000000, 0.000000000000000000 ) ) ;
#2705 = UNCERTAINTY_MEASURE_WITH_UNIT (LENGTH_MEASURE( 1.000000000000000082E-05 ), #2520, 'distance_accuracy_value', 'NONE');
#2706 = FILL_AREA_STYLE ('',( #2391 ) ) ;
#2707 = FACE_OUTER_BOUND ( 'NONE', #936, .T. ) ;
#2708 = ORIENTED_EDGE ( 'NONE', *, *, #2248, .T. ) ;
#2709 = VERTEX_POINT ( 'NONE', #2538 ) ;
#2710 = DIRECTION ( 'NONE',  ( -1.000000000000000000, 0.000000000000000000, 0.000000000000000000 ) ) ;
#2711 = DIRECTION ( 'NONE',  ( 0.000000000000000000, 0.000000000000000000, 1.000000000000000000 ) ) ;
#2712 = EDGE_CURVE ( 'NONE', #98, #2100, #986, .T. ) ;
#2713 = DIRECTION ( 'NONE',  ( -9.856383386231820124E-16, 1.000000000000000000, 0.000000000000000000 ) ) ;
#2714 = DIRECTION ( 'NONE',  ( 1.000000000000000000, 0.000000000000000000, 0.000000000000000000 ) ) ;
#2715 = ORIENTED_EDGE ( 'NONE', *, *, #51, .T. ) ;
#2716 = ORIENTED_EDGE ( 'NONE', *, *, #3452, .T. ) ;
#2717 =( NAMED_UNIT ( * ) SI_UNIT ( $, .STERADIAN. ) SOLID_ANGLE_UNIT ( ) );
#2718 = LINE ( 'NONE', #4015, #558 ) ;
#2719 = EDGE_CURVE ( 'NONE', #223, #1570, #612, .T. ) ;
#2720 = DIRECTION ( 'NONE',  ( 0.000000000000000000, -1.000000000000000000, 0.000000000000000000 ) ) ;
#2721 = ORIENTED_EDGE ( 'NONE', *, *, #3948, .F. ) ;
#2722 = VECTOR ( 'NONE', #2831, 1000.000000000000000 ) ;
#2723 = PRESENTATION_STYLE_ASSIGNMENT (( #3365 ) ) ;
#2724 = ORIENTED_EDGE ( 'NONE', *, *, #883, .F. ) ;
#2725 = STYLED_ITEM ( 'NONE', ( #3063 ), #2354 ) ;
#2726 = VECTOR ( 'NONE', #3304, 1000.000000000000000 ) ;
#2727 = CARTESIAN_POINT ( 'NONE',  ( 2.446846872942029627, -2.912038606604139712, -0.1900000000000000022 ) ) ;
#2728 = VECTOR ( 'NONE', #947, 1000.000000000000000 ) ;
#2729 = AXIS2_PLACEMENT_3D ( 'NONE', #3537, #1906, #2048 ) ;
#2730 = ORIENTED_EDGE ( 'NONE', *, *, #3488, .F. ) ;
#2731 = PRESENTATION_LAYER_ASSIGNMENT (  '', '', ( #2017 ) ) ;
#2732 = ADVANCED_FACE ( 'NONE', ( #3860 ), #1559, .F. ) ;
#2733 = PLANE ( 'NONE',  #1666 ) ;
#2734 = DIRECTION ( 'NONE',  ( 0.000000000000000000, 1.000000000000000000, 0.000000000000000000 ) ) ;
#2735 = CARTESIAN_POINT ( 'NONE',  ( -2.000000000000000000, -2.500000000000000000, -0.5000000000000000000 ) ) ;
#2736 = DIRECTION ( 'NONE',  ( 1.000000000000000000, -4.336808689942020891E-15, 0.000000000000000000 ) ) ;
#2737 = AXIS2_PLACEMENT_3D ( 'NONE', #2898, #1628, #12 ) ;
#2738 = SURFACE_STYLE_FILL_AREA ( #1467 ) ;
#2739 = ORIENTED_EDGE ( 'NONE', *, *, #3289, .F. ) ;
#2740 = EDGE_CURVE ( 'NONE', #3494, #3850, #3818, .T. ) ;
#2741 = CIRCLE ( 'NONE', #3691, 0.02000000000000005246 ) ;
#2742 = CARTESIAN_POINT ( 'NONE',  ( 2.446846872942035400, 2.932474686002150666, -0.1900000000000000300 ) ) ;
#2743 = SURFACE_STYLE_USAGE ( .BOTH. , #3108 ) ;
#2744 = ORIENTED_EDGE ( 'NONE', *, *, #2583, .F. ) ;
#2745 = CARTESIAN_POINT ( 'NONE',  ( 2.429269594412790223, 0.2200000000000000011, -0.4699999999999999734 ) ) ;
#2746 = ADVANCED_FACE ( 'NONE', ( #2214 ), #2249, .T. ) ;
#2747 = FILL_AREA_STYLE_COLOUR ( '', #2450 ) ;
#2748 = FACE_OUTER_BOUND ( 'NONE', #364, .T. ) ;
#2749 = ORIENTED_EDGE ( 'NONE', *, *, #3924, .T. ) ;
#2750 = AXIS2_PLACEMENT_3D ( 'NONE', #3501, #22, #1288 ) ;
#2751 = CARTESIAN_POINT ( 'NONE',  ( -1.699999999999999956, 2.939999999999999947, -0.5000000000000000000 ) ) ;
#2752 = SURFACE_STYLE_USAGE ( .BOTH. , #2118 ) ;
#2753 = ORIENTED_EDGE ( 'NONE', *, *, #509, .F. ) ;
#2754 = SURFACE_STYLE_USAGE ( .BOTH. , #865 ) ;
#2755 = CARTESIAN_POINT ( 'NONE',  ( 2.429269594412790223, 0.2449999999999999956, -0.5000000000000000000 ) ) ;
#2756 = MECHANICAL_DESIGN_GEOMETRIC_PRESENTATION_REPRESENTATION (  '', ( #1107 ), #431 ) ;
#2757 = DIRECTION ( 'NONE',  ( -1.239088197126295087E-14, 1.000000000000000000, 0.000000000000000000 ) ) ;
#2758 = CARTESIAN_POINT ( 'NONE',  ( -0.4046821765804490267, 2.500000000000000000, -0.5000000000000000000 ) ) ;
#2759 = ADVANCED_BREP_SHAPE_REPRESENTATION ( 'NVMFS5C645NLAFT1G', ( #3915, #3482 ), #3078 ) ;
#2760 = ORIENTED_EDGE ( 'NONE', *, *, #96, .T. ) ;
#2761 = DIRECTION ( 'NONE',  ( -0.9945218953682735119, 0.000000000000000000, 0.1045284632676529157 ) ) ;
#2762 = VERTEX_POINT ( 'NONE', #1948 ) ;
#2763 = LINE ( 'NONE', #1456, #613 ) ;
#2764 = DIRECTION ( 'NONE',  ( -1.000000000000000000, 8.031127203596350323E-16, 0.000000000000000000 ) ) ;
#2765 = EDGE_LOOP ( 'NONE', ( #1076, #2181, #3091, #310, #3252, #614 ) ) ;
#2766 = DIRECTION ( 'NONE',  ( 1.000000000000000000, 8.886903053159868833E-17, 0.000000000000000000 ) ) ;
#2767 = DIRECTION ( 'NONE',  ( 0.000000000000000000, 0.000000000000000000, 1.000000000000000000 ) ) ;
#2768 = ORIENTED_EDGE ( 'NONE', *, *, #3157, .T. ) ;
#2769 = ORIENTED_EDGE ( 'NONE', *, *, #3316, .F. ) ;
#2770 = SURFACE_STYLE_FILL_AREA ( #3783 ) ;
#2771 = VERTEX_POINT ( 'NONE', #3205 ) ;
#2772 = EDGE_CURVE ( 'NONE', #902, #4049, #3532, .T. ) ;
#2773 = FILL_AREA_STYLE ('',( #2747 ) ) ;
#2774 = AXIS2_PLACEMENT_3D ( 'NONE', #2228, #4028, #1157 ) ;
#2775 = ORIENTED_EDGE ( 'NONE', *, *, #2456, .T. ) ;
#2776 = ORIENTED_EDGE ( 'NONE', *, *, #2844, .F. ) ;
#2777 = STYLED_ITEM ( 'NONE', ( #1277 ), #2020 ) ;
#2778 = LINE ( 'NONE', #1895, #145 ) ;
#2779 = MECHANICAL_DESIGN_GEOMETRIC_PRESENTATION_REPRESENTATION (  '', ( #2928 ), #3337 ) ;
#2780 =( GEOMETRIC_REPRESENTATION_CONTEXT ( 3 ) GLOBAL_UNCERTAINTY_ASSIGNED_CONTEXT ( ( #206 ) ) GLOBAL_UNIT_ASSIGNED_CONTEXT ( ( #3719, #3784, #3397 ) ) REPRESENTATION_CONTEXT ( 'NONE', 'WORKASPACE' ) );
#2781 = ORIENTED_EDGE ( 'NONE', *, *, #388, .F. ) ;
#2782 = ADVANCED_FACE ( 'NONE', ( #2748 ), #3969, .T. ) ;
#2783 = CARTESIAN_POINT ( 'NONE',  ( 0.4299999999999999933, 3.075000000000000178, -0.2200000000000000011 ) ) ;
#2784 = AXIS2_PLACEMENT_3D ( 'NONE', #3587, #316, #691 ) ;
#2785 = CARTESIAN_POINT ( 'NONE',  ( 2.109999999999999876, 2.939999999999999947, -0.5000000000000000000 ) ) ;
#2786 = VECTOR ( 'NONE', #3411, 1000.000000000000000 ) ;
#2787 = ORIENTED_EDGE ( 'NONE', *, *, #3831, .T. ) ;
#2788 = STYLED_ITEM ( 'NONE', ( #722 ), #3359 ) ;
#2789 = FACE_OUTER_BOUND ( 'NONE', #3347, .T. ) ;
#2790 = CARTESIAN_POINT ( 'NONE',  ( -0.4299999999999999933, 2.939999999999999947, -0.4699999999999999734 ) ) ;
#2791 = ORIENTED_EDGE ( 'NONE', *, *, #2820, .T. ) ;
#2792 = DIRECTION ( 'NONE',  ( 0.000000000000000000, -1.000000000000000000, 0.000000000000000000 ) ) ;
#2793 =( GEOMETRIC_REPRESENTATION_CONTEXT ( 3 ) GLOBAL_UNCERTAINTY_ASSIGNED_CONTEXT ( ( #2147 ) ) GLOBAL_UNIT_ASSIGNED_CONTEXT ( ( #1529, #3135, #1660 ) ) REPRESENTATION_CONTEXT ( 'NONE', 'WORKASPACE' ) );
#2794 = SURFACE_STYLE_FILL_AREA ( #24 ) ;
#2795 = VECTOR ( 'NONE', #1972, 1000.000000000000000 ) ;
#2796 = ORIENTED_EDGE ( 'NONE', *, *, #2829, .T. ) ;
#2797 = VERTEX_POINT ( 'NONE', #2114 ) ;
#2798 = LINE ( 'NONE', #263, #2190 ) ;
#2799 = VERTEX_POINT ( 'NONE', #205 ) ;
#2800 = VECTOR ( 'NONE', #682, 1000.000000000000000 ) ;
#2801 = CARTESIAN_POINT ( 'NONE',  ( 1.699999999999999956, 2.939999999999999947, -0.5000000000000000000 ) ) ;
#2802 = ADVANCED_FACE ( 'NONE', ( #3641 ), #1112, .T. ) ;
#2803 = DIRECTION ( 'NONE',  ( -1.000000000000000000, 0.000000000000000000, 0.000000000000000000 ) ) ;
#2804 = EDGE_CURVE ( 'NONE', #3642, #2833, #3151, .T. ) ;
#2805 = ORIENTED_EDGE ( 'NONE', *, *, #2820, .F. ) ;
#2806 = CARTESIAN_POINT ( 'NONE',  ( -2.429269594412790223, 0.2449999999999999956, -0.5000000000000000000 ) ) ;
#2807 = DIRECTION ( 'NONE',  ( -1.000000000000000000, 0.000000000000000000, 0.000000000000000000 ) ) ;
#2808 = FACE_OUTER_BOUND ( 'NONE', #2192, .T. ) ;
#2809 = PRESENTATION_STYLE_ASSIGNMENT (( #2743 ) ) ;
#2810 = DIRECTION ( 'NONE',  ( -1.606225440719260007E-15, 1.000000000000000000, 0.000000000000000000 ) ) ;
#2811 = ORIENTED_EDGE ( 'NONE', *, *, #522, .F. ) ;
#2812 = VERTEX_POINT ( 'NONE', #2527 ) ;
#2813 = CARTESIAN_POINT ( 'NONE',  ( 1.699999999999999956, 3.075000000000000178, -0.5000000000000000000 ) ) ;
#2814 = FACE_OUTER_BOUND ( 'NONE', #2445, .T. ) ;
#2815 = DIRECTION ( 'NONE',  ( 0.000000000000000000, 0.000000000000000000, 1.000000000000000000 ) ) ;
#2816 =( NAMED_UNIT ( * ) PLANE_ANGLE_UNIT ( ) SI_UNIT ( $, .RADIAN. ) );
#2817 = VERTEX_POINT ( 'NONE', #1809 ) ;
#2818 = DIRECTION ( 'NONE',  ( 0.000000000000000000, 0.000000000000000000, -1.000000000000000000 ) ) ;
#2819 = DIRECTION ( 'NONE',  ( -1.000000000000000000, 0.000000000000000000, 0.000000000000000000 ) ) ;
#2820 = EDGE_CURVE ( 'NONE', #3761, #1571, #1227, .T. ) ;
#2821 = CARTESIAN_POINT ( 'NONE',  ( 1.780488922046789879, 2.426592021952190148, 0.4775565596233640187 ) ) ;
#2822 = CARTESIAN_POINT ( 'NONE',  ( 2.439999999999999947, 0.6550000000000000266, -0.5000000000000000000 ) ) ;
#2823 = VERTEX_POINT ( 'NONE', #3098 ) ;
#2824 = ORIENTED_EDGE ( 'NONE', *, *, #3664, .F. ) ;
#2825 = PLANE ( 'NONE',  #188 ) ;
#2826 = ADVANCED_FACE ( 'NONE', ( #2465 ), #1486, .F. ) ;
#2827 = FILL_AREA_STYLE ('',( #1564 ) ) ;
#2828 = CARTESIAN_POINT ( 'NONE',  ( 2.342810809058290200, 2.842810809058290200, 0.4650000000000000244 ) ) ;
#2829 = EDGE_CURVE ( 'NONE', #224, #183, #1199, .T. ) ;
#2830 = CARTESIAN_POINT ( 'NONE',  ( 0.000000000000000000, 0.000000000000000000, -0.5000000000000000000 ) ) ;
#2831 = DIRECTION ( 'NONE',  ( 0.000000000000000000, 1.000000000000000000, 0.000000000000000000 ) ) ;
#2832 = FILL_AREA_STYLE_COLOUR ( '', #602 ) ;
#2833 = VERTEX_POINT ( 'NONE', #4052 ) ;
#2834 = PRODUCT_RELATED_PRODUCT_CATEGORY ( 'part', '', ( #3799 ) ) ;
#2835 = ORIENTED_EDGE ( 'NONE', *, *, #1677, .F. ) ;
#2836 = LINE ( 'NONE', #260, #2352 ) ;
#2837 = CARTESIAN_POINT ( 'NONE',  ( 2.034999999999999698, -2.936507972946180267, -0.5000000000000000000 ) ) ;
#2838 = CARTESIAN_POINT ( 'NONE',  ( 1.554999999999999938, -2.936507972946180267, -0.5000000000000000000 ) ) ;
#2839 = ORIENTED_EDGE ( 'NONE', *, *, #528, .T. ) ;
#2840 = AXIS2_PLACEMENT_3D ( 'NONE', #3147, #59, #38 ) ;
#2841 = SURFACE_STYLE_USAGE ( .BOTH. , #1580 ) ;
#2842 = CARTESIAN_POINT ( 'NONE',  ( -0.4046821765804490267, 2.500000000000000000, -0.5000000000000000000 ) ) ;
#2843 = ORIENTED_EDGE ( 'NONE', *, *, #788, .T. ) ;
#2844 = EDGE_CURVE ( 'NONE', #3035, #272, #1222, .T. ) ;
#2845 = VECTOR ( 'NONE', #247, 1000.000000000000000 ) ;
#2846 = AXIS2_PLACEMENT_3D ( 'NONE', #2828, #3721, #1930 ) ;
#2847 = DIRECTION ( 'NONE',  ( 0.000000000000000000, 0.000000000000000000, 1.000000000000000000 ) ) ;
#2848 = CARTESIAN_POINT ( 'NONE',  ( -2.100000000000000089, -2.137027193381950241, -0.5000000000000000000 ) ) ;
#2849 = PLANE ( 'NONE',  #679 ) ;
#2850 = VECTOR ( 'NONE', #2151, 1000.000000000000000 ) ;
#2851 = FILL_AREA_STYLE ('',( #1589 ) ) ;
#2852 = AXIS2_PLACEMENT_3D ( 'NONE', #2660, #1748, #3966 ) ;
#2853 = CARTESIAN_POINT ( 'NONE',  ( -1.539999999999999813, -2.936507972946180267, -0.5000000000000000000 ) ) ;
#2854 = EDGE_CURVE ( 'NONE', #3914, #2070, #559, .T. ) ;
#2855 = PRESENTATION_STYLE_ASSIGNMENT (( #2523 ) ) ;
#2856 = VECTOR ( 'NONE', #921, 1000.000000000000000 ) ;
#2857 = LINE ( 'NONE', #256, #2512 ) ;
#2858 = ADVANCED_FACE ( 'NONE', ( #2808 ), #2427, .T. ) ;
#2859 =( LENGTH_UNIT ( ) NAMED_UNIT ( * ) SI_UNIT ( .MILLI., .METRE. ) );
#2860 = EDGE_CURVE ( 'NONE', #2632, #825, #1562, .T. ) ;
#2861 = VERTEX_POINT ( 'NONE', #237 ) ;
#2862 = PRESENTATION_LAYER_ASSIGNMENT (  '', '', ( #2788 ) ) ;
#2863 = ORIENTED_EDGE ( 'NONE', *, *, #3751, .T. ) ;
#2864 = VECTOR ( 'NONE', #1820, 1000.000000000000000 ) ;
#2865 = ADVANCED_FACE ( 'NONE', ( #2789 ), #4086, .T. ) ;
#2866 = DIRECTION ( 'NONE',  ( -1.000000000000000000, 0.000000000000000000, 0.000000000000000000 ) ) ;
#2867 = CARTESIAN_POINT ( 'NONE',  ( -0.8653178234195509910, 2.934361085619389797, -0.5000000000000000000 ) ) ;
#2868 = VECTOR ( 'NONE', #1216, 1000.000000000000000 ) ;
#2869 = ORIENTED_EDGE ( 'NONE', *, *, #1850, .F. ) ;
#2870 = DIRECTION ( 'NONE',  ( 0.000000000000000000, 0.000000000000000000, -1.000000000000000000 ) ) ;
#2871 = LINE ( 'NONE', #2233, #2935 ) ;
#2872 = CARTESIAN_POINT ( 'NONE',  ( 0.8400000000000000799, 2.934361085619389797, -0.5000000000000000000 ) ) ;
#2873 = LINE ( 'NONE', #2236, #3467 ) ;
#2874 = VECTOR ( 'NONE', #1704, 1000.000000000000000 ) ;
#2875 = ORIENTED_EDGE ( 'NONE', *, *, #1987, .T. ) ;
#2876 = CARTESIAN_POINT ( 'NONE',  ( 2.342810809058290200, -2.842810809058290200, 0.4650000000000000244 ) ) ;
#2877 = LINE ( 'NONE', #973, #3475 ) ;
#2878 = DIRECTION ( 'NONE',  ( -1.000000000000000000, 0.000000000000000000, 0.000000000000000000 ) ) ;
#2879 =( LENGTH_UNIT ( ) NAMED_UNIT ( * ) SI_UNIT ( .MILLI., .METRE. ) );
#2880 = ORIENTED_EDGE ( 'NONE', *, *, #1017, .T. ) ;
#2881 = LINE ( 'NONE', #3845, #2521 ) ;
#2882 = VECTOR ( 'NONE', #3748, 1000.000000000000000 ) ;
#2883 = CARTESIAN_POINT ( 'NONE',  ( 2.109999999999999876, 2.934361085619389797, -0.5000000000000000000 ) ) ;
#2884 = COLOUR_RGB ( '',0.2000000000000000111, 0.2000000000000000111, 0.2000000000000000111 ) ;
#2885 = DIRECTION ( 'NONE',  ( 0.000000000000000000, -1.000000000000000000, 0.000000000000000000 ) ) ;
#2886 = LINE ( 'NONE', #342, #1861 ) ;
#2887 = ORIENTED_EDGE ( 'NONE', *, *, #1011, .T. ) ;
#2888 = VERTEX_POINT ( 'NONE', #1301 ) ;
#2889 = DIRECTION ( 'NONE',  ( -1.000000000000000000, 0.000000000000000000, 0.000000000000000000 ) ) ;
#2890 = CARTESIAN_POINT ( 'NONE',  ( 1.590000000000000080, -3.075000000000000178, -0.2200000000000000011 ) ) ;
#2891 = ORIENTED_EDGE ( 'NONE', *, *, #1147, .F. ) ;
#2892 = ADVANCED_FACE ( 'NONE', ( #2566 ), #3211, .T. ) ;
#2893 = FILL_AREA_STYLE ('',( #3508 ) ) ;
#2894 = DIRECTION ( 'NONE',  ( 0.1039620511844979861, -0.1039620511844979861, -0.9891328443778538704 ) ) ;
#2895 = ORIENTED_EDGE ( 'NONE', *, *, #1506, .F. ) ;
#2896 = ORIENTED_EDGE ( 'NONE', *, *, #1059, .F. ) ;
#2897 = FACE_OUTER_BOUND ( 'NONE', #3778, .T. ) ;
#2898 = CARTESIAN_POINT ( 'NONE',  ( 2.419999999999999929, 2.919999999999999929, -0.4699999999999999734 ) ) ;
#2899 = DIRECTION ( 'NONE',  ( 0.000000000000000000, 1.000000000000000000, 0.000000000000000000 ) ) ;
#2900 = DIRECTION ( 'NONE',  ( 0.000000000000000000, 0.000000000000000000, -1.000000000000000000 ) ) ;
#2901 = FILL_AREA_STYLE ('',( #994 ) ) ;
#2902 = SURFACE_STYLE_FILL_AREA ( #1631 ) ;
#2903 = PRESENTATION_STYLE_ASSIGNMENT (( #687 ) ) ;
#2904 = SURFACE_SIDE_STYLE ('',( #2570 ) ) ;
#2905 = CARTESIAN_POINT ( 'NONE',  ( 2.109999999999999876, 3.075000000000000178, -0.5000000000000000000 ) ) ;
#2906 = DIRECTION ( 'NONE',  ( 0.000000000000000000, 1.000000000000000000, 0.000000000000000000 ) ) ;
#2907 = ORIENTED_EDGE ( 'NONE', *, *, #3565, .T. ) ;
#2908 = ORIENTED_EDGE ( 'NONE', *, *, #3002, .F. ) ;
#2909 = FACE_OUTER_BOUND ( 'NONE', #3387, .T. ) ;
#2910 = LINE ( 'NONE', #2627, #2997 ) ;
#2911 =( NAMED_UNIT ( * ) SI_UNIT ( $, .STERADIAN. ) SOLID_ANGLE_UNIT ( ) );
#2912 = EDGE_CURVE ( 'NONE', #3606, #2001, #605, .T. ) ;
#2913 = EDGE_LOOP ( 'NONE', ( #2535, #1768, #2276, #400, #1852, #988, #836, #486, #36, #3448, #318 ) ) ;
#2914 = LINE ( 'NONE', #3593, #3773 ) ;
#2915 = PRESENTATION_LAYER_ASSIGNMENT (  '', '', ( #3595 ) ) ;
#2916 = LINE ( 'NONE', #2333, #750 ) ;
#2917 = ORIENTED_EDGE ( 'NONE', *, *, #2557, .F. ) ;
#2918 = EDGE_CURVE ( 'NONE', #2070, #1922, #975, .T. ) ;
#2919 = STYLED_ITEM ( 'NONE', ( #2809 ), #1183 ) ;
#2920 = VERTEX_POINT ( 'NONE', #3892 ) ;
#2921 = DIRECTION ( 'NONE',  ( 0.000000000000000000, -1.000000000000000000, 0.000000000000000000 ) ) ;
#2922 = VECTOR ( 'NONE', #2189, 1000.000000000000000 ) ;
#2923 = LINE ( 'NONE', #705, #3362 ) ;
#2924 = CARTESIAN_POINT ( 'NONE',  ( -1.554999999999999938, -2.936507972946180267, -0.5000000000000000000 ) ) ;
#2925 = CARTESIAN_POINT ( 'NONE',  ( -2.034999999999999698, -2.936507972946180267, -0.5000000000000000000 ) ) ;
#2926 = ORIENTED_EDGE ( 'NONE', *, *, #2254, .F. ) ;
#2927 = CARTESIAN_POINT ( 'NONE',  ( -2.439999999999999947, 0.2449999999999999956, -0.2200000000000000011 ) ) ;
#2928 = STYLED_ITEM ( 'NONE', ( #179 ), #2431 ) ;
#2929 = VERTEX_POINT ( 'NONE', #1954 ) ;
#2930 = VECTOR ( 'NONE', #3744, 1000.000000000000000 ) ;
#2931 =( GEOMETRIC_REPRESENTATION_CONTEXT ( 3 ) GLOBAL_UNCERTAINTY_ASSIGNED_CONTEXT ( ( #2973 ) ) GLOBAL_UNIT_ASSIGNED_CONTEXT ( ( #725, #707, #2301 ) ) REPRESENTATION_CONTEXT ( 'NONE', 'WORKASPACE' ) );
#2932 = FACE_BOUND ( 'NONE', #3662, .T. ) ;
#2933 = ORIENTED_EDGE ( 'NONE', *, *, #2557, .T. ) ;
#2934 = ORIENTED_EDGE ( 'NONE', *, *, #4082, .T. ) ;
#2935 = VECTOR ( 'NONE', #2010, 1000.000000000000000 ) ;
#2936 = DIRECTION ( 'NONE',  ( -1.000000000000000000, 0.000000000000000000, 0.000000000000000000 ) ) ;
#2937 =( NAMED_UNIT ( * ) PLANE_ANGLE_UNIT ( ) SI_UNIT ( $, .RADIAN. ) );
#2938 = ORIENTED_EDGE ( 'NONE', *, *, #693, .T. ) ;
#2939 = VECTOR ( 'NONE', #1153, 1000.000000000000000 ) ;
#2940 = CARTESIAN_POINT ( 'NONE',  ( 0.8653178234195509910, 2.500000000000000000, -0.5000000000000000000 ) ) ;
#2941 = VECTOR ( 'NONE', #245, 1000.000000000000000 ) ;
#2942 = EDGE_LOOP ( 'NONE', ( #1176, #219, #1340, #58 ) ) ;
#2943 = ORIENTED_EDGE ( 'NONE', *, *, #23, .T. ) ;
#2944 = EDGE_LOOP ( 'NONE', ( #3638, #599, #3208, #3034, #3840, #3545, #3139, #1626 ) ) ;
#2945 = DIRECTION ( 'NONE',  ( -1.000000000000000000, 0.000000000000000000, 0.000000000000000000 ) ) ;
#2946 = ADVANCED_FACE ( 'NONE', ( #3234 ), #1648, .T. ) ;
#2947 = ADVANCED_FACE ( 'NONE', ( #3733 ), #2733, .T. ) ;
#2948 = CARTESIAN_POINT ( 'NONE',  ( 1.590000000000000080, -2.939999999999999947, -0.2200000000000000011 ) ) ;
#2949 = EDGE_LOOP ( 'NONE', ( #2362, #1848, #258, #2716 ) ) ;
#2950 = ORIENTED_EDGE ( 'NONE', *, *, #3891, .F. ) ;
#2951 = CARTESIAN_POINT ( 'NONE',  ( -2.439999999999999947, 0.6550000000000000266, -0.5000000000000000000 ) ) ;
#2952 = VECTOR ( 'NONE', #497, 1000.000000000000000 ) ;
#2953 = DIRECTION ( 'NONE',  ( 1.000000000000000000, 0.000000000000000000, 0.000000000000000000 ) ) ;
#2954 = LINE ( 'NONE', #815, #2330 ) ;
#2955 = EDGE_LOOP ( 'NONE', ( #3703, #2950, #2960, #1046 ) ) ;
#2956 = AXIS2_PLACEMENT_3D ( 'NONE', #1878, #3140, #282 ) ;
#2957 = PRESENTATION_STYLE_ASSIGNMENT (( #3858 ) ) ;
#2958 = CARTESIAN_POINT ( 'NONE',  ( 0.4299999999999999933, 2.934361085619389797, -0.4699999999999999734 ) ) ;
#2959 = CARTESIAN_POINT ( 'NONE',  ( -1.590000000000000080, -2.939999999999999947, -0.4699999999999999734 ) ) ;
#2960 = ORIENTED_EDGE ( 'NONE', *, *, #849, .F. ) ;
#2961 = SURFACE_STYLE_FILL_AREA ( #3596 ) ;
#2962 = ORIENTED_EDGE ( 'NONE', *, *, #4055, .F. ) ;
#2963 = ORIENTED_EDGE ( 'NONE', *, *, #3485, .F. ) ;
#2964 = EDGE_CURVE ( 'NONE', #2970, #2439, #3695, .T. ) ;
#2965 = CYLINDRICAL_SURFACE ( 'NONE', #665, 0.03499999999999999639 ) ;
#2966 = CARTESIAN_POINT ( 'NONE',  ( -2.439999999999999947, 2.939999999999999947, -0.2200000000000000011 ) ) ;
#2967 = PRESENTATION_STYLE_ASSIGNMENT (( #1119 ) ) ;
#2968 = DIRECTION ( 'NONE',  ( -0.000000000000000000, 1.000000000000000000, 0.000000000000000000 ) ) ;
#2969 = FACE_OUTER_BOUND ( 'NONE', #356, .T. ) ;
#2970 = VERTEX_POINT ( 'NONE', #3352 ) ;
#2971 = ORIENTED_EDGE ( 'NONE', *, *, #1219, .F. ) ;
#2972 = ADVANCED_FACE ( 'NONE', ( #866 ), #3666, .F. ) ;
#2973 = UNCERTAINTY_MEASURE_WITH_UNIT (LENGTH_MEASURE( 1.000000000000000082E-05 ), #725, 'distance_accuracy_value', 'NONE');
#2974 = DIRECTION ( 'NONE',  ( 0.000000000000000000, 0.000000000000000000, 1.000000000000000000 ) ) ;
#2975 = DIRECTION ( 'NONE',  ( -1.606225440719260007E-15, 1.000000000000000000, 0.000000000000000000 ) ) ;
#2976 = DIRECTION ( 'NONE',  ( 0.000000000000000000, 1.000000000000000000, 0.000000000000000000 ) ) ;
#2977 = ADVANCED_FACE ( 'NONE', ( #171 ), #832, .F. ) ;
#2978 = DIRECTION ( 'NONE',  ( 1.000000000000000000, 8.886903053159868833E-17, 0.000000000000000000 ) ) ;
#2979 = FACE_OUTER_BOUND ( 'NONE', #564, .T. ) ;
#2980 = ORIENTED_EDGE ( 'NONE', *, *, #3852, .F. ) ;
#2981 = CARTESIAN_POINT ( 'NONE',  ( 2.429269594412790223, 0.6550000000000000266, -0.5000000000000000000 ) ) ;
#2982 = ORIENTED_EDGE ( 'NONE', *, *, #1501, .T. ) ;
#2983 = PRESENTATION_STYLE_ASSIGNMENT (( #1712 ) ) ;
#2984 = FACE_OUTER_BOUND ( 'NONE', #624, .T. ) ;
#2985 = LINE ( 'NONE', #461, #2021 ) ;
#2986 = LINE ( 'NONE', #3011, #1749 ) ;
#2987 = LINE ( 'NONE', #2105, #3129 ) ;
#2988 = CARTESIAN_POINT ( 'NONE',  ( -2.034999999999999698, -2.137027193381950241, -0.5000000000000000000 ) ) ;
#2989 = EDGE_CURVE ( 'NONE', #1274, #296, #551, .T. ) ;
#2990 = CARTESIAN_POINT ( 'NONE',  ( 2.000000000000000000, 0.6800000000000000488, -0.5000000000000000000 ) ) ;
#2991 = EDGE_LOOP ( 'NONE', ( #1341, #2466, #2346, #1008 ) ) ;
#2992 = AXIS2_PLACEMENT_3D ( 'NONE', #670, #940, #1243 ) ;
#2993 = STYLED_ITEM ( 'NONE', ( #3176 ), #1170 ) ;
#2994 = LINE ( 'NONE', #2380, #2444 ) ;
#2995 = CARTESIAN_POINT ( 'NONE',  ( -2.000000000000000000, 0.2200000000000000011, -0.5000000000000000000 ) ) ;
#2996 = EDGE_CURVE ( 'NONE', #3158, #964, #3756, .T. ) ;
#2997 = VECTOR ( 'NONE', #3968, 1000.000000000000000 ) ;
#2998 = PRESENTATION_STYLE_ASSIGNMENT (( #1061 ) ) ;
#2999 = ORIENTED_EDGE ( 'NONE', *, *, #465, .F. ) ;
#3000 = VECTOR ( 'NONE', #3144, 1000.000000000000000 ) ;
#3001 = AXIS2_PLACEMENT_3D ( 'NONE', #1929, #3894, #1955 ) ;
#3002 = EDGE_CURVE ( 'NONE', #3761, #394, #233, .T. ) ;
#3003 = EDGE_CURVE ( 'NONE', #3814, #4059, #1777, .T. ) ;
#3004 = DIRECTION ( 'NONE',  ( 0.000000000000000000, 0.000000000000000000, 1.000000000000000000 ) ) ;
#3005 = DIRECTION ( 'NONE',  ( 0.000000000000000000, 0.000000000000000000, -1.000000000000000000 ) ) ;
#3006 = EDGE_CURVE ( 'NONE', #1232, #1511, #1940, .T. ) ;
#3007 = ORIENTED_EDGE ( 'NONE', *, *, #3972, .F. ) ;
#3008 = ORIENTED_EDGE ( 'NONE', *, *, #2918, .T. ) ;
#3009 = AXIS2_PLACEMENT_3D ( 'NONE', #1620, #1968, #2889 ) ;
#3010 = CARTESIAN_POINT ( 'NONE',  ( -1.699999999999999956, 3.075000000000000178, -0.5000000000000000000 ) ) ;
#3011 = CARTESIAN_POINT ( 'NONE',  ( -2.000000000000000000, -3.075000000000000178, -0.5000000000000000000 ) ) ;
#3012 = VECTOR ( 'NONE', #3927, 1000.000000000000000 ) ;
#3013 = CARTESIAN_POINT ( 'NONE',  ( 1.980488922046789835, 2.426592021952190148, 0.4775565596233640187 ) ) ;
#3014 =( NAMED_UNIT ( * ) SI_UNIT ( $, .STERADIAN. ) SOLID_ANGLE_UNIT ( ) );
#3015 = ORIENTED_EDGE ( 'NONE', *, *, #2804, .T. ) ;
#3016 = ORIENTED_EDGE ( 'NONE', *, *, #1259, .F. ) ;
#3017 = CARTESIAN_POINT ( 'NONE',  ( -2.000000000000000000, -3.075000000000000178, -0.2200000000000000011 ) ) ;
#3018 = LINE ( 'NONE', #1767, #193 ) ;
#3019 = ORIENTED_EDGE ( 'NONE', *, *, #3110, .F. ) ;
#3020 = AXIS2_PLACEMENT_3D ( 'NONE', #2701, #1389, #1124 ) ;
#3021 = SURFACE_STYLE_FILL_AREA ( #2773 ) ;
#3022 = DIRECTION ( 'NONE',  ( 0.000000000000000000, 0.000000000000000000, 1.000000000000000000 ) ) ;
#3023 = PRESENTATION_LAYER_ASSIGNMENT (  '', '', ( #3299 ) ) ;
#3024 = EDGE_CURVE ( 'NONE', #1902, #2294, #2138, .T. ) ;
#3025 = DIRECTION ( 'NONE',  ( 0.000000000000000000, 0.000000000000000000, 1.000000000000000000 ) ) ;
#3026 = ORIENTED_EDGE ( 'NONE', *, *, #23, .F. ) ;
#3027 = VERTEX_POINT ( 'NONE', #1514 ) ;
#3028 = EDGE_CURVE ( 'NONE', #1292, #2425, #2103, .T. ) ;
#3029 = LINE ( 'NONE', #2693, #1927 ) ;
#3030 = CARTESIAN_POINT ( 'NONE',  ( 1.699999999999999956, 2.934361085619389797, -0.5000000000000000000 ) ) ;
#3031 = CARTESIAN_POINT ( 'NONE',  ( -2.377619075396179671, -2.842810809058290200, 0.4686584962143680588 ) ) ;
#3032 = DIRECTION ( 'NONE',  ( 1.000000000000000000, 0.000000000000000000, 0.000000000000000000 ) ) ;
#3033 = DIRECTION ( 'NONE',  ( 1.000000000000000000, 0.000000000000000000, 0.000000000000000000 ) ) ;
#3034 = ORIENTED_EDGE ( 'NONE', *, *, #1134, .T. ) ;
#3035 = VERTEX_POINT ( 'NONE', #2402 ) ;
#3036 =( NAMED_UNIT ( * ) PLANE_ANGLE_UNIT ( ) SI_UNIT ( $, .RADIAN. ) );
#3037 = DIRECTION ( 'NONE',  ( 1.000000000000000000, 0.000000000000000000, 0.000000000000000000 ) ) ;
#3038 = CARTESIAN_POINT ( 'NONE',  ( 2.000000000000000000, -2.936507972946180267, -0.5000000000000000000 ) ) ;
#3039 = VERTEX_POINT ( 'NONE', #1191 ) ;
#3040 = ORIENTED_EDGE ( 'NONE', *, *, #3006, .F. ) ;
#3041 = EDGE_CURVE ( 'NONE', #1844, #1549, #2420, .T. ) ;
#3042 = EDGE_CURVE ( 'NONE', #1945, #4053, #2454, .T. ) ;
#3043 = ORIENTED_EDGE ( 'NONE', *, *, #1104, .T. ) ;
#3044 = VERTEX_POINT ( 'NONE', #888 ) ;
#3045 = FACE_OUTER_BOUND ( 'NONE', #3321, .T. ) ;
#3046 = CARTESIAN_POINT ( 'NONE',  ( 2.109999999999999876, 2.939999999999999947, -0.5000000000000000000 ) ) ;
#3047 = CARTESIAN_POINT ( 'NONE',  ( -2.439999999999999947, -2.939999999999999947, -0.1900000000000000022 ) ) ;
#3048 = LINE ( 'NONE', #552, #2941 ) ;
#3049 = EDGE_CURVE ( 'NONE', #3054, #989, #4029, .T. ) ;
#3050 = LINE ( 'NONE', #2735, #2864 ) ;
#3051 = CARTESIAN_POINT ( 'NONE',  ( 0.8653178234195509910, 2.500000000000000000, -0.5000000000000000000 ) ) ;
#3052 = VERTEX_POINT ( 'NONE', #3430 ) ;
#3053 = FACE_OUTER_BOUND ( 'NONE', #542, .T. ) ;
#3054 = VERTEX_POINT ( 'NONE', #570 ) ;
#3055 = PLANE ( 'NONE',  #1394 ) ;
#3056 = DIRECTION ( 'NONE',  ( -0.000000000000000000, 1.000000000000000000, 0.000000000000000000 ) ) ;
#3057 = DIRECTION ( 'NONE',  ( 0.000000000000000000, 0.000000000000000000, 1.000000000000000000 ) ) ;
#3058 = FACE_OUTER_BOUND ( 'NONE', #580, .T. ) ;
#3059 = ORIENTED_EDGE ( 'NONE', *, *, #3891, .T. ) ;
#3060 = CARTESIAN_POINT ( 'NONE',  ( 2.449999999999999734, 0.000000000000000000, -0.2200000000000000011 ) ) ;
#3061 =( GEOMETRIC_REPRESENTATION_CONTEXT ( 3 ) GLOBAL_UNCERTAINTY_ASSIGNED_CONTEXT ( ( #847 ) ) GLOBAL_UNIT_ASSIGNED_CONTEXT ( ( #131, #1407, #1758 ) ) REPRESENTATION_CONTEXT ( 'NONE', 'WORKASPACE' ) );
#3062 = VECTOR ( 'NONE', #285, 1000.000000000000000 ) ;
#3063 = PRESENTATION_STYLE_ASSIGNMENT (( #1507 ) ) ;
#3064 = VERTEX_POINT ( 'NONE', #852 ) ;
#3065 = VECTOR ( 'NONE', #1203, 1000.000000000000000 ) ;
#3066 = CARTESIAN_POINT ( 'NONE',  ( -2.429269594412790223, 0.2449999999999999956, -0.5000000000000000000 ) ) ;
#3067 = VECTOR ( 'NONE', #3510, 1000.000000000000000 ) ;
#3068 = AXIS2_PLACEMENT_3D ( 'NONE', #3566, #709, #412 ) ;
#3069 = ORIENTED_EDGE ( 'NONE', *, *, #1485, .T. ) ;
#3070 = CARTESIAN_POINT ( 'NONE',  ( -2.342810809058290200, -2.842810809058290200, 0.4650000000000000244 ) ) ;
#3071 = VECTOR ( 'NONE', #1496, 1000.000000000000000 ) ;
#3072 = CARTESIAN_POINT ( 'NONE',  ( -2.000000000000000000, -2.936507972946180267, -0.5000000000000000000 ) ) ;
#3073 = FACE_OUTER_BOUND ( 'NONE', #3902, .T. ) ;
#3074 =( GEOMETRIC_REPRESENTATION_CONTEXT ( 3 ) GLOBAL_UNCERTAINTY_ASSIGNED_CONTEXT ( ( #484 ) ) GLOBAL_UNIT_ASSIGNED_CONTEXT ( ( #1613, #3827, #661 ) ) REPRESENTATION_CONTEXT ( 'NONE', 'WORKASPACE' ) );
#3075 = ORIENTED_EDGE ( 'NONE', *, *, #2657, .F. ) ;
#3076 = VERTEX_POINT ( 'NONE', #3103 ) ;
#3077 = VECTOR ( 'NONE', #568, 1000.000000000000000 ) ;
#3078 =( GEOMETRIC_REPRESENTATION_CONTEXT ( 3 ) GLOBAL_UNCERTAINTY_ASSIGNED_CONTEXT ( ( #1504 ) ) GLOBAL_UNIT_ASSIGNED_CONTEXT ( ( #1156, #2692, #3349 ) ) REPRESENTATION_CONTEXT ( 'NONE', 'WORKASPACE' ) );
#3079 = VERTEX_POINT ( 'NONE', #2783 ) ;
#3080 = AXIS2_PLACEMENT_3D ( 'NONE', #3603, #426, #3648 ) ;
#3081 = CARTESIAN_POINT ( 'NONE',  ( 2.575000000000000178, 0.6550000000000000266, -0.5000000000000000000 ) ) ;
#3082 = VECTOR ( 'NONE', #433, 1000.000000000000000 ) ;
#3083 = VERTEX_POINT ( 'NONE', #3525 ) ;
#3084 = AXIS2_PLACEMENT_3D ( 'NONE', #3336, #3056, #195 ) ;
#3085 = CARTESIAN_POINT ( 'NONE',  ( 0.4046821765804490267, 2.934361085619389797, -0.5000000000000000000 ) ) ;
#3086 = VECTOR ( 'NONE', #2016, 1000.000000000000000 ) ;
#3087 = VERTEX_POINT ( 'NONE', #327 ) ;
#3088 = APPLICATION_PROTOCOL_DEFINITION ( 'draft international standard', 'automotive_design', 1998, #1881 ) ;
#3089 = LINE ( 'NONE', #246, #2150 ) ;
#3090 = ORIENTED_EDGE ( 'NONE', *, *, #1695, .F. ) ;
#3091 = ORIENTED_EDGE ( 'NONE', *, *, #1315, .F. ) ;
#3092 = EDGE_CURVE ( 'NONE', #1844, #657, #1233, .T. ) ;
#3093 = CARTESIAN_POINT ( 'NONE',  ( -2.109999999999999876, 2.500000000000000000, -0.4699999999999999734 ) ) ;
#3094 = CARTESIAN_POINT ( 'NONE',  ( 2.412038606604139712, 2.946846872942029627, -0.1900000000000000022 ) ) ;
#3095 = DIRECTION ( 'NONE',  ( 0.000000000000000000, 0.000000000000000000, -1.000000000000000000 ) ) ;
#3096 = EDGE_LOOP ( 'NONE', ( #2562, #2811, #780, #901 ) ) ;
#3097 = EDGE_CURVE ( 'NONE', #2600, #2823, #2211, .T. ) ;
#3098 = CARTESIAN_POINT ( 'NONE',  ( -1.590000000000000080, -3.075000000000000178, -0.2200000000000000011 ) ) ;
#3099 = ORIENTED_EDGE ( 'NONE', *, *, #399, .F. ) ;
#3100 = DIRECTION ( 'NONE',  ( 1.000000000000000000, 0.000000000000000000, 0.000000000000000000 ) ) ;
#3101 = ORIENTED_EDGE ( 'NONE', *, *, #3672, .F. ) ;
#3102 = PLANE ( 'NONE',  #2157 ) ;
#3103 = CARTESIAN_POINT ( 'NONE',  ( -0.8400000000000000799, 3.075000000000000178, -0.5000000000000000000 ) ) ;
#3104 = DIRECTION ( 'NONE',  ( 0.000000000000000000, 0.000000000000000000, 1.000000000000000000 ) ) ;
#3105 = CARTESIAN_POINT ( 'NONE',  ( 0.4299999999999999933, 2.939999999999999947, -0.5000000000000000000 ) ) ;
#3106 = ORIENTED_EDGE ( 'NONE', *, *, #229, .F. ) ;
#3107 = EDGE_CURVE ( 'NONE', #1670, #2929, #267, .T. ) ;
#3108 = SURFACE_SIDE_STYLE ('',( #897 ) ) ;
#3109 = ORIENTED_EDGE ( 'NONE', *, *, #1962, .T. ) ;
#3110 = EDGE_CURVE ( 'NONE', #1975, #2294, #1556, .T. ) ;
#3111 = LINE ( 'NONE', #294, #315 ) ;
#3112 = VECTOR ( 'NONE', #3309, 1000.000000000000000 ) ;
#3113 = EDGE_LOOP ( 'NONE', ( #114, #1800, #3395, #4038, #726, #3584 ) ) ;
#3114 = EDGE_LOOP ( 'NONE', ( #3455, #3026, #3877, #2507 ) ) ;
#3115 = VECTOR ( 'NONE', #690, 1000.000000000000000 ) ;
#3116 = EDGE_CURVE ( 'NONE', #1688, #2044, #673, .T. ) ;
#3117 = ADVANCED_FACE ( 'NONE', ( #300 ), #630, .F. ) ;
#3118 = DIRECTION ( 'NONE',  ( -1.000000000000000000, 0.000000000000000000, 0.000000000000000000 ) ) ;
#3119 = VECTOR ( 'NONE', #3261, 1000.000000000000000 ) ;
#3120 = AXIS2_PLACEMENT_3D ( 'NONE', #1377, #1475, #3382 ) ;
#3121 = ORIENTED_EDGE ( 'NONE', *, *, #3340, .T. ) ;
#3122 = COLOUR_RGB ( '',0.2000000000000000111, 0.2000000000000000111, 0.2000000000000000111 ) ;
#3123 = VECTOR ( 'NONE', #995, 1000.000000000000000 ) ;
#3124 = DIRECTION ( 'NONE',  ( 0.000000000000000000, 0.000000000000000000, -1.000000000000000000 ) ) ;
#3125 = CARTESIAN_POINT ( 'NONE',  ( 0.4046821765804490267, 2.934361085619389797, -0.4699999999999999734 ) ) ;
#3126 = LINE ( 'NONE', #1278, #3746 ) ;
#3127 = VECTOR ( 'NONE', #2819, 1000.000000000000000 ) ;
#3128 = ORIENTED_EDGE ( 'NONE', *, *, #2695, .T. ) ;
#3129 = VECTOR ( 'NONE', #784, 1000.000000000000000 ) ;
#3130 = CARTESIAN_POINT ( 'NONE',  ( -0.8653178234195509910, 2.934361085619389797, -0.4699999999999999734 ) ) ;
#3131 = VECTOR ( 'NONE', #2377, 1000.000000000000000 ) ;
#3132 = EDGE_LOOP ( 'NONE', ( #1220, #2869, #2971, #1446 ) ) ;
#3133 = ORIENTED_EDGE ( 'NONE', *, *, #52, .F. ) ;
#3134 = DIRECTION ( 'NONE',  ( -1.000000000000000000, 0.000000000000000000, 0.000000000000000000 ) ) ;
#3135 =( NAMED_UNIT ( * ) PLANE_ANGLE_UNIT ( ) SI_UNIT ( $, .RADIAN. ) );
#3136 = DIRECTION ( 'NONE',  ( -1.606225440719270065E-15, -1.000000000000000000, 0.000000000000000000 ) ) ;
#3137 = DIRECTION ( 'NONE',  ( 0.000000000000000000, 0.000000000000000000, -1.000000000000000000 ) ) ;
#3138 = EDGE_CURVE ( 'NONE', #2771, #1050, #674, .T. ) ;
#3139 = ORIENTED_EDGE ( 'NONE', *, *, #3369, .T. ) ;
#3141 = AXIS2_PLACEMENT_3D ( 'NONE', #3754, #2490, #587 ) ;
#3140 = DIRECTION ( 'NONE',  ( 0.000000000000000000, -1.000000000000000000, 0.000000000000000000 ) ) ;
#3142 = CARTESIAN_POINT ( 'NONE',  ( 0.000000000000000000, 0.000000000000000000, -0.4699999999999999734 ) ) ;
#3143 = LINE ( 'NONE', #3228, #3062 ) ;
#3144 = DIRECTION ( 'NONE',  ( -1.000000000000000000, -8.031127203596350323E-16, 0.000000000000000000 ) ) ;
#3145 = EDGE_CURVE ( 'NONE', #98, #3671, #3159, .T. ) ;
#3146 = VERTEX_POINT ( 'NONE', #5 ) ;
#3147 = CARTESIAN_POINT ( 'NONE',  ( -2.000000000000000000, 0.6550000000000000266, -0.5000000000000000000 ) ) ;
#3148 = DIRECTION ( 'NONE',  ( 0.000000000000000000, 0.000000000000000000, 1.000000000000000000 ) ) ;
#3149 = CARTESIAN_POINT ( 'NONE',  ( -2.419999999999999929, 2.919999999999999929, -0.4699999999999999734 ) ) ;
#3150 = PLANE ( 'NONE',  #3808 ) ;
#3151 = LINE ( 'NONE', #1847, #2930 ) ;
#3152 = VERTEX_POINT ( 'NONE', #1854 ) ;
#3153 = VERTEX_POINT ( 'NONE', #2188 ) ;
#3154 = FACE_OUTER_BOUND ( 'NONE', #422, .T. ) ;
#3155 = CARTESIAN_POINT ( 'NONE',  ( 2.000000000000000000, -2.137027193381950241, -0.4699999999999999734 ) ) ;
#3156 = CARTESIAN_POINT ( 'NONE',  ( 2.419999999999999929, 2.939999999999999947, -0.2390299093405380271 ) ) ;
#3157 = EDGE_CURVE ( 'NONE', #3417, #2054, #2247, .T. ) ;
#3158 = VERTEX_POINT ( 'NONE', #3466 ) ;
#3159 = LINE ( 'NONE', #588, #2856 ) ;
#3160 = CARTESIAN_POINT ( 'NONE',  ( 2.439999999999999947, -2.939999999999999947, -0.4699999999999999734 ) ) ;
#3161 = CARTESIAN_POINT ( 'NONE',  ( 0.000000000000000000, 0.000000000000000000, -0.5000000000000000000 ) ) ;
#3162 = ORIENTED_EDGE ( 'NONE', *, *, #4051, .T. ) ;
#3163 = CARTESIAN_POINT ( 'NONE',  ( -2.342810809058290200, -2.842810809058290200, 0.4650000000000000244 ) ) ;
#3164 = DIRECTION ( 'NONE',  ( -1.000000000000000000, 0.000000000000000000, 0.000000000000000000 ) ) ;
#3165 = ADVANCED_FACE ( 'NONE', ( #967 ), #1215, .T. ) ;
#3166 = SURFACE_SIDE_STYLE ('',( #1977 ) ) ;
#3167 = DIRECTION ( 'NONE',  ( 1.000000000000000000, 0.000000000000000000, 0.000000000000000000 ) ) ;
#3168 = ORIENTED_EDGE ( 'NONE', *, *, #895, .F. ) ;
#3169 = LINE ( 'NONE', #3514, #3123 ) ;
#3170 = EDGE_CURVE ( 'NONE', #3787, #3278, #2871, .T. ) ;
#3171 = CARTESIAN_POINT ( 'NONE',  ( 2.429269594412790223, 0.6800000000000000488, -0.5000000000000000000 ) ) ;
#3172 = LINE ( 'NONE', #2549, #2005 ) ;
#3173 = CARTESIAN_POINT ( 'NONE',  ( -2.418492292649740083, -2.883684026311849724, 0.07977581084733080530 ) ) ;
#3174 = ORIENTED_EDGE ( 'NONE', *, *, #221, .T. ) ;
#3175 = ORIENTED_EDGE ( 'NONE', *, *, #2740, .T. ) ;
#3176 = PRESENTATION_STYLE_ASSIGNMENT (( #2754 ) ) ;
#3177 = AXIS2_PLACEMENT_3D ( 'NONE', #3718, #273, #2761 ) ;
#3178 = DIRECTION ( 'NONE',  ( -1.000000000000000000, 0.000000000000000000, 0.000000000000000000 ) ) ;
#3179 = COLOUR_RGB ( '',0.2000000000000000111, 0.2000000000000000111, 0.2000000000000000111 ) ;
#3180 = ORIENTED_EDGE ( 'NONE', *, *, #2498, .F. ) ;
#3181 = VECTOR ( 'NONE', #642, 1000.000000000000000 ) ;
#3182 =( LENGTH_UNIT ( ) NAMED_UNIT ( * ) SI_UNIT ( .MILLI., .METRE. ) );
#3183 = VECTOR ( 'NONE', #3355, 1000.000000000000000 ) ;
#3184 = CARTESIAN_POINT ( 'NONE',  ( 2.412038606604139712, 2.946846872942029627, -0.1900000000000000022 ) ) ;
#3185 = ORIENTED_EDGE ( 'NONE', *, *, #3535, .T. ) ;
#3186 = AXIS2_PLACEMENT_3D ( 'NONE', #2369, #3659, #3385 ) ;
#3187 = CIRCLE ( 'NONE', #2594, 0.02000000000000005246 ) ;
#3188 = PLANE ( 'NONE',  #1513 ) ;
#3189 = PLANE ( 'NONE',  #208 ) ;
#3190 = CARTESIAN_POINT ( 'NONE',  ( -2.109999999999999876, 2.934361085619389797, -0.4699999999999999734 ) ) ;
#3191 = DIRECTION ( 'NONE',  ( -0.000000000000000000, 0.9945218953682735119, 0.1045284632676530545 ) ) ;
#3192 = SURFACE_SIDE_STYLE ('',( #3212 ) ) ;
#3193 = VECTOR ( 'NONE', #3651, 1000.000000000000000 ) ;
#3194 = CARTESIAN_POINT ( 'NONE',  ( 2.000000000000000000, -2.939999999999999947, -0.5000000000000000000 ) ) ;
#3195 = DIRECTION ( 'NONE',  ( 0.1039620511844971951, 0.1039620511844980000, -0.9891328443778539814 ) ) ;
#3196 =( NAMED_UNIT ( * ) SI_UNIT ( $, .STERADIAN. ) SOLID_ANGLE_UNIT ( ) );
#3197 = VERTEX_POINT ( 'NONE', #413 ) ;
#3198 = ORIENTED_EDGE ( 'NONE', *, *, #2180, .T. ) ;
#3199 = AXIS2_PLACEMENT_3D ( 'NONE', #3070, #2060, #169 ) ;
#3200 = CARTESIAN_POINT ( 'NONE',  ( 2.575000000000000178, 0.2449999999999999956, -0.5000000000000000000 ) ) ;
#3201 = MECHANICAL_DESIGN_GEOMETRIC_PRESENTATION_REPRESENTATION (  '', ( #20 ), #1879 ) ;
#3202 = LINE ( 'NONE', #2890, #2252 ) ;
#3203 = ORIENTED_EDGE ( 'NONE', *, *, #266, .T. ) ;
#3204 = CARTESIAN_POINT ( 'NONE',  ( -0.8653178234195509910, 2.500000000000000000, -0.5000000000000000000 ) ) ;
#3205 = CARTESIAN_POINT ( 'NONE',  ( -2.377619075396179671, 2.842810809058290200, 0.4686584962143680588 ) ) ;
#3206 = VERTEX_POINT ( 'NONE', #1684 ) ;
#3207 = VECTOR ( 'NONE', #2321, 1000.000000000000000 ) ;
#3208 = ORIENTED_EDGE ( 'NONE', *, *, #1437, .F. ) ;
#3209 = CARTESIAN_POINT ( 'NONE',  ( -2.439999999999999947, -2.919999999999999929, -0.2390299093405380271 ) ) ;
#3210 = DIRECTION ( 'NONE',  ( 0.000000000000000000, 0.000000000000000000, 1.000000000000000000 ) ) ;
#3211 = SPHERICAL_SURFACE ( 'NONE', #4023, 0.03499999999999999639 ) ;
#3212 = SURFACE_STYLE_FILL_AREA ( #2851 ) ;
#3213 = ADVANCED_FACE ( 'NONE', ( #904 ), #3941, .F. ) ;
#3214 = FILL_AREA_STYLE_COLOUR ( '', #2079 ) ;
#3215 =( GEOMETRIC_REPRESENTATION_CONTEXT ( 3 ) GLOBAL_UNCERTAINTY_ASSIGNED_CONTEXT ( ( #2415 ) ) GLOBAL_UNIT_ASSIGNED_CONTEXT ( ( #1915, #326, #698 ) ) REPRESENTATION_CONTEXT ( 'NONE', 'WORKASPACE' ) );
#3216 = PRESENTATION_STYLE_ASSIGNMENT (( #931 ) ) ;
#3217 = CARTESIAN_POINT ( 'NONE',  ( -0.4299999999999999933, 2.934361085619389797, -0.4699999999999999734 ) ) ;
#3218 = ADVANCED_FACE ( 'NONE', ( #2641 ), #1374, .T. ) ;
#3219 = DIRECTION ( 'NONE',  ( -0.1039620511844979861, 0.1039620511844979861, 0.9891328443778538704 ) ) ;
#3220 = ORIENTED_EDGE ( 'NONE', *, *, #3247, .F. ) ;
#3221 = ORIENTED_EDGE ( 'NONE', *, *, #2178, .F. ) ;
#3222 = ADVANCED_FACE ( 'NONE', ( #2547 ), #64, .F. ) ;
#3223 = CARTESIAN_POINT ( 'NONE',  ( -1.539999999999999813, -2.936507972946180267, -0.5000000000000000000 ) ) ;
#3224 = ORIENTED_EDGE ( 'NONE', *, *, #817, .F. ) ;
#3225 = ADVANCED_FACE ( 'NONE', ( #383 ), #3867, .F. ) ;
#3226 = DIRECTION ( 'NONE',  ( -0.9945218953682735119, 0.000000000000000000, -0.1045284632676529157 ) ) ;
#3227 = DIRECTION ( 'NONE',  ( 0.000000000000000000, 0.000000000000000000, 1.000000000000000000 ) ) ;
#3228 = CARTESIAN_POINT ( 'NONE',  ( -1.554999999999999938, -2.936507972946180267, -0.5000000000000000000 ) ) ;
#3229 = ORIENTED_EDGE ( 'NONE', *, *, #3629, .T. ) ;
#3230 = VERTEX_POINT ( 'NONE', #2500 ) ;
#3231 = CARTESIAN_POINT ( 'NONE',  ( 1.699999999999999956, 2.939999999999999947, -0.2200000000000000011 ) ) ;
#3232 = SURFACE_SIDE_STYLE ('',( #82 ) ) ;
#3233 = LINE ( 'NONE', #3190, #492 ) ;
#3234 = FACE_OUTER_BOUND ( 'NONE', #1698, .T. ) ;
#3235 = PLANE ( 'NONE',  #2259 ) ;
#3236 = CARTESIAN_POINT ( 'NONE',  ( 2.342810809058290200, -2.877619075396179671, 0.4686584962143680588 ) ) ;
#3237 = DIRECTION ( 'NONE',  ( 0.000000000000000000, 0.000000000000000000, -1.000000000000000000 ) ) ;
#3238 = CARTESIAN_POINT ( 'NONE',  ( 2.109999999999999876, 2.939999999999999947, -0.2200000000000000011 ) ) ;
#3239 = DIRECTION ( 'NONE',  ( 0.000000000000000000, 0.000000000000000000, 1.000000000000000000 ) ) ;
#3240 = DIRECTION ( 'NONE',  ( 0.000000000000000000, -1.000000000000000000, 0.000000000000000000 ) ) ;
#3241 = ORIENTED_EDGE ( 'NONE', *, *, #1373, .T. ) ;
#3242 = ORIENTED_EDGE ( 'NONE', *, *, #1805, .F. ) ;
#3243 = PRESENTATION_STYLE_ASSIGNMENT (( #713 ) ) ;
#3244 = LINE ( 'NONE', #714, #1328 ) ;
#3245 = SURFACE_STYLE_FILL_AREA ( #1168 ) ;
#3246 = VERTEX_POINT ( 'NONE', #2595 ) ;
#3247 = EDGE_CURVE ( 'NONE', #3850, #3851, #639, .T. ) ;
#3248 = LINE ( 'NONE', #1047, #2685 ) ;
#3249 = EDGE_CURVE ( 'NONE', #2888, #810, #313, .T. ) ;
#3250 = CIRCLE ( 'NONE', #387, 0.02000000000000005246 ) ;
#3251 = CARTESIAN_POINT ( 'NONE',  ( 2.034999999999999698, -2.137027193381950241, -0.5000000000000000000 ) ) ;
#3252 = ORIENTED_EDGE ( 'NONE', *, *, #3589, .F. ) ;
#3253 = ORIENTED_EDGE ( 'NONE', *, *, #77, .F. ) ;
#3254 = ORIENTED_EDGE ( 'NONE', *, *, #3369, .F. ) ;
#3255 = FILL_AREA_STYLE_COLOUR ( '', #1189 ) ;
#3256 =( NAMED_UNIT ( * ) SI_UNIT ( $, .STERADIAN. ) SOLID_ANGLE_UNIT ( ) );
#3257 = AXIS2_PLACEMENT_3D ( 'NONE', #3848, #3195, #1615 ) ;
#3258 = UNCERTAINTY_MEASURE_WITH_UNIT (LENGTH_MEASURE( 1.000000000000000082E-05 ), #2047, 'distance_accuracy_value', 'NONE');
#3259 = CARTESIAN_POINT ( 'NONE',  ( 1.554999999999999938, -2.936507972946180267, -0.5000000000000000000 ) ) ;
#3260 = DIRECTION ( 'NONE',  ( 1.000000000000000000, -7.375524982894588548E-17, 0.000000000000000000 ) ) ;
#3261 = DIRECTION ( 'NONE',  ( 0.000000000000000000, -1.000000000000000000, 0.000000000000000000 ) ) ;
#3262 = DIRECTION ( 'NONE',  ( 1.000000000000000000, 0.000000000000000000, 0.000000000000000000 ) ) ;
#3263 = AXIS2_PLACEMENT_3D ( 'NONE', #1171, #519, #2464 ) ;
#3264 = VERTEX_POINT ( 'NONE', #3171 ) ;
#3265 = VECTOR ( 'NONE', #2792, 1000.000000000000000 ) ;
#3266 = CARTESIAN_POINT ( 'NONE',  ( 1.699999999999999956, 3.075000000000000178, -0.2200000000000000011 ) ) ;
#3267 = CARTESIAN_POINT ( 'NONE',  ( 2.412038606604139712, -2.946846872942029627, -0.1900000000000000022 ) ) ;
#3268 = VECTOR ( 'NONE', #2894, 1000.000000000000114 ) ;
#3269 = VECTOR ( 'NONE', #2639, 1000.000000000000000 ) ;
#3270 = CARTESIAN_POINT ( 'NONE',  ( 2.575000000000000178, 0.6550000000000000266, -0.2200000000000000011 ) ) ;
#3271 = CARTESIAN_POINT ( 'NONE',  ( -2.034999999999999698, -2.936507972946180267, -0.5000000000000000000 ) ) ;
#3272 = VECTOR ( 'NONE', #1604, 1000.000000000000000 ) ;
#3273 = DIRECTION ( 'NONE',  ( 0.000000000000000000, 1.000000000000000000, 0.000000000000000000 ) ) ;
#3274 = DIRECTION ( 'NONE',  ( 1.000000000000000000, 0.000000000000000000, 0.000000000000000000 ) ) ;
#3275 =( GEOMETRIC_REPRESENTATION_CONTEXT ( 3 ) GLOBAL_UNCERTAINTY_ASSIGNED_CONTEXT ( ( #2397 ) ) GLOBAL_UNIT_ASSIGNED_CONTEXT ( ( #1737, #2336, #3256 ) ) REPRESENTATION_CONTEXT ( 'NONE', 'WORKASPACE' ) );
#3276 = CYLINDRICAL_SURFACE ( 'NONE', #536, 0.02000000000000005246 ) ;
#3277 = EDGE_CURVE ( 'NONE', #3039, #870, #1593, .T. ) ;
#3278 = VERTEX_POINT ( 'NONE', #3897 ) ;
#3279 = CARTESIAN_POINT ( 'NONE',  ( 2.000000000000000000, 0.6800000000000000488, -0.5000000000000000000 ) ) ;
#3280 = AXIS2_PLACEMENT_3D ( 'NONE', #3013, #120, #154 ) ;
#3281 = STYLED_ITEM ( 'NONE', ( #3243 ), #4102 ) ;
#3282 = DIRECTION ( 'NONE',  ( 1.000000000000000000, -1.606225440719260007E-15, 0.000000000000000000 ) ) ;
#3283 = CARTESIAN_POINT ( 'NONE',  ( -2.439999999999999947, 0.6550000000000000266, -0.4699999999999999734 ) ) ;
#3284 = VECTOR ( 'NONE', #3104, 1000.000000000000000 ) ;
#3285 = ORIENTED_EDGE ( 'NONE', *, *, #3485, .T. ) ;
#3286 = EDGE_LOOP ( 'NONE', ( #885, #2839 ) ) ;
#3287 = CARTESIAN_POINT ( 'NONE',  ( 2.575000000000000178, 0.2449999999999999956, -0.4699999999999999734 ) ) ;
#3288 = PLANE ( 'NONE',  #3080 ) ;
#3289 = EDGE_CURVE ( 'NONE', #3838, #2295, #621, .T. ) ;
#3290 = DIRECTION ( 'NONE',  ( 0.000000000000000000, 1.000000000000000000, 0.000000000000000000 ) ) ;
#3291 = CARTESIAN_POINT ( 'NONE',  ( 0.000000000000000000, -2.842810809058290200, 0.4650000000000000244 ) ) ;
#3292 = VERTEX_POINT ( 'NONE', #927 ) ;
#3293 = DIRECTION ( 'NONE',  ( -9.984339835042528750E-16, -1.000000000000000000, 0.000000000000000000 ) ) ;
#3294 = VERTEX_POINT ( 'NONE', #1253 ) ;
#3295 =( LENGTH_UNIT ( ) NAMED_UNIT ( * ) SI_UNIT ( .MILLI., .METRE. ) );
#3296 = CIRCLE ( 'NONE', #3020, 0.03499999999999987843 ) ;
#3297 = LINE ( 'NONE', #176, #695 ) ;
#3298 = CARTESIAN_POINT ( 'NONE',  ( 2.000000000000000000, 0.2449999999999999956, -0.4699999999999999734 ) ) ;
#3299 = STYLED_ITEM ( 'NONE', ( #732 ), #653 ) ;
#3300 = CARTESIAN_POINT ( 'NONE',  ( 2.000000000000000000, -2.939999999999999947, -0.2200000000000000011 ) ) ;
#3301 = ORIENTED_EDGE ( 'NONE', *, *, #2300, .T. ) ;
#3302 = AXIS2_PLACEMENT_3D ( 'NONE', #3984, #3022, #1113 ) ;
#3303 = FACE_OUTER_BOUND ( 'NONE', #3551, .T. ) ;
#3304 = DIRECTION ( 'NONE',  ( 0.000000000000000000, 0.000000000000000000, 1.000000000000000000 ) ) ;
#3305 = EDGE_LOOP ( 'NONE', ( #537, #3198, #3383, #2671 ) ) ;
#3306 = EDGE_CURVE ( 'NONE', #3644, #3851, #1541, .T. ) ;
#3307 = LINE ( 'NONE', #2981, #25 ) ;
#3308 = ORIENTED_EDGE ( 'NONE', *, *, #1072, .T. ) ;
#3309 = DIRECTION ( 'NONE',  ( 0.000000000000000000, 0.000000000000000000, 1.000000000000000000 ) ) ;
#3310 = EDGE_CURVE ( 'NONE', #1511, #1360, #2877, .T. ) ;
#3311 = CARTESIAN_POINT ( 'NONE',  ( -1.674682176580450044, 2.500000000000000000, -0.5000000000000000000 ) ) ;
#3312 = CARTESIAN_POINT ( 'NONE',  ( 2.429269594412790223, 0.6550000000000000266, -0.5000000000000000000 ) ) ;
#3313 = ORIENTED_EDGE ( 'NONE', *, *, #1850, .T. ) ;
#3314 = EDGE_CURVE ( 'NONE', #3517, #1327, #2218, .T. ) ;
#3315 = UNCERTAINTY_MEASURE_WITH_UNIT (LENGTH_MEASURE( 1.000000000000000082E-05 ), #844, 'distance_accuracy_value', 'NONE');
#3316 = EDGE_CURVE ( 'NONE', #2111, #2644, #3824, .T. ) ;
#3317 = LINE ( 'NONE', #1744, #2952 ) ;
#3318 = LINE ( 'NONE', #2036, #1816 ) ;
#3319 = LINE ( 'NONE', #3038, #3816 ) ;
#3320 = EDGE_CURVE ( 'NONE', #2634, #2619, #992, .T. ) ;
#3321 = EDGE_LOOP ( 'NONE', ( #3561, #3763, #292, #4110 ) ) ;
#3322 = FACE_OUTER_BOUND ( 'NONE', #2913, .T. ) ;
#3323 =( NAMED_UNIT ( * ) SI_UNIT ( $, .STERADIAN. ) SOLID_ANGLE_UNIT ( ) );
#3324 = ORIENTED_EDGE ( 'NONE', *, *, #3623, .T. ) ;
#3325 = FACE_OUTER_BOUND ( 'NONE', #1449, .T. ) ;
#3326 = ORIENTED_EDGE ( 'NONE', *, *, #4060, .T. ) ;
#3327 = ORIENTED_EDGE ( 'NONE', *, *, #3024, .T. ) ;
#3328 = DIRECTION ( 'NONE',  ( 0.000000000000000000, 0.000000000000000000, 1.000000000000000000 ) ) ;
#3329 = CARTESIAN_POINT ( 'NONE',  ( -2.342810809058290200, 2.842810809058290200, 0.5000000000000000000 ) ) ;
#3330 = CARTESIAN_POINT ( 'NONE',  ( 2.439999999999999947, 2.939999999999999947, -0.2200000000000000011 ) ) ;
#3331 = VECTOR ( 'NONE', #1673, 1000.000000000000000 ) ;
#3332 = DIRECTION ( 'NONE',  ( 0.000000000000000000, 1.000000000000000000, 0.000000000000000000 ) ) ;
#3333 =( NAMED_UNIT ( * ) PLANE_ANGLE_UNIT ( ) SI_UNIT ( $, .RADIAN. ) );
#3334 = EDGE_LOOP ( 'NONE', ( #3099, #3075, #2049, #3356 ) ) ;
#3335 = VERTEX_POINT ( 'NONE', #952 ) ;
#3336 = CARTESIAN_POINT ( 'NONE',  ( 2.135317823419550010, 2.934361085619389797, -0.5000000000000000000 ) ) ;
#3337 =( GEOMETRIC_REPRESENTATION_CONTEXT ( 3 ) GLOBAL_UNCERTAINTY_ASSIGNED_CONTEXT ( ( #1718 ) ) GLOBAL_UNIT_ASSIGNED_CONTEXT ( ( #2029, #3333, #3014 ) ) REPRESENTATION_CONTEXT ( 'NONE', 'WORKASPACE' ) );
#3338 = DIRECTION ( 'NONE',  ( -1.000000000000000000, 0.000000000000000000, 0.000000000000000000 ) ) ;
#3339 = COLOUR_RGB ( '',0.2000000000000000111, 0.2000000000000000111, 0.2000000000000000111 ) ;
#3340 = EDGE_CURVE ( 'NONE', #2574, #1985, #60, .T. ) ;
#3341 = ORIENTED_EDGE ( 'NONE', *, *, #301, .T. ) ;
#3342 = MECHANICAL_DESIGN_GEOMETRIC_PRESENTATION_REPRESENTATION (  '', ( #1860 ), #809 ) ;
#3343 = CARTESIAN_POINT ( 'NONE',  ( 0.000000000000000000, 0.000000000000000000, -0.4699999999999999734 ) ) ;
#3344 = ADVANCED_FACE ( 'NONE', ( #3473 ), #2541, .T. ) ;
#3345 = FILL_AREA_STYLE_COLOUR ( '', #1731 ) ;
#3346 = VECTOR ( 'NONE', #1837, 1000.000000000000000 ) ;
#3347 = EDGE_LOOP ( 'NONE', ( #1478, #1431, #818, #1717 ) ) ;
#3348 = ORIENTED_EDGE ( 'NONE', *, *, #1118, .T. ) ;
#3349 =( NAMED_UNIT ( * ) SI_UNIT ( $, .STERADIAN. ) SOLID_ANGLE_UNIT ( ) );
#3350 = PRESENTATION_LAYER_ASSIGNMENT (  '', '', ( #1946 ) ) ;
#3351 = LINE ( 'NONE', #3287, #3668 ) ;
#3352 = CARTESIAN_POINT ( 'NONE',  ( 2.429269594412790223, 0.2449999999999999956, -0.5000000000000000000 ) ) ;
#3353 = PRESENTATION_LAYER_ASSIGNMENT (  '', '', ( #1021 ) ) ;
#3354 = PLANE ( 'NONE',  #3903 ) ;
#3355 = DIRECTION ( 'NONE',  ( 0.000000000000000000, 1.000000000000000000, 0.000000000000000000 ) ) ;
#3356 = ORIENTED_EDGE ( 'NONE', *, *, #441, .T. ) ;
#3357 = ORIENTED_EDGE ( 'NONE', *, *, #4060, .F. ) ;
#3358 = DIRECTION ( 'NONE',  ( 0.000000000000000000, -1.000000000000000000, 0.000000000000000000 ) ) ;
#3359 = ADVANCED_FACE ( 'NONE', ( #2240 ), #3189, .F. ) ;
#3360 = PLANE ( 'NONE',  #3673 ) ;
#3361 = ORIENTED_EDGE ( 'NONE', *, *, #2663, .T. ) ;
#3362 = VECTOR ( 'NONE', #358, 1000.000000000000000 ) ;
#3363 = EDGE_CURVE ( 'NONE', #1155, #3644, #2985, .T. ) ;
#3364 = SURFACE_SIDE_STYLE ('',( #2094 ) ) ;
#3365 = SURFACE_STYLE_USAGE ( .BOTH. , #162 ) ;
#3366 = ORIENTED_EDGE ( 'NONE', *, *, #51, .F. ) ;
#3367 =( NAMED_UNIT ( * ) PLANE_ANGLE_UNIT ( ) SI_UNIT ( $, .RADIAN. ) );
#3368 = AXIS2_PLACEMENT_3D ( 'NONE', #4078, #4111, #1577 ) ;
#3369 = EDGE_CURVE ( 'NONE', #3769, #629, #1694, .T. ) ;
#3370 = LINE ( 'NONE', #231, #1412 ) ;
#3371 = CARTESIAN_POINT ( 'NONE',  ( -2.432474686002150221, -2.946846872942035400, -0.1900000000000000300 ) ) ;
#3372 = ORIENTED_EDGE ( 'NONE', *, *, #3664, .T. ) ;
#3373 = ORIENTED_EDGE ( 'NONE', *, *, #3785, .F. ) ;
#3374 = PLANE ( 'NONE',  #2774 ) ;
#3375 = UNCERTAINTY_MEASURE_WITH_UNIT (LENGTH_MEASURE( 1.000000000000000082E-05 ), #3847, 'distance_accuracy_value', 'NONE');
#3376 = CARTESIAN_POINT ( 'NONE',  ( -2.109999999999999876, 2.939999999999999947, -0.2200000000000000011 ) ) ;
#3377 = DIRECTION ( 'NONE',  ( -0.9945218953682735119, 0.000000000000000000, 0.1045284632676529157 ) ) ;
#3378 = ORIENTED_EDGE ( 'NONE', *, *, #306, .F. ) ;
#3379 = DIRECTION ( 'NONE',  ( 0.000000000000000000, 0.000000000000000000, 1.000000000000000000 ) ) ;
#3380 = CARTESIAN_POINT ( 'NONE',  ( 2.439999999999999947, 0.6550000000000000266, -0.5000000000000000000 ) ) ;
#3381 = ORIENTED_EDGE ( 'NONE', *, *, #2657, .T. ) ;
#3382 = DIRECTION ( 'NONE',  ( 0.000000000000000000, 0.000000000000000000, -1.000000000000000000 ) ) ;
#3383 = ORIENTED_EDGE ( 'NONE', *, *, #1043, .T. ) ;
#3384 =( NAMED_UNIT ( * ) SI_UNIT ( $, .STERADIAN. ) SOLID_ANGLE_UNIT ( ) );
#3385 = DIRECTION ( 'NONE',  ( -1.000000000000000000, 0.000000000000000000, 0.000000000000000000 ) ) ;
#3386 = UNCERTAINTY_MEASURE_WITH_UNIT (LENGTH_MEASURE( 1.000000000000000082E-05 ), #3732, 'distance_accuracy_value', 'NONE');
#3387 = EDGE_LOOP ( 'NONE', ( #2416, #3019, #1488, #1036 ) ) ;
#3388 = EDGE_CURVE ( 'NONE', #95, #1922, #2046, .T. ) ;
#3389 = VERTEX_POINT ( 'NONE', #284 ) ;
#3390 = LINE ( 'NONE', #3663, #481 ) ;
#3391 = CARTESIAN_POINT ( 'NONE',  ( 1.699999999999999956, 3.075000000000000178, -0.5000000000000000000 ) ) ;
#3392 = DIRECTION ( 'NONE',  ( 0.000000000000000000, -1.000000000000000000, 0.000000000000000000 ) ) ;
#3393 = ORIENTED_EDGE ( 'NONE', *, *, #1439, .T. ) ;
#3394 = DIRECTION ( 'NONE',  ( -1.000000000000000000, 0.000000000000000000, 0.000000000000000000 ) ) ;
#3395 = ORIENTED_EDGE ( 'NONE', *, *, #3727, .F. ) ;
#3396 = SURFACE_STYLE_USAGE ( .BOTH. , #517 ) ;
#3397 =( NAMED_UNIT ( * ) SI_UNIT ( $, .STERADIAN. ) SOLID_ANGLE_UNIT ( ) );
#3398 = ORIENTED_EDGE ( 'NONE', *, *, #2964, .F. ) ;
#3399 = VECTOR ( 'NONE', #3817, 1000.000000000000000 ) ;
#3400 = VECTOR ( 'NONE', #2278, 1000.000000000000000 ) ;
#3401 = MECHANICAL_DESIGN_GEOMETRIC_PRESENTATION_REPRESENTATION (  '', ( #532 ), #3740 ) ;
#3402 = LINE ( 'NONE', #228, #2075 ) ;
#3403 = ORIENTED_EDGE ( 'NONE', *, *, #2007, .T. ) ;
#3404 = AXIS2_PLACEMENT_3D ( 'NONE', #563, #2074, #3707 ) ;
#3405 = VECTOR ( 'NONE', #2567, 1000.000000000000000 ) ;
#3406 = LINE ( 'NONE', #3689, #2939 ) ;
#3407 = EDGE_CURVE ( 'NONE', #4084, #1733, #2212, .T. ) ;
#3408 = CARTESIAN_POINT ( 'NONE',  ( -2.446846872942035400, -2.932474686002150666, -0.1900000000000000300 ) ) ;
#3409 = VERTEX_POINT ( 'NONE', #2537 ) ;
#3410 = AXIS2_PLACEMENT_3D ( 'NONE', #2924, #244, #2122 ) ;
#3411 = DIRECTION ( 'NONE',  ( 0.000000000000000000, -1.000000000000000000, 0.000000000000000000 ) ) ;
#3412 = EDGE_CURVE ( 'NONE', #2771, #3052, #968, .T. ) ;
#3413 = DIRECTION ( 'NONE',  ( -1.000000000000000000, 0.000000000000000000, 0.000000000000000000 ) ) ;
#3414 = CARTESIAN_POINT ( 'NONE',  ( 2.429269594412790223, 0.6800000000000000488, -0.4699999999999999734 ) ) ;
#3415 = AXIS2_PLACEMENT_3D ( 'NONE', #840, #359, #2900 ) ;
#3416 = EDGE_LOOP ( 'NONE', ( #2173, #3729, #2209, #87, #2530, #1110, #2698, #3043, #3531, #3711, #4116, #325, #3690, #1965, #174, #2423, #591, #3221, #1474, #2730, #1644, #190, #3950, #3936, #3926, #2938, #2462, #2514, #575, #774, #1862, #122, #697, #731, #466, #1996 ) ) ;
#3417 = VERTEX_POINT ( 'NONE', #2670 ) ;
#3418 = EDGE_CURVE ( 'NONE', #1292, #2119, #456, .T. ) ;
#3419 = VECTOR ( 'NONE', #3118, 1000.000000000000000 ) ;
#3420 = FILL_AREA_STYLE ('',( #2441 ) ) ;
#3421 = EDGE_LOOP ( 'NONE', ( #106, #2528, #1483, #3242, #3904, #3588, #2625, #2689 ) ) ;
#3422 = DIRECTION ( 'NONE',  ( -1.000000000000000000, 0.000000000000000000, 0.000000000000000000 ) ) ;
#3423 = VERTEX_POINT ( 'NONE', #1993 ) ;
#3424 = PRESENTATION_STYLE_ASSIGNMENT (( #505 ) ) ;
#3425 =( LENGTH_UNIT ( ) NAMED_UNIT ( * ) SI_UNIT ( .MILLI., .METRE. ) );
#3426 = ORIENTED_EDGE ( 'NONE', *, *, #146, .T. ) ;
#3427 = FACE_OUTER_BOUND ( 'NONE', #3779, .T. ) ;
#3428 = EDGE_CURVE ( 'NONE', #3671, #4101, #1668, .T. ) ;
#3429 = CARTESIAN_POINT ( 'NONE',  ( -2.439999999999999947, 2.919999999999999929, -0.2390299093405380271 ) ) ;
#3430 = CARTESIAN_POINT ( 'NONE',  ( -2.446846872942029627, 2.912038606604139712, -0.1900000000000000022 ) ) ;
#3431 = CARTESIAN_POINT ( 'NONE',  ( -2.429269594412790223, 0.2200000000000000011, -0.5000000000000000000 ) ) ;
#3432 = VERTEX_POINT ( 'NONE', #3749 ) ;
#3433 = EDGE_LOOP ( 'NONE', ( #1070, #3800, #744, #2791 ) ) ;
#3434 = EDGE_CURVE ( 'NONE', #1985, #3087, #1154, .T. ) ;
#3435 = DIRECTION ( 'NONE',  ( -1.000000000000000000, 0.000000000000000000, 0.000000000000000000 ) ) ;
#3436 = LINE ( 'NONE', #579, #3463 ) ;
#3437 = ORIENTED_EDGE ( 'NONE', *, *, #2306, .F. ) ;
#3438 = ADVANCED_FACE ( 'NONE', ( #3899 ), #1024, .F. ) ;
#3439 = EDGE_CURVE ( 'NONE', #760, #1945, #2299, .T. ) ;
#3440 = LINE ( 'NONE', #1289, #457 ) ;
#3441 = ADVANCED_FACE ( 'NONE', ( #1588 ), #2849, .F. ) ;
#3442 = VERTEX_POINT ( 'NONE', #2948 ) ;
#3443 = DIRECTION ( 'NONE',  ( 0.000000000000000000, 1.000000000000000000, 0.000000000000000000 ) ) ;
#3444 = ORIENTED_EDGE ( 'NONE', *, *, #2663, .F. ) ;
#3445 = DIRECTION ( 'NONE',  ( 1.000000000000000000, 0.000000000000000000, 0.000000000000000000 ) ) ;
#3446 = LINE ( 'NONE', #1192, #3906 ) ;
#3447 = ORIENTED_EDGE ( 'NONE', *, *, #2681, .T. ) ;
#3448 = ORIENTED_EDGE ( 'NONE', *, *, #3538, .T. ) ;
#3449 = PRODUCT_DEFINITION_SHAPE ( 'NONE', 'NONE',  #1318 ) ;
#3450 = FACE_OUTER_BOUND ( 'NONE', #3736, .T. ) ;
#3451 = ADVANCED_FACE ( 'NONE', ( #513 ), #3697, .T. ) ;
#3452 = EDGE_CURVE ( 'NONE', #1750, #2929, #834, .T. ) ;
#3453 = LINE ( 'NONE', #1569, #2722 ) ;
#3454 = MECHANICAL_DESIGN_GEOMETRIC_PRESENTATION_REPRESENTATION (  '', ( #2919 ), #2780 ) ;
#3455 = ORIENTED_EDGE ( 'NONE', *, *, #712, .T. ) ;
#3456 = ORIENTED_EDGE ( 'NONE', *, *, #1746, .F. ) ;
#3457 = VECTOR ( 'NONE', #1973, 1000.000000000000000 ) ;
#3458 = EDGE_CURVE ( 'NONE', #3642, #210, #1367, .T. ) ;
#3459 = PRESENTATION_STYLE_ASSIGNMENT (( #1835 ) ) ;
#3460 = LINE ( 'NONE', #3520, #930 ) ;
#3461 =( NAMED_UNIT ( * ) SI_UNIT ( $, .STERADIAN. ) SOLID_ANGLE_UNIT ( ) );
#3462 = AXIS2_PLACEMENT_3D ( 'NONE', #3311, #444, #2084 ) ;
#3463 = VECTOR ( 'NONE', #1521, 1000.000000000000000 ) ;
#3464 = ORIENTED_EDGE ( 'NONE', *, *, #2964, .T. ) ;
#3465 = FACE_OUTER_BOUND ( 'NONE', #3114, .T. ) ;
#3466 = CARTESIAN_POINT ( 'NONE',  ( -2.000000000000000000, -2.936507972946180267, -0.5000000000000000000 ) ) ;
#3467 = VECTOR ( 'NONE', #1624, 1000.000000000000000 ) ;
#3468 = PRESENTATION_LAYER_ASSIGNMENT (  '', '', ( #1469 ) ) ;
#3469 = PRESENTATION_STYLE_ASSIGNMENT (( #611 ) ) ;
#3470 = DIRECTION ( 'NONE',  ( 1.000000000000000000, 0.000000000000000000, 0.000000000000000000 ) ) ;
#3471 = VERTEX_POINT ( 'NONE', #1054 ) ;
#3472 = FACE_OUTER_BOUND ( 'NONE', #548, .T. ) ;
#3473 = FACE_OUTER_BOUND ( 'NONE', #3717, .T. ) ;
#3474 = DIRECTION ( 'NONE',  ( 1.000000000000000000, 0.000000000000000000, 0.000000000000000000 ) ) ;
#3475 = VECTOR ( 'NONE', #2807, 1000.000000000000000 ) ;
#3476 = DIRECTION ( 'NONE',  ( 1.000000000000000000, 0.000000000000000000, 0.000000000000000000 ) ) ;
#3477 = FACE_OUTER_BOUND ( 'NONE', #2703, .T. ) ;
#3478 = AXIS2_PLACEMENT_3D ( 'NONE', #3085, #546, #566 ) ;
#3479 = EDGE_CURVE ( 'NONE', #3417, #971, #2987, .T. ) ;
#3480 = CARTESIAN_POINT ( 'NONE',  ( -1.674682176580450044, 2.934361085619389797, -0.4699999999999999734 ) ) ;
#3481 = VECTOR ( 'NONE', #833, 1000.000000000000000 ) ;
#3482 = AXIS2_PLACEMENT_3D ( 'NONE', #3731, #919, #3753 ) ;
#3483 = VERTEX_POINT ( 'NONE', #427 ) ;
#3484 = CARTESIAN_POINT ( 'NONE',  ( -2.429269594412790223, 0.2449999999999999956, -0.5000000000000000000 ) ) ;
#3485 = EDGE_CURVE ( 'NONE', #1360, #3606, #88, .T. ) ;
#3486 = DIRECTION ( 'NONE',  ( 1.000000000000000000, 0.000000000000000000, 0.000000000000000000 ) ) ;
#3487 = VERTEX_POINT ( 'NONE', #3669 ) ;
#3488 = EDGE_CURVE ( 'NONE', #589, #1792, #103, .T. ) ;
#3490 = MECHANICAL_DESIGN_GEOMETRIC_PRESENTATION_REPRESENTATION (  '', ( #1161 ), #278 ) ;
#3489 = CARTESIAN_POINT ( 'NONE',  ( 2.429269594412790223, 0.6800000000000000488, -0.5000000000000000000 ) ) ;
#3491 = CARTESIAN_POINT ( 'NONE',  ( -0.8653178234195509910, 2.500000000000000000, -0.5000000000000000000 ) ) ;
#3492 = FILL_AREA_STYLE_COLOUR ( '', #3179 ) ;
#3493 = DIRECTION ( 'NONE',  ( 0.000000000000000000, 0.000000000000000000, 1.000000000000000000 ) ) ;
#3494 = VERTEX_POINT ( 'NONE', #1105 ) ;
#3495 = CARTESIAN_POINT ( 'NONE',  ( -0.8400000000000000799, 3.075000000000000178, -0.2200000000000000011 ) ) ;
#3496 = DIRECTION ( 'NONE',  ( 0.000000000000000000, 0.000000000000000000, 1.000000000000000000 ) ) ;
#3497 = DIRECTION ( 'NONE',  ( -1.000000000000000000, 0.000000000000000000, 0.000000000000000000 ) ) ;
#3498 = LINE ( 'NONE', #1905, #3677 ) ;
#3499 = LINE ( 'NONE', #408, #1007 ) ;
#3500 = DIRECTION ( 'NONE',  ( 0.000000000000000000, -1.000000000000000000, 0.000000000000000000 ) ) ;
#3501 = CARTESIAN_POINT ( 'NONE',  ( -2.419999999999999929, -2.919999999999999929, -0.1900000000000000022 ) ) ;
#3502 = LINE ( 'NONE', #1616, #1598 ) ;
#3503 = ORIENTED_EDGE ( 'NONE', *, *, #1011, .F. ) ;
#3504 = ORIENTED_EDGE ( 'NONE', *, *, #1870, .T. ) ;
#3505 = DIRECTION ( 'NONE',  ( -1.000000000000000000, 0.000000000000000000, 0.000000000000000000 ) ) ;
#3506 = ORIENTED_EDGE ( 'NONE', *, *, #1774, .T. ) ;
#3507 = CARTESIAN_POINT ( 'NONE',  ( -1.590000000000000080, -3.075000000000000178, -0.5000000000000000000 ) ) ;
#3508 = FILL_AREA_STYLE_COLOUR ( '', #3521 ) ;
#3509 = ADVANCED_FACE ( 'NONE', ( #2314 ), #2338, .T. ) ;
#3510 = DIRECTION ( 'NONE',  ( 0.000000000000000000, 0.000000000000000000, 1.000000000000000000 ) ) ;
#3511 = ADVANCED_FACE ( 'NONE', ( #1697 ), #464, .F. ) ;
#3512 = ORIENTED_EDGE ( 'NONE', *, *, #143, .F. ) ;
#3513 = DIRECTION ( 'NONE',  ( -8.031127203596350323E-16, -1.000000000000000000, 0.000000000000000000 ) ) ;
#3514 = CARTESIAN_POINT ( 'NONE',  ( -2.000000000000000000, -2.949999999999999734, -0.4699999999999999734 ) ) ;
#3515 = DIRECTION ( 'NONE',  ( 1.000000000000000000, 0.000000000000000000, 0.000000000000000000 ) ) ;
#3516 = CARTESIAN_POINT ( 'NONE',  ( -2.135317823419550010, 2.934361085619389797, -0.4699999999999999734 ) ) ;
#3517 = VERTEX_POINT ( 'NONE', #2696 ) ;
#3518 = ORIENTED_EDGE ( 'NONE', *, *, #2413, .F. ) ;
#3519 = CARTESIAN_POINT ( 'NONE',  ( 0.4046821765804490267, 2.934361085619389797, -0.5000000000000000000 ) ) ;
#3520 = CARTESIAN_POINT ( 'NONE',  ( -1.699999999999999956, 2.939999999999999947, -0.2200000000000000011 ) ) ;
#3521 = COLOUR_RGB ( '',0.2000000000000000111, 0.2000000000000000111, 0.2000000000000000111 ) ;
#3522 = VERTEX_POINT ( 'NONE', #3991 ) ;
#3523 = MECHANICAL_DESIGN_GEOMETRIC_PRESENTATION_REPRESENTATION (  '', ( #2993 ), #2072 ) ;
#3524 = SURFACE_SIDE_STYLE ('',( #1361 ) ) ;
#3525 = CARTESIAN_POINT ( 'NONE',  ( -0.4046821765804490267, 2.500000000000000000, -0.4699999999999999734 ) ) ;
#3526 = ADVANCED_FACE ( 'NONE', ( #1120 ), #3354, .T. ) ;
#3527 = CARTESIAN_POINT ( 'NONE',  ( -2.418492292649740083, 2.883684026311849724, 0.07977581084733080530 ) ) ;
#3528 = VECTOR ( 'NONE', #3004, 1000.000000000000000 ) ;
#3529 = CARTESIAN_POINT ( 'NONE',  ( -0.4299999999999999933, 3.075000000000000178, -0.5000000000000000000 ) ) ;
#3530 = ORIENTED_EDGE ( 'NONE', *, *, #1833, .T. ) ;
#3531 = ORIENTED_EDGE ( 'NONE', *, *, #392, .T. ) ;
#3532 = CIRCLE ( 'NONE', #2078, 0.2000000000000000944 ) ;
#3533 = MECHANICAL_DESIGN_GEOMETRIC_PRESENTATION_REPRESENTATION (  '', ( #2324 ), #255 ) ;
#3534 = DIRECTION ( 'NONE',  ( 1.000000000000000000, 0.000000000000000000, 0.000000000000000000 ) ) ;
#3535 = EDGE_CURVE ( 'NONE', #582, #272, #4008, .T. ) ;
#3536 = VECTOR ( 'NONE', #3712, 1000.000000000000000 ) ;
#3537 = CARTESIAN_POINT ( 'NONE',  ( 2.419999999999999929, 2.919999999999999929, -0.2390299093405380271 ) ) ;
#3538 = EDGE_CURVE ( 'NONE', #2119, #295, #2741, .T. ) ;
#3539 = SURFACE_SIDE_STYLE ('',( #2569 ) ) ;
#3540 = FILL_AREA_STYLE_COLOUR ( '', #1408 ) ;
#3541 = VECTOR ( 'NONE', #3164, 1000.000000000000000 ) ;
#3542 = LINE ( 'NONE', #689, #30 ) ;
#3543 = CARTESIAN_POINT ( 'NONE',  ( 0.4299999999999999933, 3.075000000000000178, -0.5000000000000000000 ) ) ;
#3544 = CARTESIAN_POINT ( 'NONE',  ( 2.389088080355100008, -2.923896346692989923, 0.02835967114959169963 ) ) ;
#3545 = ORIENTED_EDGE ( 'NONE', *, *, #2244, .T. ) ;
#3546 = ORIENTED_EDGE ( 'NONE', *, *, #3320, .F. ) ;
#3547 = PRESENTATION_LAYER_ASSIGNMENT (  '', '', ( #3281 ) ) ;
#3548 = PRESENTATION_LAYER_ASSIGNMENT (  '', '', ( #2341 ) ) ;
#3549 = DIRECTION ( 'NONE',  ( 0.000000000000000000, 0.000000000000000000, -1.000000000000000000 ) ) ;
#3550 = CARTESIAN_POINT ( 'NONE',  ( 0.8400000000000000799, 2.939999999999999947, -0.4699999999999999734 ) ) ;
#3551 = EDGE_LOOP ( 'NONE', ( #3241, #3871, #2891, #3341, #1014, #10 ) ) ;
#3552 = CARTESIAN_POINT ( 'NONE',  ( 2.419999999999999929, -2.919999999999999929, -0.1900000000000000022 ) ) ;
#3553 = CARTESIAN_POINT ( 'NONE',  ( -2.000000000000000000, -2.936507972946180267, -0.4699999999999999734 ) ) ;
#3554 = LINE ( 'NONE', #946, #2922 ) ;
#3555 = ORIENTED_EDGE ( 'NONE', *, *, #3003, .F. ) ;
#3556 = AXIS2_PLACEMENT_3D ( 'NONE', #593, #908, #1858 ) ;
#3557 = ORIENTED_EDGE ( 'NONE', *, *, #1614, .F. ) ;
#3558 = FACE_OUTER_BOUND ( 'NONE', #569, .T. ) ;
#3559 = CARTESIAN_POINT ( 'NONE',  ( 2.575000000000000178, 0.6550000000000000266, -0.2200000000000000011 ) ) ;
#3560 =( NAMED_UNIT ( * ) PLANE_ANGLE_UNIT ( ) SI_UNIT ( $, .RADIAN. ) );
#3561 = ORIENTED_EDGE ( 'NONE', *, *, #3024, .F. ) ;
#3562 = DIRECTION ( 'NONE',  ( 0.000000000000000000, 0.000000000000000000, -1.000000000000000000 ) ) ;
#3563 = CARTESIAN_POINT ( 'NONE',  ( 2.439999999999999947, -2.919999999999999929, -0.4699999999999999734 ) ) ;
#3564 = LINE ( 'NONE', #3270, #3207 ) ;
#3565 = EDGE_CURVE ( 'NONE', #1213, #2861, #3050, .T. ) ;
#3566 = CARTESIAN_POINT ( 'NONE',  ( 0.000000000000000000, 0.000000000000000000, -0.5000000000000000000 ) ) ;
#3567 = EDGE_CURVE ( 'NONE', #971, #1823, #3089, .T. ) ;
#3568 = ORIENTED_EDGE ( 'NONE', *, *, #2178, .T. ) ;
#3569 = ORIENTED_EDGE ( 'NONE', *, *, #1118, .F. ) ;
#3570 = SURFACE_SIDE_STYLE ('',( #1988 ) ) ;
#3571 = DIRECTION ( 'NONE',  ( 0.000000000000000000, 0.000000000000000000, 1.000000000000000000 ) ) ;
#3572 = FACE_OUTER_BOUND ( 'NONE', #1787, .T. ) ;
#3573 = VERTEX_POINT ( 'NONE', #3125 ) ;
#3574 = CARTESIAN_POINT ( 'NONE',  ( 0.8400000000000000799, 3.075000000000000178, -0.2200000000000000011 ) ) ;
#3575 = ORIENTED_EDGE ( 'NONE', *, *, #1931, .T. ) ;
#3576 = ORIENTED_EDGE ( 'NONE', *, *, #1419, .T. ) ;
#3577 = EDGE_LOOP ( 'NONE', ( #984, #2131, #3929, #2775 ) ) ;
#3578 = DIRECTION ( 'NONE',  ( 0.000000000000000000, 0.000000000000000000, 1.000000000000000000 ) ) ;
#3579 = LINE ( 'NONE', #993, #2800 ) ;
#3580 = CARTESIAN_POINT ( 'NONE',  ( -2.000000000000000000, -2.939999999999999947, -0.4699999999999999734 ) ) ;
#3581 = DIRECTION ( 'NONE',  ( 0.000000000000000000, 0.000000000000000000, 1.000000000000000000 ) ) ;
#3582 = ORIENTED_EDGE ( 'NONE', *, *, #961, .F. ) ;
#3583 = LINE ( 'NONE', #3194, #874 ) ;
#3584 = ORIENTED_EDGE ( 'NONE', *, *, #3796, .F. ) ;
#3585 = EDGE_CURVE ( 'NONE', #2556, #2668, #756, .T. ) ;
#3586 = CARTESIAN_POINT ( 'NONE',  ( 0.4299999999999999933, 2.939999999999999947, -0.4699999999999999734 ) ) ;
#3587 = CARTESIAN_POINT ( 'NONE',  ( -2.419999999999999929, 2.919999999999999929, -0.2390299093405380271 ) ) ;
#3588 = ORIENTED_EDGE ( 'NONE', *, *, #3940, .F. ) ;
#3589 = EDGE_CURVE ( 'NONE', #2823, #3834, #4032, .T. ) ;
#3590 = LINE ( 'NONE', #728, #3676 ) ;
#3591 = PLANE ( 'NONE',  #1403 ) ;
#3592 = ORIENTED_EDGE ( 'NONE', *, *, #1217, .T. ) ;
#3593 = CARTESIAN_POINT ( 'NONE',  ( -0.8400000000000000799, 2.939999999999999947, -0.5000000000000000000 ) ) ;
#3594 = ADVANCED_FACE ( 'NONE', ( #2154 ), #1493, .T. ) ;
#3595 = STYLED_ITEM ( 'NONE', ( #1057 ), #794 ) ;
#3596 = FILL_AREA_STYLE ('',( #3911 ) ) ;
#3597 = VERTEX_POINT ( 'NONE', #1874 ) ;
#3598 = VECTOR ( 'NONE', #1317, 1000.000000000000000 ) ;
#3599 = VERTEX_POINT ( 'NONE', #1553 ) ;
#3600 = EDGE_CURVE ( 'NONE', #149, #574, #1738, .T. ) ;
#3601 = DIRECTION ( 'NONE',  ( -0.1039620511844971951, 0.1039620511844980000, -0.9891328443778539814 ) ) ;
#3602 = VECTOR ( 'NONE', #2815, 1000.000000000000000 ) ;
#3603 = CARTESIAN_POINT ( 'NONE',  ( 0.8400000000000000799, 2.939999999999999947, -0.5000000000000000000 ) ) ;
#3604 = DIRECTION ( 'NONE',  ( 1.000000000000000000, 0.000000000000000000, 0.000000000000000000 ) ) ;
#3605 = VECTOR ( 'NONE', #3735, 1000.000000000000000 ) ;
#3606 = VERTEX_POINT ( 'NONE', #3031 ) ;
#3607 = AXIS2_PLACEMENT_3D ( 'NONE', #4089, #910, #2482 ) ;
#3608 = UNCERTAINTY_MEASURE_WITH_UNIT (LENGTH_MEASURE( 1.000000000000000082E-05 ), #1476, 'distance_accuracy_value', 'NONE');
#3609 = DIRECTION ( 'NONE',  ( -1.000000000000000000, 0.000000000000000000, 0.000000000000000000 ) ) ;
#3610 = VECTOR ( 'NONE', #3338, 1000.000000000000000 ) ;
#3611 = CARTESIAN_POINT ( 'NONE',  ( 0.000000000000000000, 0.000000000000000000, -0.5000000000000000000 ) ) ;
#3612 =( NAMED_UNIT ( * ) SI_UNIT ( $, .STERADIAN. ) SOLID_ANGLE_UNIT ( ) );
#3613 = VERTEX_POINT ( 'NONE', #741 ) ;
#3614 = VECTOR ( 'NONE', #1928, 1000.000000000000000 ) ;
#3615 = DIRECTION ( 'NONE',  ( 0.000000000000000000, 0.000000000000000000, -1.000000000000000000 ) ) ;
#3616 = CARTESIAN_POINT ( 'NONE',  ( -0.4046821765804490267, 2.934361085619389797, -0.5000000000000000000 ) ) ;
#3617 = LINE ( 'NONE', #753, #2726 ) ;
#3618 = EDGE_CURVE ( 'NONE', #3819, #1607, #153, .T. ) ;
#3619 = VERTEX_POINT ( 'NONE', #102 ) ;
#3620 = SURFACE_STYLE_USAGE ( .BOTH. , #3524 ) ;
#3621 = CARTESIAN_POINT ( 'NONE',  ( 2.109999999999999876, 2.934361085619389797, -0.5000000000000000000 ) ) ;
#3622 = CIRCLE ( 'NONE', #2534, 0.03499999999999999639 ) ;
#3623 = EDGE_CURVE ( 'NONE', #2584, #971, #2358, .T. ) ;
#3624 = ADVANCED_FACE ( 'NONE', ( #1675 ), #133, .F. ) ;
#3625 = ORIENTED_EDGE ( 'NONE', *, *, #3618, .F. ) ;
#3626 = PRESENTATION_STYLE_ASSIGNMENT (( #2357 ) ) ;
#3627 = DIRECTION ( 'NONE',  ( 0.000000000000000000, 1.000000000000000000, 0.000000000000000000 ) ) ;
#3628 = DIRECTION ( 'NONE',  ( -7.375524982894588548E-17, -1.000000000000000000, 0.000000000000000000 ) ) ;
#3629 = EDGE_CURVE ( 'NONE', #376, #183, #1038, .T. ) ;
#3630 = DIRECTION ( 'NONE',  ( 0.000000000000000000, 1.000000000000000000, 0.000000000000000000 ) ) ;
#3631 = VECTOR ( 'NONE', #1629, 1000.000000000000000 ) ;
#3632 = CARTESIAN_POINT ( 'NONE',  ( 2.429269594412790223, 0.6550000000000000266, -0.4699999999999999734 ) ) ;
#3633 = VERTEX_POINT ( 'NONE', #3580 ) ;
#3634 = ORIENTED_EDGE ( 'NONE', *, *, #708, .T. ) ;
#3635 = CARTESIAN_POINT ( 'NONE',  ( 1.554999999999999938, -2.500000000000000000, -0.4699999999999999734 ) ) ;
#3636 = LINE ( 'NONE', #3586, #1487 ) ;
#3637 = LINE ( 'NONE', #793, #3269 ) ;
#3638 = ORIENTED_EDGE ( 'NONE', *, *, #957, .T. ) ;
#3639 = AXIS2_PLACEMENT_3D ( 'NONE', #89, #2052, #1353 ) ;
#3640 = DIRECTION ( 'NONE',  ( 2.464095846557959961E-16, -1.000000000000000000, 0.000000000000000000 ) ) ;
#3641 = FACE_OUTER_BOUND ( 'NONE', #1781, .T. ) ;
#3642 = VERTEX_POINT ( 'NONE', #764 ) ;
#3643 = CARTESIAN_POINT ( 'NONE',  ( 1.590000000000000080, -3.075000000000000178, -0.4699999999999999734 ) ) ;
#3644 = VERTEX_POINT ( 'NONE', #1714 ) ;
#3645 = EDGE_LOOP ( 'NONE', ( #3946, #1235, #1378, #3789 ) ) ;
#3646 = CARTESIAN_POINT ( 'NONE',  ( -0.8653178234195509910, 2.934361085619389797, -0.5000000000000000000 ) ) ;
#3647 = EDGE_CURVE ( 'NONE', #1856, #2600, #2986, .T. ) ;
#3648 = DIRECTION ( 'NONE',  ( 0.000000000000000000, 0.000000000000000000, 1.000000000000000000 ) ) ;
#3649 = LINE ( 'NONE', #104, #1261 ) ;
#3650 = ORIENTED_EDGE ( 'NONE', *, *, #2180, .F. ) ;
#3651 = DIRECTION ( 'NONE',  ( 0.000000000000000000, 0.000000000000000000, 1.000000000000000000 ) ) ;
#3652 = ORIENTED_EDGE ( 'NONE', *, *, #3934, .F. ) ;
#3653 = CYLINDRICAL_SURFACE ( 'NONE', #2130, 0.03499999999999999639 ) ;
#3654 = FACE_OUTER_BOUND ( 'NONE', #304, .T. ) ;
#3655 = ADVANCED_FACE ( 'NONE', ( #1760 ), #3288, .F. ) ;
#3656 = PLANE ( 'NONE',  #3639 ) ;
#3657 = ORIENTED_EDGE ( 'NONE', *, *, #3138, .F. ) ;
#3658 = DIRECTION ( 'NONE',  ( 4.928191693115919923E-16, -1.000000000000000000, 0.000000000000000000 ) ) ;
#3659 = DIRECTION ( 'NONE',  ( 0.000000000000000000, -0.9945218953682735119, 0.1045284632676530545 ) ) ;
#3660 = FACE_OUTER_BOUND ( 'NONE', #1622, .T. ) ;
#3661 = ORIENTED_EDGE ( 'NONE', *, *, #3277, .T. ) ;
#3662 = EDGE_LOOP ( 'NONE', ( #3015, #4044, #1185, #2493, #4035, #1775, #1725, #1202 ) ) ;
#3663 = CARTESIAN_POINT ( 'NONE',  ( 2.100000000000000089, -2.137027193381950241, -0.5000000000000000000 ) ) ;
#3664 = EDGE_CURVE ( 'NONE', #3619, #2425, #2063, .T. ) ;
#3665 = LINE ( 'NONE', #803, #1587 ) ;
#3666 = PLANE ( 'NONE',  #1601 ) ;
#3667 = DIRECTION ( 'NONE',  ( 7.375524982894588548E-17, 1.000000000000000000, 0.000000000000000000 ) ) ;
#3668 = VECTOR ( 'NONE', #404, 1000.000000000000000 ) ;
#3669 = CARTESIAN_POINT ( 'NONE',  ( -2.429269594412790223, 0.2449999999999999956, -0.4699999999999999734 ) ) ;
#3670 = ORIENTED_EDGE ( 'NONE', *, *, #3092, .F. ) ;
#3671 = VERTEX_POINT ( 'NONE', #405 ) ;
#3672 = EDGE_CURVE ( 'NONE', #2619, #183, #1999, .T. ) ;
#3673 = AXIS2_PLACEMENT_3D ( 'NONE', #499, #4126, #2483 ) ;
#3674 = DIRECTION ( 'NONE',  ( 1.000000000000000000, 0.000000000000000000, 0.000000000000000000 ) ) ;
#3675 = CARTESIAN_POINT ( 'NONE',  ( -2.439999999999999947, -2.919999999999999929, -0.4699999999999999734 ) ) ;
#3676 = VECTOR ( 'NONE', #1396, 1000.000000000000000 ) ;
#3677 = VECTOR ( 'NONE', #3167, 1000.000000000000000 ) ;
#3678 = LINE ( 'NONE', #1984, #348 ) ;
#3679 = ORIENTED_EDGE ( 'NONE', *, *, #1533, .T. ) ;
#3680 = EDGE_CURVE ( 'NONE', #2762, #3834, #806, .T. ) ;
#3681 = VECTOR ( 'NONE', #909, 1000.000000000000000 ) ;
#3682 = FACE_OUTER_BOUND ( 'NONE', #3715, .T. ) ;
#3683 =( NAMED_UNIT ( * ) PLANE_ANGLE_UNIT ( ) SI_UNIT ( $, .RADIAN. ) );
#3684 = UNCERTAINTY_MEASURE_WITH_UNIT (LENGTH_MEASURE( 1.000000000000000082E-05 ), #798, 'distance_accuracy_value', 'NONE');
#3685 = ORIENTED_EDGE ( 'NONE', *, *, #2305, .F. ) ;
#3686 = AXIS2_PLACEMENT_3D ( 'NONE', #1276, #4112, #3776 ) ;
#3687 = SURFACE_SIDE_STYLE ('',( #1753 ) ) ;
#3688 = VECTOR ( 'NONE', #648, 1000.000000000000114 ) ;
#3689 = CARTESIAN_POINT ( 'NONE',  ( 0.4299999999999999933, 2.939999999999999947, -0.2200000000000000011 ) ) ;
#3690 = ORIENTED_EDGE ( 'NONE', *, *, #1373, .F. ) ;
#3691 = AXIS2_PLACEMENT_3D ( 'NONE', #1778, #1537, #572 ) ;
#3692 = ORIENTED_EDGE ( 'NONE', *, *, #1099, .F. ) ;
#3693 = VECTOR ( 'NONE', #147, 1000.000000000000000 ) ;
#3694 = CARTESIAN_POINT ( 'NONE',  ( 2.034999999999999698, -2.936507972946180267, -0.4699999999999999734 ) ) ;
#3695 = LINE ( 'NONE', #2755, #1405 ) ;
#3696 = VECTOR ( 'NONE', #2042, 1000.000000000000000 ) ;
#3697 = PLANE ( 'NONE',  #1740 ) ;
#3698 = LINE ( 'NONE', #189, #202 ) ;
#3699 = CARTESIAN_POINT ( 'NONE',  ( -2.135317823419550010, 2.934361085619389797, -0.4699999999999999734 ) ) ;
#3700 = VERTEX_POINT ( 'NONE', #1160 ) ;
#3701 = CARTESIAN_POINT ( 'NONE',  ( 2.034999999999999698, -2.936507972946180267, -0.5000000000000000000 ) ) ;
#3702 = DIRECTION ( 'NONE',  ( 0.000000000000000000, 0.000000000000000000, 1.000000000000000000 ) ) ;
#3703 = ORIENTED_EDGE ( 'NONE', *, *, #2499, .T. ) ;
#3704 = LINE ( 'NONE', #1524, #3265 ) ;
#3705 = AXIS2_PLACEMENT_3D ( 'NONE', #791, #1447, #3037 ) ;
#3706 = ADVANCED_FACE ( 'NONE', ( #187 ), #234, .F. ) ;
#3707 = DIRECTION ( 'NONE',  ( 0.000000000000000000, 0.000000000000000000, 1.000000000000000000 ) ) ;
#3708 = ORIENTED_EDGE ( 'NONE', *, *, #1591, .F. ) ;
#3709 = LINE ( 'NONE', #2393, #4027 ) ;
#3710 = CARTESIAN_POINT ( 'NONE',  ( -2.446846872942029627, -2.912038606604139712, -0.1900000000000000022 ) ) ;
#3711 = ORIENTED_EDGE ( 'NONE', *, *, #3565, .F. ) ;
#3712 = DIRECTION ( 'NONE',  ( 0.000000000000000000, 0.000000000000000000, 1.000000000000000000 ) ) ;
#3713 = LINE ( 'NONE', #2473, #1351 ) ;
#3714 = CARTESIAN_POINT ( 'NONE',  ( 2.000000000000000000, 0.2200000000000000011, -0.5000000000000000000 ) ) ;
#3715 = EDGE_LOOP ( 'NONE', ( #3582, #2399, #2724, #3795 ) ) ;
#3716 = FILL_AREA_STYLE_COLOUR ( '', #7 ) ;
#3717 = EDGE_LOOP ( 'NONE', ( #4077, #2896, #3592, #3162 ) ) ;
#3718 = CARTESIAN_POINT ( 'NONE',  ( -2.342810809058290200, 2.842810809058290200, 0.4650000000000000244 ) ) ;
#3719 =( LENGTH_UNIT ( ) NAMED_UNIT ( * ) SI_UNIT ( .MILLI., .METRE. ) );
#3720 = ORIENTED_EDGE ( 'NONE', *, *, #3585, .F. ) ;
#3721 = DIRECTION ( 'NONE',  ( -1.000000000000000000, 1.245913441319920111E-14, 0.000000000000000000 ) ) ;
#3722 = EDGE_CURVE ( 'NONE', #2081, #3389, #571, .T. ) ;
#3723 = DIRECTION ( 'NONE',  ( -0.000000000000000000, 1.000000000000000000, 0.000000000000000000 ) ) ;
#3724 =( LENGTH_UNIT ( ) NAMED_UNIT ( * ) SI_UNIT ( .MILLI., .METRE. ) );
#3725 = ORIENTED_EDGE ( 'NONE', *, *, #987, .F. ) ;
#3726 = CARTESIAN_POINT ( 'NONE',  ( -2.000000000000000000, 0.6800000000000000488, -0.4699999999999999734 ) ) ;
#3727 = EDGE_CURVE ( 'NONE', #2081, #989, #3048, .T. ) ;
#3728 = CARTESIAN_POINT ( 'NONE',  ( 2.432474686002150221, -2.946846872942035400, -0.1900000000000000300 ) ) ;
#3729 = ORIENTED_EDGE ( 'NONE', *, *, #1991, .F. ) ;
#3730 = EDGE_CURVE ( 'NONE', #810, #1355, #512, .T. ) ;
#3731 = CARTESIAN_POINT ( 'NONE',  ( 0.000000000000000000, 0.000000000000000000, 0.000000000000000000 ) ) ;
#3732 =( LENGTH_UNIT ( ) NAMED_UNIT ( * ) SI_UNIT ( .MILLI., .METRE. ) );
#3733 = FACE_OUTER_BOUND ( 'NONE', #1884, .T. ) ;
#3734 = CARTESIAN_POINT ( 'NONE',  ( 0.000000000000000000, 0.000000000000000000, -0.2200000000000000011 ) ) ;
#3735 = DIRECTION ( 'NONE',  ( -1.000000000000000000, 0.000000000000000000, 0.000000000000000000 ) ) ;
#3736 = EDGE_LOOP ( 'NONE', ( #2311, #3381, #2066, #3739, #737, #4011 ) ) ;
#3737 = DIRECTION ( 'NONE',  ( 4.336808689942010636E-15, -1.000000000000000000, 0.000000000000000000 ) ) ;
#3738 = UNCERTAINTY_MEASURE_WITH_UNIT (LENGTH_MEASURE( 1.000000000000000082E-05 ), #1422, 'distance_accuracy_value', 'NONE');
#3739 = ORIENTED_EDGE ( 'NONE', *, *, #1491, .T. ) ;
#3740 =( GEOMETRIC_REPRESENTATION_CONTEXT ( 3 ) GLOBAL_UNCERTAINTY_ASSIGNED_CONTEXT ( ( #3960 ) ) GLOBAL_UNIT_ASSIGNED_CONTEXT ( ( #922, #1882, #1013 ) ) REPRESENTATION_CONTEXT ( 'NONE', 'WORKASPACE' ) );
#3741 = VECTOR ( 'NONE', #4004, 1000.000000000000000 ) ;
#3742 = VECTOR ( 'NONE', #3909, 1000.000000000000000 ) ;
#3743 = PLANE ( 'NONE',  #668 ) ;
#3744 = DIRECTION ( 'NONE',  ( 7.375524982894588548E-17, 1.000000000000000000, 0.000000000000000000 ) ) ;
#3745 = EDGE_CURVE ( 'NONE', #760, #816, #905, .T. ) ;
#3746 = VECTOR ( 'NONE', #650, 1000.000000000000000 ) ;
#3747 = VECTOR ( 'NONE', #3866, 1000.000000000000000 ) ;
#3748 = DIRECTION ( 'NONE',  ( 0.000000000000000000, 0.000000000000000000, 1.000000000000000000 ) ) ;
#3749 = CARTESIAN_POINT ( 'NONE',  ( -2.034999999999999698, -2.936507972946180267, -0.4699999999999999734 ) ) ;
#3750 = VECTOR ( 'NONE', #2550, 1000.000000000000114 ) ;
#3751 = EDGE_CURVE ( 'NONE', #1062, #1155, #3446, .T. ) ;
#3752 = ORIENTED_EDGE ( 'NONE', *, *, #3922, .T. ) ;
#3753 = DIRECTION ( 'NONE',  ( 1.000000000000000000, 0.000000000000000000, 0.000000000000000000 ) ) ;
#3754 = CARTESIAN_POINT ( 'NONE',  ( -2.389088080355100008, -2.889088080355100008, 0.02470117493522380053 ) ) ;
#3755 = VECTOR ( 'NONE', #2687, 1000.000000000000000 ) ;
#3756 = LINE ( 'NONE', #3072, #2146 ) ;
#3757 = DIRECTION ( 'NONE',  ( 0.000000000000000000, 0.000000000000000000, 1.000000000000000000 ) ) ;
#3758 = EDGE_CURVE ( 'NONE', #769, #2044, #890, .T. ) ;
#3759 = DIRECTION ( 'NONE',  ( -7.375524982894588548E-17, -1.000000000000000000, 0.000000000000000000 ) ) ;
#3760 = EDGE_CURVE ( 'NONE', #3206, #3819, #1137, .T. ) ;
#3761 = VERTEX_POINT ( 'NONE', #1464 ) ;
#3762 = VECTOR ( 'NONE', #2153, 1000.000000000000000 ) ;
#3763 = ORIENTED_EDGE ( 'NONE', *, *, #2026, .F. ) ;
#3764 = LINE ( 'NONE', #872, #4091 ) ;
#3765 = EDGE_CURVE ( 'NONE', #3671, #1733, #1838, .T. ) ;
#3766 = ORIENTED_EDGE ( 'NONE', *, *, #1097, .F. ) ;
#3767 = DIRECTION ( 'NONE',  ( 0.000000000000000000, 0.000000000000000000, 1.000000000000000000 ) ) ;
#3768 = ORIENTED_EDGE ( 'NONE', *, *, #3277, .F. ) ;
#3769 = VERTEX_POINT ( 'NONE', #4080 ) ;
#3770 = DIRECTION ( 'NONE',  ( -1.000000000000000000, 7.375524982894588548E-17, 0.000000000000000000 ) ) ;
#3771 = DIRECTION ( 'NONE',  ( 0.000000000000000000, 0.000000000000000000, 1.000000000000000000 ) ) ;
#3772 = PRESENTATION_STYLE_ASSIGNMENT (( #2752 ) ) ;
#3773 = VECTOR ( 'NONE', #73, 1000.000000000000000 ) ;
#3774 = ORIENTED_EDGE ( 'NONE', *, *, #961, .T. ) ;
#3775 =( NAMED_UNIT ( * ) SI_UNIT ( $, .STERADIAN. ) SOLID_ANGLE_UNIT ( ) );
#3776 = DIRECTION ( 'NONE',  ( 1.000000000000000000, 0.000000000000000000, 0.000000000000000000 ) ) ;
#3777 = DIRECTION ( 'NONE',  ( 1.000000000000000000, 1.245913441319920111E-14, 0.000000000000000000 ) ) ;
#3778 = EDGE_LOOP ( 'NONE', ( #2215, #1596, #3504, #3308 ) ) ;
#3779 = EDGE_LOOP ( 'NONE', ( #1495, #843, #2887, #1921, #2059, #2086 ) ) ;
#3780 = EDGE_CURVE ( 'NONE', #2295, #1146, #3713, .T. ) ;
#3781 = CARTESIAN_POINT ( 'NONE',  ( 0.8653178234195509910, 2.934361085619389797, -0.4699999999999999734 ) ) ;
#3782 = EDGE_CURVE ( 'NONE', #3819, #1050, #1681, .T. ) ;
#3783 = FILL_AREA_STYLE ('',( #1502 ) ) ;
#3784 =( NAMED_UNIT ( * ) PLANE_ANGLE_UNIT ( ) SI_UNIT ( $, .RADIAN. ) );
#3785 = EDGE_CURVE ( 'NONE', #1670, #2405, #53, .T. ) ;
#3786 = EDGE_LOOP ( 'NONE', ( #1829, #959, #1350, #430 ) ) ;
#3787 = VERTEX_POINT ( 'NONE', #1012 ) ;
#3788 = CARTESIAN_POINT ( 'NONE',  ( 2.000000000000000000, 1.149999999999999911, -0.4699999999999999734 ) ) ;
#3789 = ORIENTED_EDGE ( 'NONE', *, *, #3855, .T. ) ;
#3790 = CARTESIAN_POINT ( 'NONE',  ( -1.699999999999999956, 2.939999999999999947, -0.5000000000000000000 ) ) ;
#3791 = DIRECTION ( 'NONE',  ( 1.302334173856840009E-15, 1.000000000000000000, 1.239088197126290038E-14 ) ) ;
#3792 = FACE_OUTER_BOUND ( 'NONE', #1505, .T. ) ;
#3793 = DIRECTION ( 'NONE',  ( -1.248042479380319792E-16, 1.000000000000000000, 0.000000000000000000 ) ) ;
#3794 = ORIENTED_EDGE ( 'NONE', *, *, #2474, .T. ) ;
#3795 = ORIENTED_EDGE ( 'NONE', *, *, #108, .F. ) ;
#3796 = EDGE_CURVE ( 'NONE', #3076, #870, #97, .T. ) ;
#3797 = CARTESIAN_POINT ( 'NONE',  ( -0.8400000000000000799, 2.939999999999999947, -0.5000000000000000000 ) ) ;
#3798 = CARTESIAN_POINT ( 'NONE',  ( 2.135317823419550010, 2.934361085619389797, -0.4699999999999999734 ) ) ;
#3799 = PRODUCT ( 'NVMFS5C645NLAFT1G', 'NVMFS5C645NLAFT1G', '', ( #886 ) ) ;
#3800 = ORIENTED_EDGE ( 'NONE', *, *, #3041, .F. ) ;
#3801 = EDGE_CURVE ( 'NONE', #3956, #2458, #2018, .T. ) ;
#3802 = DIRECTION ( 'NONE',  ( 0.000000000000000000, 0.000000000000000000, 1.000000000000000000 ) ) ;
#3803 = LINE ( 'NONE', #1263, #2073 ) ;
#3804 = ADVANCED_FACE ( 'NONE', ( #3325 ), #116, .F. ) ;
#3805 = AXIS2_PLACEMENT_3D ( 'NONE', #972, #1281, #2540 ) ;
#3806 = ORIENTED_EDGE ( 'NONE', *, *, #338, .F. ) ;
#3807 = ORIENTED_EDGE ( 'NONE', *, *, #2061, .F. ) ;
#3808 = AXIS2_PLACEMENT_3D ( 'NONE', #1846, #662, #2571 ) ;
#3809 = EDGE_CURVE ( 'NONE', #2929, #296, #1362, .T. ) ;
#3810 = DIRECTION ( 'NONE',  ( 0.000000000000000000, 0.000000000000000000, 1.000000000000000000 ) ) ;
#3811 = PLANE ( 'NONE',  #998 ) ;
#3812 = AXIS2_PLACEMENT_3D ( 'NONE', #1429, #2697, #1082 ) ;
#3813 = AXIS2_PLACEMENT_3D ( 'NONE', #1890, #2149, #4068 ) ;
#3814 = VERTEX_POINT ( 'NONE', #1049 ) ;
#3815 = CARTESIAN_POINT ( 'NONE',  ( -1.699999999999999956, 2.934361085619389797, -0.5000000000000000000 ) ) ;
#3816 = VECTOR ( 'NONE', #1705, 1000.000000000000000 ) ;
#3817 = DIRECTION ( 'NONE',  ( -1.000000000000000000, 0.000000000000000000, 0.000000000000000000 ) ) ;
#3818 = LINE ( 'NONE', #632, #2728 ) ;
#3819 = VERTEX_POINT ( 'NONE', #2646 ) ;
#3820 = AXIS2_PLACEMENT_3D ( 'NONE', #336, #2544, #3843 ) ;
#3821 = EDGE_LOOP ( 'NONE', ( #3708, #1949, #118, #370 ) ) ;
#3822 = CARTESIAN_POINT ( 'NONE',  ( -2.000000000000000000, -2.936507972946180267, -0.5000000000000000000 ) ) ;
#3823 = CARTESIAN_POINT ( 'NONE',  ( 2.439999999999999947, 0.2449999999999999956, -0.2390299093405380271 ) ) ;
#3824 = CIRCLE ( 'NONE', #2737, 0.02000000000000005246 ) ;
#3825 = LINE ( 'NONE', #619, #2009 ) ;
#3826 = DIRECTION ( 'NONE',  ( 0.000000000000000000, 0.000000000000000000, 1.000000000000000000 ) ) ;
#3827 =( NAMED_UNIT ( * ) PLANE_ANGLE_UNIT ( ) SI_UNIT ( $, .RADIAN. ) );
#3828 = VECTOR ( 'NONE', #2673, 1000.000000000000000 ) ;
#3829 = ORIENTED_EDGE ( 'NONE', *, *, #2531, .F. ) ;
#3830 = ORIENTED_EDGE ( 'NONE', *, *, #3363, .T. ) ;
#3831 = EDGE_CURVE ( 'NONE', #1692, #3956, #419, .T. ) ;
#3832 = FILL_AREA_STYLE_COLOUR ( '', #2608 ) ;
#3833 = FACE_OUTER_BOUND ( 'NONE', #1773, .T. ) ;
#3834 = VERTEX_POINT ( 'NONE', #2579 ) ;
#3836 = AXIS2_PLACEMENT_3D ( 'NONE', #1371, #3979, #1109 ) ;
#3835 = DIRECTION ( 'NONE',  ( -1.606225440719260007E-15, -1.000000000000000000, 0.000000000000000000 ) ) ;
#3837 = CARTESIAN_POINT ( 'NONE',  ( 2.439999999999999947, 0.2449999999999999956, -0.2200000000000000011 ) ) ;
#3838 = VERTEX_POINT ( 'NONE', #3251 ) ;
#3839 = EDGE_LOOP ( 'NONE', ( #3403, #3895, #420, #67, #409, #2245, #1756, #1387 ) ) ;
#3840 = ORIENTED_EDGE ( 'NONE', *, *, #2522, .T. ) ;
#3841 = CARTESIAN_POINT ( 'NONE',  ( -2.000000000000000000, -2.936507972946180267, -0.4699999999999999734 ) ) ;
#3842 = DIRECTION ( 'NONE',  ( -0.000000000000000000, 1.000000000000000000, 0.000000000000000000 ) ) ;
#3843 = DIRECTION ( 'NONE',  ( -1.000000000000000000, -1.239088197126295087E-14, 0.000000000000000000 ) ) ;
#3844 = CARTESIAN_POINT ( 'NONE',  ( 2.439999999999999947, -2.939999999999999947, -0.4699999999999999734 ) ) ;
#3845 = CARTESIAN_POINT ( 'NONE',  ( -2.439999999999999947, -2.939999999999999947, -0.2200000000000000011 ) ) ;
#3846 = FILL_AREA_STYLE ('',( #41 ) ) ;
#3847 =( LENGTH_UNIT ( ) NAMED_UNIT ( * ) SI_UNIT ( .MILLI., .METRE. ) );
#3848 = CARTESIAN_POINT ( 'NONE',  ( 2.389088080355100008, 2.889088080355100008, 0.02470117493522380053 ) ) ;
#3849 = CARTESIAN_POINT ( 'NONE',  ( 2.418492292649740083, 2.883684026311849724, 0.07977581084733080530 ) ) ;
#3850 = VERTEX_POINT ( 'NONE', #3621 ) ;
#3851 = VERTEX_POINT ( 'NONE', #1691 ) ;
#3852 = EDGE_CURVE ( 'NONE', #1607, #3294, #3622, .T. ) ;
#3853 = DIRECTION ( 'NONE',  ( 1.248042479380319792E-16, -1.000000000000000000, 0.000000000000000000 ) ) ;
#3854 = DIRECTION ( 'NONE',  ( 0.000000000000000000, 0.000000000000000000, -1.000000000000000000 ) ) ;
#3855 = EDGE_CURVE ( 'NONE', #1692, #3246, #1096, .T. ) ;
#3856 = ORIENTED_EDGE ( 'NONE', *, *, #1022, .F. ) ;
#3857 = DIRECTION ( 'NONE',  ( 0.000000000000000000, 0.000000000000000000, 1.000000000000000000 ) ) ;
#3858 = SURFACE_STYLE_USAGE ( .BOTH. , #33 ) ;
#3859 = CARTESIAN_POINT ( 'NONE',  ( 2.429269594412790223, 0.2200000000000000011, -0.5000000000000000000 ) ) ;
#3860 = FACE_OUTER_BOUND ( 'NONE', #2096, .T. ) ;
#3861 = VERTEX_POINT ( 'NONE', #1642 ) ;
#3862 = ORIENTED_EDGE ( 'NONE', *, *, #2638, .F. ) ;
#3863 = CARTESIAN_POINT ( 'NONE',  ( -2.439999999999999947, 2.919999999999999929, -0.1900000000000000022 ) ) ;
#3864 = DIRECTION ( 'NONE',  ( 1.000000000000000000, 4.336808689942010636E-15, 0.000000000000000000 ) ) ;
#3865 = DIRECTION ( 'NONE',  ( -1.245913441319900074E-14, 1.000000000000000000, 0.000000000000000000 ) ) ;
#3866 = DIRECTION ( 'NONE',  ( 1.000000000000000000, 0.000000000000000000, 0.000000000000000000 ) ) ;
#3867 = PLANE ( 'NONE',  #1807 ) ;
#3868 = CARTESIAN_POINT ( 'NONE',  ( 1.980488922046789835, 2.426592021952190148, 0.5000000000000000000 ) ) ;
#3869 = DIRECTION ( 'NONE',  ( 0.000000000000000000, 0.000000000000000000, 1.000000000000000000 ) ) ;
#3870 = ORIENTED_EDGE ( 'NONE', *, *, #1509, .T. ) ;
#3871 = ORIENTED_EDGE ( 'NONE', *, *, #3942, .T. ) ;
#3872 = VECTOR ( 'NONE', #3937, 1000.000000000000000 ) ;
#3873 = VECTOR ( 'NONE', #740, 1000.000000000000000 ) ;
#3874 = CARTESIAN_POINT ( 'NONE',  ( -1.674682176580450044, 2.934361085619389797, -0.4699999999999999734 ) ) ;
#3875 = EDGE_CURVE ( 'NONE', #3152, #1208, #3879, .T. ) ;
#3876 = VECTOR ( 'NONE', #3854, 1000.000000000000000 ) ;
#3877 = ORIENTED_EDGE ( 'NONE', *, *, #346, .F. ) ;
#3878 = DIRECTION ( 'NONE',  ( 0.000000000000000000, 0.000000000000000000, 1.000000000000000000 ) ) ;
#3879 = LINE ( 'NONE', #2273, #2795 ) ;
#3880 = EDGE_CURVE ( 'NONE', #2861, #3483, #2916, .T. ) ;
#3881 = LINE ( 'NONE', #700, #3457 ) ;
#3882 = MECHANICAL_DESIGN_GEOMETRIC_PRESENTATION_REPRESENTATION (  '', ( #2725 ), #932 ) ;
#3883 = CIRCLE ( 'NONE', #324, 0.03499999999999987843 ) ;
#3884 = ORIENTED_EDGE ( 'NONE', *, *, #1706, .F. ) ;
#3885 = EDGE_LOOP ( 'NONE', ( #1892, #452, #3752, #1526 ) ) ;
#3886 = COLOUR_RGB ( '',0.2000000000000000111, 0.2000000000000000111, 0.2000000000000000111 ) ;
#3887 = VECTOR ( 'NONE', #18, 1000.000000000000000 ) ;
#3888 = CARTESIAN_POINT ( 'NONE',  ( -0.4299999999999999933, 2.934361085619389797, -0.5000000000000000000 ) ) ;
#3889 = CYLINDRICAL_SURFACE ( 'NONE', #3141, 0.03499999999999999639 ) ;
#3890 = EDGE_CURVE ( 'NONE', #964, #3432, #1667, .T. ) ;
#3891 = EDGE_CURVE ( 'NONE', #1570, #2442, #3307, .T. ) ;
#3892 = CARTESIAN_POINT ( 'NONE',  ( -0.8400000000000000799, 2.939999999999999947, -0.2200000000000000011 ) ) ;
#3893 =( GEOMETRIC_REPRESENTATION_CONTEXT ( 3 ) GLOBAL_UNCERTAINTY_ASSIGNED_CONTEXT ( ( #1158 ) ) GLOBAL_UNIT_ASSIGNED_CONTEXT ( ( #1536, #647, #985 ) ) REPRESENTATION_CONTEXT ( 'NONE', 'WORKASPACE' ) );
#3894 = DIRECTION ( 'NONE',  ( 0.000000000000000000, 0.000000000000000000, 1.000000000000000000 ) ) ;
#3895 = ORIENTED_EDGE ( 'NONE', *, *, #167, .T. ) ;
#3896 = LINE ( 'NONE', #1258, #203 ) ;
#3897 = CARTESIAN_POINT ( 'NONE',  ( 2.000000000000000000, -2.936507972946180267, -0.4699999999999999734 ) ) ;
#3898 = VECTOR ( 'NONE', #1138, 1000.000000000000000 ) ;
#3899 = FACE_OUTER_BOUND ( 'NONE', #2942, .T. ) ;
#3900 = PLANE ( 'NONE',  #3836 ) ;
#3901 = DIRECTION ( 'NONE',  ( 0.000000000000000000, 0.000000000000000000, 1.000000000000000000 ) ) ;
#3902 = EDGE_LOOP ( 'NONE', ( #3437, #524, #767, #3174 ) ) ;
#3903 = AXIS2_PLACEMENT_3D ( 'NONE', #1761, #1444, #2713 ) ;
#3904 = ORIENTED_EDGE ( 'NONE', *, *, #2231, .F. ) ;
#3905 = AXIS2_PLACEMENT_3D ( 'NONE', #643, #2206, #3443 ) ;
#3906 = VECTOR ( 'NONE', #3757, 1000.000000000000000 ) ;
#3907 = DIRECTION ( 'NONE',  ( 0.000000000000000000, -1.000000000000000000, 0.000000000000000000 ) ) ;
#3908 = PRESENTATION_LAYER_ASSIGNMENT (  '', '', ( #20 ) ) ;
#3909 = DIRECTION ( 'NONE',  ( 0.000000000000000000, 0.000000000000000000, 1.000000000000000000 ) ) ;
#3910 = LINE ( 'NONE', #2293, #565 ) ;
#3911 = FILL_AREA_STYLE_COLOUR ( '', #1212 ) ;
#3912 = VERTEX_POINT ( 'NONE', #3574 ) ;
#3913 = PRESENTATION_LAYER_ASSIGNMENT (  '', '', ( #1161 ) ) ;
#3914 = VERTEX_POINT ( 'NONE', #1992 ) ;
#3915 = MANIFOLD_SOLID_BREP ( 'NVMFS5C646NLAFT1G.stp', #2353 ) ;
#3916 = CARTESIAN_POINT ( 'NONE',  ( 2.034999999999999698, -2.936507972946180267, -0.5000000000000000000 ) ) ;
#3917 = ORIENTED_EDGE ( 'NONE', *, *, #125, .T. ) ;
#3918 = EDGE_LOOP ( 'NONE', ( #3444, #903, #2373, #2721 ) ) ;
#3919 = ADVANCED_FACE ( 'NONE', ( #2707 ), #2309, .T. ) ;
#3920 = DIRECTION ( 'NONE',  ( 0.000000000000000000, 0.000000000000000000, 1.000000000000000000 ) ) ;
#3921 = PLANE ( 'NONE',  #938 ) ;
#3922 = EDGE_CURVE ( 'NONE', #2574, #1213, #3370, .T. ) ;
#3923 = DIRECTION ( 'NONE',  ( -1.000000000000000000, 0.000000000000000000, 0.000000000000000000 ) ) ;
#3924 = EDGE_CURVE ( 'NONE', #3769, #3861, #3985, .T. ) ;
#3925 = CARTESIAN_POINT ( 'NONE',  ( 1.674682176580450044, 2.500000000000000000, -0.4699999999999999734 ) ) ;
#3926 = ORIENTED_EDGE ( 'NONE', *, *, #1089, .F. ) ;
#3927 = DIRECTION ( 'NONE',  ( -1.000000000000000000, -4.336808689942040613E-15, 0.000000000000000000 ) ) ;
#3928 = ORIENTED_EDGE ( 'NONE', *, *, #2093, .T. ) ;
#3929 = ORIENTED_EDGE ( 'NONE', *, *, #392, .F. ) ;
#3930 = LINE ( 'NONE', #1713, #4066 ) ;
#3931 = SURFACE_SIDE_STYLE ('',( #1053 ) ) ;
#3932 = CARTESIAN_POINT ( 'NONE',  ( 2.439999999999999947, -2.919999999999999929, -0.2390299093405380271 ) ) ;
#3933 = CYLINDRICAL_SURFACE ( 'NONE', #805, 0.03499999999999998251 ) ;
#3934 = EDGE_CURVE ( 'NONE', #657, #1823, #209, .T. ) ;
#3935 = VERTEX_POINT ( 'NONE', #850 ) ;
#3936 = ORIENTED_EDGE ( 'NONE', *, *, #754, .F. ) ;
#3937 = DIRECTION ( 'NONE',  ( 0.000000000000000000, 0.000000000000000000, 1.000000000000000000 ) ) ;
#3938 = PLANE ( 'NONE',  #3705 ) ;
#3939 = DIRECTION ( 'NONE',  ( 0.000000000000000000, 0.000000000000000000, 1.000000000000000000 ) ) ;
#3940 = EDGE_CURVE ( 'NONE', #531, #1172, #2077, .T. ) ;
#3941 = PLANE ( 'NONE',  #83 ) ;
#3942 = EDGE_CURVE ( 'NONE', #2356, #3487, #1438, .T. ) ;
#3943 = CARTESIAN_POINT ( 'NONE',  ( -0.4299999999999999933, 2.939999999999999947, -0.2390299093405380271 ) ) ;
#3944 =( GEOMETRIC_REPRESENTATION_CONTEXT ( 3 ) GLOBAL_UNCERTAINTY_ASSIGNED_CONTEXT ( ( #502 ) ) GLOBAL_UNIT_ASSIGNED_CONTEXT ( ( #1765, #3977, #2365 ) ) REPRESENTATION_CONTEXT ( 'NONE', 'WORKASPACE' ) );
#3945 = CARTESIAN_POINT ( 'NONE',  ( -2.109999999999999876, 2.934361085619389797, -0.5000000000000000000 ) ) ;
#3946 = ORIENTED_EDGE ( 'NONE', *, *, #3983, .T. ) ;
#3947 = CARTESIAN_POINT ( 'NONE',  ( 2.000000000000000000, -3.075000000000000178, -0.5000000000000000000 ) ) ;
#3948 = EDGE_CURVE ( 'NONE', #3146, #199, #1894, .T. ) ;
#3949 = CIRCLE ( 'NONE', #3177, 0.03499999999999999639 ) ;
#3950 = ORIENTED_EDGE ( 'NONE', *, *, #2719, .F. ) ;
#3951 = ORIENTED_EDGE ( 'NONE', *, *, #3780, .T. ) ;
#3952 = DIRECTION ( 'NONE',  ( -1.000000000000000000, 0.000000000000000000, 0.000000000000000000 ) ) ;
#3953 = DIRECTION ( 'NONE',  ( -8.886903053159868833E-17, 1.000000000000000000, 0.000000000000000000 ) ) ;
#3954 = VECTOR ( 'NONE', #2576, 1000.000000000000000 ) ;
#3955 = SURFACE_SIDE_STYLE ('',( #1428 ) ) ;
#3956 = VERTEX_POINT ( 'NONE', #181 ) ;
#3957 = VECTOR ( 'NONE', #2767, 1000.000000000000000 ) ;
#3958 = EDGE_LOOP ( 'NONE', ( #3766, #207, #2478, #1742 ) ) ;
#3959 =( GEOMETRIC_REPRESENTATION_CONTEXT ( 3 ) GLOBAL_UNCERTAINTY_ASSIGNED_CONTEXT ( ( #3315 ) ) GLOBAL_UNIT_ASSIGNED_CONTEXT ( ( #844, #2937, #1045 ) ) REPRESENTATION_CONTEXT ( 'NONE', 'WORKASPACE' ) );
#3960 = UNCERTAINTY_MEASURE_WITH_UNIT (LENGTH_MEASURE( 1.000000000000000082E-05 ), #922, 'distance_accuracy_value', 'NONE');
#3961 = DIRECTION ( 'NONE',  ( -1.000000000000000000, 0.000000000000000000, 0.000000000000000000 ) ) ;
#3962 = CARTESIAN_POINT ( 'NONE',  ( -2.439999999999999947, 0.2449999999999999956, -0.5000000000000000000 ) ) ;
#3963 = VECTOR ( 'NONE', #2803, 1000.000000000000000 ) ;
#3964 = VECTOR ( 'NONE', #3219, 1000.000000000000114 ) ;
#3965 = DIRECTION ( 'NONE',  ( 0.000000000000000000, 0.000000000000000000, 1.000000000000000000 ) ) ;
#3966 = DIRECTION ( 'NONE',  ( 1.000000000000000000, 0.000000000000000000, 0.000000000000000000 ) ) ;
#3967 = VECTOR ( 'NONE', #1462, 1000.000000000000000 ) ;
#3968 = DIRECTION ( 'NONE',  ( 0.000000000000000000, 1.000000000000000000, 0.000000000000000000 ) ) ;
#3969 = SPHERICAL_SURFACE ( 'NONE', #2263, 0.03499999999999999639 ) ;
#3970 = CARTESIAN_POINT ( 'NONE',  ( -2.575000000000000178, 0.2449999999999999956, -0.5000000000000000000 ) ) ;
#3971 = CARTESIAN_POINT ( 'NONE',  ( 0.4299999999999999933, 2.934361085619389797, -0.5000000000000000000 ) ) ;
#3972 = EDGE_CURVE ( 'NONE', #2679, #3039, #2763, .T. ) ;
#3973 = COLOUR_RGB ( '',0.2000000000000000111, 0.2000000000000000111, 0.2000000000000000111 ) ;
#3974 = ORIENTED_EDGE ( 'NONE', *, *, #165, .T. ) ;
#3975 = CARTESIAN_POINT ( 'NONE',  ( -2.000000000000000000, 1.149999999999999911, -0.5000000000000000000 ) ) ;
#3976 = CARTESIAN_POINT ( 'NONE',  ( 2.000000000000000000, 1.149999999999999911, -0.5000000000000000000 ) ) ;
#3977 =( NAMED_UNIT ( * ) PLANE_ANGLE_UNIT ( ) SI_UNIT ( $, .RADIAN. ) );
#3978 = PLANE ( 'NONE',  #3084 ) ;
#3979 = DIRECTION ( 'NONE',  ( 4.928191693115929783E-16, 1.000000000000000000, 0.000000000000000000 ) ) ;
#3980 =( NAMED_UNIT ( * ) PLANE_ANGLE_UNIT ( ) SI_UNIT ( $, .RADIAN. ) );
#3981 = PRESENTATION_LAYER_ASSIGNMENT (  '', '', ( #1107 ) ) ;
#3982 = DIRECTION ( 'NONE',  ( -1.000000000000000000, 0.000000000000000000, 0.000000000000000000 ) ) ;
#3983 = EDGE_CURVE ( 'NONE', #3246, #2458, #881, .T. ) ;
#3984 = CARTESIAN_POINT ( 'NONE',  ( 1.980488922046789835, 2.426592021952190148, 0.4775565596233640187 ) ) ;
#3985 = LINE ( 'NONE', #2686, #1745 ) ;
#3986 = ORIENTED_EDGE ( 'NONE', *, *, #1641, .F. ) ;
#3987 = ORIENTED_EDGE ( 'NONE', *, *, #2227, .T. ) ;
#3988 = LINE ( 'NONE', #1079, #2318 ) ;
#3989 = CARTESIAN_POINT ( 'NONE',  ( 2.439999999999999947, -2.939999999999999947, -0.2200000000000000011 ) ) ;
#3990 = EDGE_CURVE ( 'NONE', #2709, #3956, #3709, .T. ) ;
#3991 = CARTESIAN_POINT ( 'NONE',  ( 1.554999999999999938, -2.500000000000000000, -0.5000000000000000000 ) ) ;
#3992 = CARTESIAN_POINT ( 'NONE',  ( 0.8653178234195509910, 2.500000000000000000, -0.4699999999999999734 ) ) ;
#3993 = ORIENTED_EDGE ( 'NONE', *, *, #939, .F. ) ;
#3994 = ORIENTED_EDGE ( 'NONE', *, *, #3479, .F. ) ;
#3995 = PLANE ( 'NONE',  #2383 ) ;
#3996 = DIRECTION ( 'NONE',  ( 1.000000000000000000, 0.000000000000000000, 0.000000000000000000 ) ) ;
#3997 = CARTESIAN_POINT ( 'NONE',  ( 0.8400000000000000799, 2.939999999999999947, -0.4699999999999999734 ) ) ;
#3998 = DIRECTION ( 'NONE',  ( 0.000000000000000000, 1.000000000000000000, 0.000000000000000000 ) ) ;
#3999 = FACE_OUTER_BOUND ( 'NONE', #2022, .T. ) ;
#4000 = CARTESIAN_POINT ( 'NONE',  ( 2.412038606604139712, -2.946846872942029627, -0.1900000000000000022 ) ) ;
#4001 = ORIENTED_EDGE ( 'NONE', *, *, #3170, .F. ) ;
#4002 = ORIENTED_EDGE ( 'NONE', *, *, #3388, .F. ) ;
#4003 = APPLICATION_PROTOCOL_DEFINITION ( 'draft international standard', 'automotive_design', 1998, #384 ) ;
#4004 = DIRECTION ( 'NONE',  ( 0.000000000000000000, 0.000000000000000000, 1.000000000000000000 ) ) ;
#4005 = UNCERTAINTY_MEASURE_WITH_UNIT (LENGTH_MEASURE( 1.000000000000000082E-05 ), #2879, 'distance_accuracy_value', 'NONE');
#4006 = DIRECTION ( 'NONE',  ( 0.000000000000000000, -1.000000000000000000, 0.000000000000000000 ) ) ;
#4007 = CIRCLE ( 'NONE', #1322, 0.03499999999999998251 ) ;
#4008 = LINE ( 'NONE', #217, #1345 ) ;
#4009 = LINE ( 'NONE', #2476, #2519 ) ;
#4010 = ORIENTED_EDGE ( 'NONE', *, *, #2989, .F. ) ;
#4011 = ORIENTED_EDGE ( 'NONE', *, *, #3249, .F. ) ;
#4012 = VECTOR ( 'NONE', #2488, 1000.000000000000000 ) ;
#4013 = DIRECTION ( 'NONE',  ( 0.000000000000000000, 1.000000000000000000, 0.000000000000000000 ) ) ;
#4014 = EDGE_CURVE ( 'NONE', #1602, #3079, #3406, .T. ) ;
#4015 = CARTESIAN_POINT ( 'NONE',  ( -2.034999999999999698, -2.936507972946180267, -0.4699999999999999734 ) ) ;
#4016 = VECTOR ( 'NONE', #3767, 1000.000000000000000 ) ;
#4017 = LINE ( 'NONE', #2069, #3610 ) ;
#4018 = VECTOR ( 'NONE', #276, 1000.000000000000114 ) ;
#4019 = PRESENTATION_LAYER_ASSIGNMENT (  '', '', ( #80 ) ) ;
#4020 = PRESENTATION_LAYER_ASSIGNMENT (  '', '', ( #1941 ) ) ;
#4021 = DIRECTION ( 'NONE',  ( 0.000000000000000000, 1.000000000000000000, 0.000000000000000000 ) ) ;
#4022 = ORIENTED_EDGE ( 'NONE', *, *, #3765, .T. ) ;
#4023 = AXIS2_PLACEMENT_3D ( 'NONE', #1018, #1319, #360 ) ;
#4024 = DIRECTION ( 'NONE',  ( 1.248042479380319792E-16, -1.000000000000000000, 0.000000000000000000 ) ) ;
#4025 = STYLED_ITEM ( 'NONE', ( #3772 ), #3594 ) ;
#4026 = VERTEX_POINT ( 'NONE', #2117 ) ;
#4027 = VECTOR ( 'NONE', #4024, 1000.000000000000000 ) ;
#4028 = DIRECTION ( 'NONE',  ( -1.000000000000000000, 0.000000000000000000, 0.000000000000000000 ) ) ;
#4029 = LINE ( 'NONE', #1159, #3536 ) ;
#4030 = DIRECTION ( 'NONE',  ( 0.000000000000000000, -1.000000000000000000, 0.000000000000000000 ) ) ;
#4031 = MECHANICAL_DESIGN_GEOMETRIC_PRESENTATION_REPRESENTATION (  '', ( #2341 ), #92 ) ;
#4032 = LINE ( 'NONE', #1814, #3077 ) ;
#4033 = PLANE ( 'NONE',  #535 ) ;
#4034 = CARTESIAN_POINT ( 'NONE',  ( 0.4299999999999999933, 2.939999999999999947, -0.2200000000000000011 ) ) ;
#4035 = ORIENTED_EDGE ( 'NONE', *, *, #1437, .T. ) ;
#4036 = ADVANCED_FACE ( 'NONE', ( #3660 ), #800, .T. ) ;
#4037 = DIRECTION ( 'NONE',  ( 0.000000000000000000, 0.000000000000000000, 1.000000000000000000 ) ) ;
#4038 = ORIENTED_EDGE ( 'NONE', *, *, #987, .T. ) ;
#4039 = ADVANCED_FACE ( 'NONE', ( #2814 ), #2487, .T. ) ;
#4040 = DIRECTION ( 'NONE',  ( -4.336808689942020891E-15, -1.000000000000000000, 0.000000000000000000 ) ) ;
#4041 = AXIS2_PLACEMENT_3D ( 'NONE', #3552, #1379, #115 ) ;
#4042 = DIRECTION ( 'NONE',  ( 0.000000000000000000, 0.000000000000000000, 1.000000000000000000 ) ) ;
#4043 = EDGE_CURVE ( 'NONE', #1549, #1571, #626, .T. ) ;
#4044 = ORIENTED_EDGE ( 'NONE', *, *, #895, .T. ) ;
#4045 = EDGE_LOOP ( 'NONE', ( #755, #711, #1294, #99 ) ) ;
#4046 = SURFACE_SIDE_STYLE ('',( #1461 ) ) ;
#4047 = CARTESIAN_POINT ( 'NONE',  ( 1.590000000000000080, -2.500000000000000000, -0.4699999999999999734 ) ) ;
#4048 = LINE ( 'NONE', #853, #197 ) ;
#4049 = VERTEX_POINT ( 'NONE', #321 ) ;
#4050 = ORIENTED_EDGE ( 'NONE', *, *, #3170, .T. ) ;
#4051 = EDGE_CURVE ( 'NONE', #2709, #3573, #1599, .T. ) ;
#4052 = CARTESIAN_POINT ( 'NONE',  ( 2.439999999999999947, 2.919999999999999929, -0.1900000000000000022 ) ) ;
#4053 = VERTEX_POINT ( 'NONE', #4108 ) ;
#4054 = CARTESIAN_POINT ( 'NONE',  ( -0.4299999999999999933, 2.939999999999999947, -0.5000000000000000000 ) ) ;
#4055 = EDGE_CURVE ( 'NONE', #1975, #2539, #2778, .T. ) ;
#4056 = VERTEX_POINT ( 'NONE', #4074 ) ;
#4057 = ADVANCED_FACE ( 'NONE', ( #29 ), #2229, .F. ) ;
#4058 =( NAMED_UNIT ( * ) SI_UNIT ( $, .STERADIAN. ) SOLID_ANGLE_UNIT ( ) );
#4059 = VERTEX_POINT ( 'NONE', #3155 ) ;
#4060 = EDGE_CURVE ( 'NONE', #3573, #2458, #1272, .T. ) ;
#4061 = DIRECTION ( 'NONE',  ( 1.000000000000000000, 0.000000000000000000, 0.000000000000000000 ) ) ;
#4062 = FACE_OUTER_BOUND ( 'NONE', #4045, .T. ) ;
#4063 = ORIENTED_EDGE ( 'NONE', *, *, #2248, .F. ) ;
#4064 = CARTESIAN_POINT ( 'NONE',  ( 2.383684026311849724, -2.883684026311849724, 0.07611731463296289579 ) ) ;
#4065 = DIRECTION ( 'NONE',  ( 1.000000000000000000, 0.000000000000000000, 0.000000000000000000 ) ) ;
#4066 = VECTOR ( 'NONE', #2945, 1000.000000000000000 ) ;
#4067 = VERTEX_POINT ( 'NONE', #2837 ) ;
#4068 = DIRECTION ( 'NONE',  ( 0.000000000000000000, 0.000000000000000000, 1.000000000000000000 ) ) ;
#4069 = AXIS2_PLACEMENT_3D ( 'NONE', #696, #280, #4109 ) ;
#4070 = AXIS2_PLACEMENT_3D ( 'NONE', #1451, #3723, #859 ) ;
#4071 = ORIENTED_EDGE ( 'NONE', *, *, #1870, .F. ) ;
#4072 = EDGE_LOOP ( 'NONE', ( #2418, #440, #1664, #2654 ) ) ;
#4073 = MECHANICAL_DESIGN_GEOMETRIC_PRESENTATION_REPRESENTATION (  '', ( #323 ), #2142 ) ;
#4074 = CARTESIAN_POINT ( 'NONE',  ( -0.4299999999999999933, 3.075000000000000178, -0.5000000000000000000 ) ) ;
#4075 = AXIS2_PLACEMENT_3D ( 'NONE', #2159, #4079, #1135 ) ;
#4076 = ADVANCED_FACE ( 'NONE', ( #1550 ), #2532, .T. ) ;
#4077 = ORIENTED_EDGE ( 'NONE', *, *, #2165, .F. ) ;
#4078 = CARTESIAN_POINT ( 'NONE',  ( 1.980488922046789835, 2.426592021952190148, 0.4775565596233640187 ) ) ;
#4079 = DIRECTION ( 'NONE',  ( 0.1039620511844971951, -0.1039620511844980000, -0.9891328443778539814 ) ) ;
#4080 = CARTESIAN_POINT ( 'NONE',  ( -2.439999999999999947, 0.6550000000000000266, -0.2200000000000000011 ) ) ;
#4081 = CARTESIAN_POINT ( 'NONE',  ( 2.419999999999999929, -2.919999999999999929, -0.4699999999999999734 ) ) ;
#4082 = EDGE_CURVE ( 'NONE', #2054, #3935, #1636, .T. ) ;
#4083 = AXIS2_PLACEMENT_3D ( 'NONE', #1871, #2866, #262 ) ;
#4084 = VERTEX_POINT ( 'NONE', #1004 ) ;
#4085 = VECTOR ( 'NONE', #4030, 1000.000000000000000 ) ;
#4086 = PLANE ( 'NONE',  #328 ) ;
#4087 = LINE ( 'NONE', #1223, #4018 ) ;
#4088 = VERTEX_POINT ( 'NONE', #3200 ) ;
#4089 = CARTESIAN_POINT ( 'NONE',  ( 1.590000000000000080, -2.500000000000000000, -0.5000000000000000000 ) ) ;
#4090 = DIRECTION ( 'NONE',  ( 0.000000000000000000, 0.000000000000000000, 1.000000000000000000 ) ) ;
#4091 = VECTOR ( 'NONE', #533, 1000.000000000000000 ) ;
#4092 = ORIENTED_EDGE ( 'NONE', *, *, #2614, .F. ) ;
#4093 = ORIENTED_EDGE ( 'NONE', *, *, #3990, .T. ) ;
#4094 = DIRECTION ( 'NONE',  ( -0.000000000000000000, 1.000000000000000000, 0.000000000000000000 ) ) ;
#4095 = ADVANCED_FACE ( 'NONE', ( #2909 ), #2603, .T. ) ;
#4096 = STYLED_ITEM ( 'NONE', ( #2903 ), #733 ) ;
#4097 = EDGE_LOOP ( 'NONE', ( #2267, #1423, #3175, #1100 ) ) ;
#4098 = CARTESIAN_POINT ( 'NONE',  ( -1.674682176580450044, 2.934361085619389797, -0.5000000000000000000 ) ) ;
#4099 = ADVANCED_FACE ( 'NONE', ( #694 ), #69, .F. ) ;
#4100 = FACE_OUTER_BOUND ( 'NONE', #3958, .T. ) ;
#4101 = VERTEX_POINT ( 'NONE', #1356 ) ;
#4102 = ADVANCED_FACE ( 'NONE', ( #1029 ), #487, .T. ) ;
#4103 = ORIENTED_EDGE ( 'NONE', *, *, #1917, .F. ) ;
#4104 = FACE_OUTER_BOUND ( 'NONE', #1142, .T. ) ;
#4105 = ADVANCED_FACE ( 'NONE', ( #3045 ), #2102, .T. ) ;
#4106 = ORIENTED_EDGE ( 'NONE', *, *, #845, .T. ) ;
#4107 = ORIENTED_EDGE ( 'NONE', *, *, #213, .F. ) ;
#4108 = CARTESIAN_POINT ( 'NONE',  ( 0.8400000000000000799, 2.934361085619389797, -0.4699999999999999734 ) ) ;
#4109 = DIRECTION ( 'NONE',  ( 1.000000000000000000, 0.000000000000000000, 0.000000000000000000 ) ) ;
#4110 = ORIENTED_EDGE ( 'NONE', *, *, #3110, .T. ) ;
#4111 = DIRECTION ( 'NONE',  ( 0.000000000000000000, 0.000000000000000000, -1.000000000000000000 ) ) ;
#4112 = DIRECTION ( 'NONE',  ( -0.000000000000000000, 1.000000000000000000, 0.000000000000000000 ) ) ;
#4113 = SURFACE_SIDE_STYLE ('',( #4120 ) ) ;
#4114 = DIRECTION ( 'NONE',  ( 7.375524982894588548E-17, 1.000000000000000000, 0.000000000000000000 ) ) ;
#4115 = CARTESIAN_POINT ( 'NONE',  ( 2.000000000000000000, 0.6800000000000000488, -0.5000000000000000000 ) ) ;
#4116 = ORIENTED_EDGE ( 'NONE', *, *, #3922, .F. ) ;
#4117 = EDGE_LOOP ( 'NONE', ( #1228, #4050, #3862, #1415, #1077, #2216 ) ) ;
#4118 = ORIENTED_EDGE ( 'NONE', *, *, #1471, .F. ) ;
#4119 = CARTESIAN_POINT ( 'NONE',  ( -2.575000000000000178, 0.2449999999999999956, -0.2200000000000000011 ) ) ;
#4120 = SURFACE_STYLE_FILL_AREA ( #2827 ) ;
#4121 =( NAMED_UNIT ( * ) PLANE_ANGLE_UNIT ( ) SI_UNIT ( $, .RADIAN. ) );
#4122 = DIRECTION ( 'NONE',  ( 1.000000000000000000, 1.606225440719260007E-15, 0.000000000000000000 ) ) ;
#4123 = EDGE_CURVE ( 'NONE', #3814, #3838, #3390, .T. ) ;
#4124 = COLOUR_RGB ( '',0.2000000000000000111, 0.2000000000000000111, 0.2000000000000000111 ) ;
#4125 = FILL_AREA_STYLE ('',( #1932 ) ) ;
#4126 = DIRECTION ( 'NONE',  ( 1.000000000000000000, 0.000000000000000000, 0.000000000000000000 ) ) ;
#4127 = VECTOR ( 'NONE', #768, 1000.000000000000114 ) ;
#4128 = FILL_AREA_STYLE ('',( #2832 ) ) ;
#4129 = VECTOR ( 'NONE', #2023, 1000.000000000000000 ) ;
#4130 = ORIENTED_EDGE ( 'NONE', *, *, #1924, .F. ) ;
#4131 = ORIENTED_EDGE ( 'NONE', *, *, #1901, .F. ) ;
#4132 = LINE ( 'NONE', #1812, #1967 ) ;
#4133 =( GEOMETRIC_REPRESENTATION_CONTEXT ( 3 ) GLOBAL_UNCERTAINTY_ASSIGNED_CONTEXT ( ( #1056 ) ) GLOBAL_UNIT_ASSIGNED_CONTEXT ( ( #1226, #913, #1866 ) ) REPRESENTATION_CONTEXT ( 'NONE', 'WORKASPACE' ) );
#4134 = SURFACE_STYLE_FILL_AREA ( #1174 ) ;
#4135 = LINE ( 'NONE', #2230, #320 ) ;
ENDSEC;
END-ISO-10303-21;
